,datas,caixa_equivalentes_caixa,ativo_total,divida_curto_prazo,divida_longo_razo,divida_bruta,divida_liquida,patrimonio_liquido,valor_patrimonial_acao,acoes_ordinarias,acoes_preferenciais,total_acoes,tic
0,31/03/2024,12840.0,133820.0,1650.0,2170.0,3820.0,-  9.03 B,86590.0,5.50,15.757.657.000,0,15.757.657.000,ABEV3
1,31/12/2023,16059.999999999998,132640.0,1300.0,2200.0,3500.0,-  12.56 B,78970.0,5.01,15.753.833.000,0,15.753.833.000,ABEV3
2,30/09/2023,17410.0,137910.0,1240.0,2480.0,3720.0,-  13.70 B,90250.0,5.73,15.753.833.000,0,15.753.833.000,ABEV3
3,30/06/2023,12120.0,133290.0,1320.0,2670.0,3990.0,-  8.12 B,85070.0,5.40,15.753.833.000,0,15.753.833.000,ABEV3
4,31/03/2023,12210.0,135470.0,1140.0,2650.0,3790.0,-  8.42 B,85000.0,5.40,15.753.833.000,0,15.753.833.000,ABEV3
5,31/12/2022,14930.0,137960.0,982.57,2790.0,3770.0,-  11.16 B,81960.0,5.20,15.750.217.000,0,15.750.217.000,ABEV3
6,30/09/2022,17710.0,142060.0,761.51,2220.0,2980.0,-  14.73 B,90180.0,5.73,15.750.217.000,0,15.750.217.000,ABEV3
7,30/06/2022,14130.0,136630.0,894.36,2300.0,3200.0,-  10.93 B,86260.0,5.48,15.750.217.000,0,15.750.217.000,ABEV3
8,31/03/2022,12890.0,127400.0,815.86,2170.0,2990.0,-  9.90 B,78920.0,5.01,15.750.217.000,0,15.750.217.000,ABEV3
9,31/12/2021,16630.0,138600.0,847.12,2250.0,3100.0,-  13.53 B,82640.0,5.25,15.744.452.000,0,15.744.452.000,ABEV3
10,30/09/2021,17960.0,135130.0,889.26,2140.0,3030.0,-  14.93 B,86770.0,5.51,15.741.455.000,0,15.741.455.000,ABEV3
11,30/06/2021,13270.0,124440.0,854.76,2140.0,2990.0,-  10.28 B,78890.0,5.01,15.741.455.000,0,15.741.455.000,ABEV3
12,31/03/2021,17290.0,133420.0,2600.0,2430.0,5030.0,-  12.26 B,82040.0,5.21,15.739.243.000,0,15.739.243.000,ABEV3
13,31/12/2020,17090.0,125200.0,2740.0,2050.0,4790.0,-  12.30 B,73820.0,4.69,15.735.118.000,0,15.735.118.000,ABEV3
14,30/09/2020,21660.0,127060.0,4320.0,2540.0,6860.0,-  14.81 B,78010.0,4.96,15.735.118.000,0,15.735.118.000,ABEV3
15,30/06/2020,17440.0,121390.0,4120.0,2660.0,6780.0,-  10.66 B,73920.0,4.70,15.735.118.000,0,15.735.118.000,ABEV3
16,31/03/2020,13200.0,113690.0,780.09,2690.0,3470.0,-  9.73 B,70360.0,4.47,15.735.118.000,0,15.735.118.000,ABEV3
17,31/12/2019,11900.0,101740.0,653.15,2410.0,3060.0,-  8.84 B,61280.0,3.89,15.733.575.000,0,15.733.575.000,ABEV3
18,30/09/2019,15020.0,102480.0,1720.0,2370.0,4090.0,-  10.93 B,65750.0,4.18,15.733.575.000,0,15.733.575.000,ABEV3
19,30/06/2019,14230.0,98740.0,2560.0,2330.0,4900.0,-  9.34 B,61630.0,3.92,15.727.523.000,0,15.727.523.000,ABEV3
20,31/03/2019,12820.0,96910.0,2660.0,2430.0,5090.0,-  7.74 B,59110.0,3.76,15.726.842.000,0,15.726.842.000,ABEV3
21,31/12/2018,11460.0,94130.0,1560.0,862.14,2420.0,-  9.04 B,56340.0,3.58,15.722.147.000,0,15.722.147.000,ABEV3
22,30/09/2018,12230.0,95690.0,3740.0,1250.0,4980.0,-  7.25 B,58960.0,3.75,15.722.147.000,0,15.722.147.000,ABEV3
23,30/06/2018,10620.0,90920.0,3720.0,1140.0,4860.0,-  5.76 B,52260.0,3.32,15.722.147.000,0,15.722.147.000,ABEV3
24,31/03/2018,7950.0,82380.0,3280.0,1190.0,4470.0,-  3.49 B,48820.0,3.11,15.722.147.000,0,15.722.147.000,ABEV3
25,31/12/2017,10350.0,86850.0,1320.0,1230.0,2550.0,-  7.80 B,46010.0,2.93,15.717.615.000,0,15.717.615.000,ABEV3
26,30/09/2017,8340.0,83020.0,1970.0,1360.0,3330.0,-  5.01 B,47170.0,3.00,15.717.615.000,0,15.717.615.000,ABEV3
27,30/06/2017,8760.0,84120.0,3590.0,1330.0,4920.0,-  3.84 B,47770.0,3.04,15.717.615.000,0,15.717.615.000,ABEV3
28,31/03/2017,7230.0,80730.0,3470.0,1660.0,5130.0,-  2.10 B,46840.0,2.98,15.717.615.000,0,15.717.615.000,ABEV3
29,31/12/2016,7880.0,83840.0,3630.0,1770.0,5400.0,-  2.48 B,44830.0,2.85,15.717.615.000,0,15.717.615.000,ABEV3
30,30/09/2016,7290.0,79110.0,2520.0,1690.0,4210.0,-  3.08 B,47430.0,3.02,15.717.615.000,0,15.717.615.000,ABEV3
31,30/06/2016,5730.0,76660.0,1670.0,1970.0,3630.0,-  2.10 B,44300.0,2.82,15.717.615.000,0,15.717.615.000,ABEV3
32,31/03/2016,6010.0,80250.0,1670.0,2290.0,3960.0,-  2.05 B,47080.0,3.00,15.717.615.000,0,15.717.615.000,ABEV3
33,31/12/2015,13620.0,90180.0,1280.0,2320.0,3600.0,-  10.02 B,48330.0,3.08,15.717.615.000,0,15.717.615.000,ABEV3
34,30/09/2015,9680.0,88040.0,997.33,1990.0,2990.0,-  6.70 B,48270.0,3.07,15.717.615.000,0,15.717.615.000,ABEV3
35,30/06/2015,6900.0,74440.0,1060.0,1610.0,2670.0,-  4.23 B,44190.0,2.81,15.717.615.000,0,15.717.615.000,ABEV3
36,31/03/2015,6970.0,75100.0,994.52,1700.0,2690.0,-  4.28 B,44320.0,2.82,15.717.615.000,0,15.717.615.000,ABEV3
37,31/12/2014,9720.0,72140.0,988.06,1630.0,2620.0,-  7.10 B,42220.0,2.69,15.712.619.000,0,15.712.619.000,ABEV3
38,30/09/2014,5750.0,65129.99999999999,794.89,1720.0,2510.0,-  3.23 B,42400.0,2.70,15.699.508.000,0,15.699.508.000,ABEV3
39,30/06/2014,6270.0,62990.0,869.69,1790.0,2660.0,-  3.62 B,40810.0,2.60,15.670.883.000,0,15.670.883.000,ABEV3
40,31/03/2014,7300.0,63300.0,922.27,1830.0,2750.0,-  4.54 B,38920.0,2.48,15.666.170.000,0,15.666.170.000,ABEV3
41,31/12/2013,11290.0,68670.0,1040.0,1850.0,2890.0,-  8.39 B,42840.0,2.74,15.644.280.000,0,15.644.280.000,ABEV3
42,30/09/2013,4840.0,59620.0,897.85,2100.0,3000.0,-  1.84 B,38630.0,3.99,9.693.598.000,0,9.693.598.000,ABEV3
43,30/06/2013,4480.0,58740.0,897.0,2110.0,3010.0,-  1.47 B,26630.0,2.75,9.693.598.000,0,9.693.598.000,ABEV3
44,31/03/2013,74.2,1340.0,,,,-  74.20 M,958.63,3.85,249.061.000,0,249.061.000,ABEV3
45,31/12/2012,48.16,1350.0,,,,-  48.16 M,977.21,3.92,249.061.000,0,249.061.000,ABEV3
0,31/03/2024,1340.0,20900.0,4970.0,22610.0,27580.0,26.24 B,-22370.0,-  17.69,928.965.058,335.750.796,1.264.715.854,AZUL4
1,31/12/2023,1900.0,20530.0,4810.0,20060.0,24870.0,22.97 B,-21330.0,-  16.86,928.965.058,335.747.796,1.264.712.854,AZUL4
2,30/09/2023,1400.0,19610.0,4950.0,21620.0,26580.0,25.18 B,-21290.0,-  16.83,928.965.058,335.747.796,1.264.712.854,AZUL4
3,30/06/2023,616.21,17120.0,6350.0,15870.0,22220.0,21.61 B,-19680.0,-  15.56,928.965.058,335.697.408,1.264.662.466,AZUL4
4,31/03/2023,466.35,17400.0,6020.0,17120.0,23140.0,22.68 B,-19730.0,-  15.60,928.965.058,335.623.408,1.264.588.466,AZUL4
5,31/12/2022,668.35,18720.0,5150.0,18070.0,23220.0,22.55 B,-19010.0,-  15.03,928.965.058,335.623.408,1.264.588.466,AZUL4
6,30/09/2022,1100.0,18320.0,5080.0,18790.0,23870.0,22.77 B,-20130.0,-  15.92,928.965.058,335.617.908,1.264.582.966,AZUL4
7,30/06/2022,2029.9999999999998,18530.0,4740.0,18440.0,23180.0,21.14 B,-18120.0,-  14.33,928.965.058,335.612.858,1.264.577.916,AZUL4
8,31/03/2022,1860.0,17790.0,4520.0,17200.0,21720.0,19.86 B,-15640.0,-  12.37,928.965.058,335.592.858,1.264.557.916,AZUL4
9,31/12/2021,3070.0,18530.0,4520.0,20390.0,24910.0,21.84 B,-18330.0,-  14.52,928.965.058,333.680.010,1.262.645.068,AZUL4
10,30/09/2021,3630.0,17780.0,749.91,9650.0,10400.0,6.76 B,-17950.0,-  14.21,928.965.058,333.644.960,1.262.610.018,AZUL4
11,30/06/2021,4340.0,17390.0,250.54,9650.0,9900.0,5.56 B,-15740.0,-  12.47,928.965.058,333.605.241,1.262.570.299,AZUL4
12,31/03/2021,2280.0,15190.0,524.51,7250.0,7780.0,5.50 B,-16910.0,-  13.39,928.965.058,333.549.383,1.262.514.441,AZUL4
13,31/12/2020,3060.0,15790.0,858.33,6500.0,7360.0,4.30 B,-14150.0,-  11.22,928.965.058,331.644.724,1.260.609.782,AZUL4
14,30/09/2020,1440.0,13930.0,3660.0,14640.0,18310.0,16.87 B,-13870.0,-  11.01,928.965.058,329.904.767,1.258.869.825,AZUL4
15,30/06/2020,1570.0,15160.0,3370.0,15860.0,19230.0,17.67 B,-12650.0,-  10.05,928.965.058,329.703.517,1.258.668.575,AZUL4
16,31/03/2020,529.24,18820.0,4280.0,16370.000000000002,20650.0,20.13 B,-9650.0,-  7.66,928.965.058,329.703.517,1.258.668.575,AZUL4
17,31/12/2019,1650.0,19200.0,481.23,3040.0,3520.0,1.87 B,-3520.0,-  2.80,928.965.058,329.568.166,1.258.533.224,AZUL4
18,30/09/2019,1520.0,18610.0,273.61,3120.0,3400.0,1.87 B,-644.79,-  0.51,928.965.058,329.359.720,1.258.324.778,AZUL4
19,30/06/2019,1210.0,17740.0,227.3,2820.0,3050.0,1.84 B,-88.43,-  0.07,928.965.058,329.115.383,1.258.080.441,AZUL4
20,31/03/2019,908.39,16740.0,155.74,2880.0,3040.0,2.13 B,-471.89,-  0.38,928.965.058,327.175.146,1.256.140.204,AZUL4
21,31/12/2018,1170.0,11790.0,335.05,3370.0,3710.0,2.54 B,3160.0,2.52,928.965.058,326.631.190,1.255.596.248,AZUL4
22,30/09/2018,893.68,11450.0,435.75,3320.0,3750.0,2.86 B,2950.0,2.35,928.965.058,326.063.741,1.255.028.799,AZUL4
23,30/06/2018,848.96,10960.0,542.3,3290.0,3830.0,2.99 B,2870.0,2.28,928.965.058,325.992.745,1.254.957.803,AZUL4
24,31/03/2018,738.94,10400.0,581.57,2810.0,3390.0,2.65 B,3020.0,2.41,928.965.058,323.965.337,1.252.930.395,AZUL4
25,31/12/2017,762.32,10320.0,568.23,2920.0,3490.0,2.73 B,2830.0,2.27,928.965.058,321.650.720,1.250.615.778,AZUL4
26,30/09/2017,485.86,9010.0,1010.0,1890.0,2900.0,2.42 B,2520.0,2.02,928.965.058,320.086.893,1.249.051.951,AZUL4
27,30/06/2017,500.91,9180.0,1100.0,2540.0,3640.0,3.14 B,2290.0,1.84,928.965.058,317.571.266,1.246.536.324,AZUL4
28,31/03/2017,434.97,8070.0,1020.0,2700.0,3720.0,3.28 B,1060.0,0.89,928.965.058,254.571.266,1.183.536.324,AZUL4
29,31/12/2016,549.16,8400.0,985.24,3050.0,4030.0000000000005,3.49 B,1000.0,0.85,928.965.058,254.571.226,1.183.536.284,AZUL4
0,31/03/2024,1660.0,48280.0,2380.0,11710.0,14090.0,12.43 B,19880.0,3.52,5.646.500.000,0,5.646.500.000,B3SA3
1,31/12/2023,1790.0,49420.0,4250.0,9760.0,14010.0,12.22 B,20270.0,3.59,5.646.500.000,0,5.646.500.000,B3SA3
2,30/09/2023,3170.0,47870.0,3020.0,8560.0,11580.0,8.40 B,20230.0,3.48,5.819.000.000,0,5.819.000.000,B3SA3
3,30/06/2023,2170.0,47180.0,2040.0,9390.0,11430.0,9.26 B,20540.0,3.53,5.819.000.000,0,5.819.000.000,B3SA3
4,31/03/2023,1930.0,45810.0,481.25,11190.0,11670.0,9.74 B,20550.0,3.37,6.099.000.000,0,6.099.000.000,B3SA3
5,31/12/2022,2610.0,47590.0,560.24,11550.0,12110.0,9.50 B,20270.0,3.32,6.099.000.000,0,6.099.000.000,B3SA3
6,30/09/2022,4270.0,48770.0,1770.0,10530.0,12300.0,8.03 B,20420.0,3.35,6.099.000.000,0,6.099.000.000,B3SA3
7,30/06/2022,2370.0,47390.0,3200.0,9500.0,12700.0,10.33 B,20650.0,3.39,6.099.000.000,0,6.099.000.000,B3SA3
8,31/03/2022,2710.0,50740.0,3110.0,10370.0,13480.0,10.76 B,21810.0,3.58,6.099.000.000,0,6.099.000.000,B3SA3
9,31/12/2021,2560.0,52530.0,3200.0,10990.0,14200.0,11.64 B,22410.0,3.66,6.126.000.000,0,6.126.000.000,B3SA3
10,30/09/2021,3780.0,54810.0,3060.0,10890.0,13950.0,10.17 B,22580.0,3.69,6.126.000.000,0,6.126.000.000,B3SA3
11,30/06/2021,2070.0,49530.0,1310.0,8750.0,10060.0,7.99 B,22690.0,3.70,6.126.000.000,0,6.126.000.000,B3SA3
12,31/03/2021,1540.0,46190.0,37.81,7050.0,7090.0,5.55 B,24350.0,11.92,2.042.000.000,0,2.042.000.000,B3SA3
13,31/12/2020,1440.0,46330.0,79.4,6980.0,7060.0,5.62 B,24510.0,11.90,2.059.138.490,0,2.059.138.490,B3SA3
14,30/09/2020,1290.0,45380.0,40.67,6840.0,6880.0,5.59 B,24980.0,12.13,2.059.138.490,0,2.059.138.490,B3SA3
15,30/06/2020,966.7,44190.0,4000.0,2750.0,6750.0,5.78 B,25550.0,12.41,2.059.138.490,0,2.059.138.490,B3SA3
16,31/03/2020,905.06,41140.0,3770.0,1480.0,5260.0,4.35 B,24890.0,12.09,2.059.138.490,0,2.059.138.490,B3SA3
17,31/12/2019,494.03,40030.0,2540.0,1830.0,4360.0,3.87 B,25390.0,12.33,2.059.138.490,0,2.059.138.490,B3SA3
18,30/09/2019,642.59,40950.0,4130.0,1850.0,5980.0,5.33 B,25360.0,12.32,2.059.138.490,0,2.059.138.490,B3SA3
19,30/06/2019,520.25,40170.0,1780.0,3960.0,5740.0,5.22 B,25330.0,12.30,2.059.138.490,0,2.059.138.490,B3SA3
20,31/03/2019,888.53,38710.0,1760.0,2780.0,4540.0,3.65 B,25280.0,12.28,2.059.138.490,0,2.059.138.490,B3SA3
21,31/12/2018,329.69,37670.0,1780.0,2730.0,4510.0,4.18 B,25030.0,12.16,2.059.138.490,0,2.059.138.490,B3SA3
22,30/09/2018,566.17,38650.0,1800.0,4340.0,6150.0,5.58 B,24890.0,12.09,2.059.138.490,0,2.059.138.490,B3SA3
23,30/06/2018,396.02,37970.0,1590.0,4400.0,5990.0,5.59 B,24750.0,12.02,2.059.138.490,0,2.059.138.490,B3SA3
24,31/03/2018,252.62,36990.0,1600.0,4000.0,5600.0,5.34 B,24640.0,11.96,2.059.138.490,0,2.059.138.490,B3SA3
25,31/12/2017,711.14,37580.0,1620.0,4019.9999999999995,5630.0,4.92 B,24300.0,11.80,2.059.138.490,0,2.059.138.490,B3SA3
26,30/09/2017,319.89,37110.0,260.19,5410.0,5670.0,5.35 B,24460.0,11.88,2.059.138.490,0,2.059.138.490,B3SA3
27,30/06/2017,313.77,37240.0,1010.0,5370.0,6380.0,6.06 B,24170.0,11.74,2.059.138.490,0,2.059.138.490,B3SA3
28,31/03/2017,262.32,46010.0,1140.0,5250.0,6390.0,6.13 B,24110.0,11.71,2.059.138.490,0,2.059.138.490,B3SA3
29,31/12/2016,319.12,31160.0,450.21,5010.0,5460.0,5.14 B,19070.0,10.50,1.815.000.000,0,1.815.000.000,B3SA3
30,30/09/2016,546.76,27150.0,26.42,1990.0,2020.0,1.47 B,18610.0,10.25,1.815.000.000,0,1.815.000.000,B3SA3
31,30/06/2016,470.56,26800.0,58.95,1970.0,2029.9999999999998,1.56 B,18520.0,10.20,1.815.000.000,0,1.815.000.000,B3SA3
32,31/03/2016,455.76,26710.0,29.28,2190.0,2220.0,1.77 B,18690.0,10.30,1.815.000.000,0,1.815.000.000,B3SA3
33,31/12/2015,440.85,26310.0,70.18,2380.0,2450.0,2.01 B,18340.0,10.11,1.815.000.000,0,1.815.000.000,B3SA3
34,30/09/2015,3020.0,31000.0,32.04,2430.0,2460.0,-  565.17 M,19610.0,10.81,1.815.000.000,0,1.815.000.000,B3SA3
35,30/06/2015,283.85,26200.0,55.81,1890.0,1950.0,1.66 B,19420.0,10.70,1.815.000.000,0,1.815.000.000,B3SA3
36,31/03/2015,323.11,26500.0,25.84,1960.0,1980.0,1.66 B,19530.0,10.76,1.815.000.000,0,1.815.000.000,B3SA3
37,31/12/2014,500.54,25540.0,47.37,1620.0,1670.0,1.17 B,18980.0,9.99,1.900.000.000,0,1.900.000.000,B3SA3
38,30/09/2014,370.03,25240.0,19.8,1490.0,1510.0,1.14 B,18950.0,9.97,1.900.000.000,0,1.900.000.000,B3SA3
39,30/06/2014,198.7,24420.0,39.91,1340.0,1380.0,1.18 B,18640.0,9.81,1.900.000.000,0,1.900.000.000,B3SA3
40,31/03/2014,1320.0,26000.0,18.49,1380.0,1400.0,76.65 M,18860.0,9.92,1.900.000.000,0,1.900.000.000,B3SA3
41,31/12/2013,1200.0,25900.0,42.13,1430.0,1470.0,271.73 M,19280.0,9.74,1.980.000.000,0,1.980.000.000,B3SA3
42,30/09/2013,754.68,25290.0,18.24,1360.0,1380.0,620.60 M,19320.0,9.76,1.980.000.000,0,1.980.000.000,B3SA3
43,30/06/2013,187.63,24690.0,39.55,1350.0,1390.0,1.20 B,19420.0,9.81,1.980.000.000,0,1.980.000.000,B3SA3
44,31/03/2013,32.77,24460.0,16.37,1220.0,1240.0,1.21 B,19670.0,9.94,1.980.000.000,0,1.980.000.000,B3SA3
45,31/12/2012,43.64,24150.0,36.88,1240.0,1280.0,1.24 B,19400.0,9.80,1.980.000.000,0,1.980.000.000,B3SA3
46,30/09/2012,46.28,24130.0,16.54,1230.0,1250.0,1.20 B,19610.0,9.90,1.980.000.000,0,1.980.000.000,B3SA3
47,30/06/2012,47.06,24260.0,36.08,1230.0,1260.0,1.22 B,19390.0,9.79,1.980.000.000,0,1.980.000.000,B3SA3
48,31/03/2012,34.33,23400.0,14.76,1110.0,1120.0,1.09 B,19030.0,9.61,1.980.000.000,0,1.980.000.000,B3SA3
49,31/12/2011,64.65,23590.0,33.57,1140.0,1170.0,1.11 B,19240.0,9.72,1.980.000.000,0,1.980.000.000,B3SA3
50,30/09/2011,139.48,23140.0,15.01,1130.0,1140.0,1.00 B,19270.0,9.43,2.044.014.295,0,2.044.014.295,B3SA3
51,30/06/2011,25.1,22560.0,28.46,945.73,974.18,949.09 M,19000.0,9.30,2.044.014.295,0,2.044.014.295,B3SA3
52,31/03/2011,1540.0,24030.0,14.17,986.83,1000.0,-  541.30 M,19360.0,9.47,2.044.014.295,0,2.044.014.295,B3SA3
53,31/12/2010,104.02,22630.0,33.15,1010.0,1040.0,939.20 M,19400.0,9.49,2.044.014.295,0,2.044.014.295,B3SA3
54,30/09/2010,2960.0,22770.0,19.15,1030.0,1050.0,-  1.91 B,19630.0,9.61,2.044.014.295,0,2.044.014.295,B3SA3
55,30/06/2010,3620.0,21300.0,6.67,,6.67,-  3.61 B,19380.0,9.48,2.044.014.295,0,2.044.014.295,B3SA3
56,31/03/2010,4040.0,21620.0,9.07,,9.23,-  4.03 B,19500.0,9.54,2.044.014.295,0,2.044.014.295,B3SA3
57,31/12/2009,2650.0,21200.0,9.3,2.5,11.79,-  2.64 B,19710.0,9.64,2.044.014.295,0,2.044.014.295,B3SA3
58,30/09/2009,2700.0,21290.0,9.1,5.02,14.13,-  2.69 B,19640.0,9.61,2.044.014.295,0,2.044.014.295,B3SA3
59,30/06/2009,2340.0,20940.0,8.22,8.23,16.45,-  2.32 B,19560.0,9.57,2.044.014.295,0,2.044.014.295,B3SA3
60,31/03/2009,2590.0,21200.0,3.57,,3.57,-  2.59 B,19460.0,9.52,2.044.014.295,0,2.044.014.295,B3SA3
61,31/12/2008,1780.0,20430.0,4.09,,4.09,-  1.78 B,19290.0,9.44,2.044.014.295,0,2.044.014.295,B3SA3
62,30/09/2008,2060.0,20750.0,148.24,,148.24,-  1.91 B,19530.0,9.56,2.044.014.295,0,2.044.014.295,B3SA3
63,30/06/2008,2800.0,21270.0,502.73,,502.73,-  2.30 B,19630.0,9.62,2.040.797.995,0,2.040.797.995,B3SA3
0,31/03/2024,,2280000.0,,,,,174750.0,60.99,2.865.417.020,0,2.865.417.020,BBAS3
1,31/12/2023,,2150000.0,,,,,169240.0,59.06,2.865.417.020,0,2.865.417.020,BBAS3
2,30/09/2023,,2230000.0,,,,,165690.0,57.82,2.865.417.020,0,2.865.417.020,BBAS3
3,30/06/2023,,2080000.0,,,,,162610.0,56.75,2.865.417.020,0,2.865.417.020,BBAS3
4,31/03/2023,,2089999.9999999998,,,,,163230.0,56.97,2.865.417.020,0,2.865.417.020,BBAS3
5,31/12/2022,,2009999.9999999998,,,,,158960.0,55.47,2.865.417.020,0,2.865.417.020,BBAS3
6,30/09/2022,,2100000.0,,,,,153120.0,53.44,2.865.417.020,0,2.865.417.020,BBAS3
7,30/06/2022,,2049999.9999999998,,,,,151860.0,53.00,2.865.417.020,0,2.865.417.020,BBAS3
8,31/03/2022,,2000000.0,,,,,148310.0,51.76,2.865.417.020,0,2.865.417.020,BBAS3
9,31/12/2021,,1900000.0,,,,,142750.0,49.82,2.865.417.020,0,2.865.417.020,BBAS3
10,30/09/2021,,2029999.9999999998,,,,,136730.0,47.72,2.865.417.020,0,2.865.417.020,BBAS3
11,30/06/2021,,1910000.0,,,,,135440.0,47.27,2.865.417.020,0,2.865.417.020,BBAS3
12,31/03/2021,,1890000.0,,,,,127590.0,44.53,2.865.417.020,0,2.865.417.020,BBAS3
13,31/12/2020,,1690000.0,,,,,125100.0,43.66,2.865.417.020,0,2.865.417.020,BBAS3
14,30/09/2020,,1840000.0,,,,,112090.0,39.12,2.865.417.020,0,2.865.417.020,BBAS3
15,30/06/2020,,1780000.0,,,,,105010.0,36.65,2.865.417.020,0,2.865.417.020,BBAS3
16,31/03/2020,,1660000.0,,,,,102220.0,35.67,2.865.417.020,0,2.865.417.020,BBAS3
17,31/12/2019,,1450000.0,,,,,107730.0,37.60,2.865.417.020,0,2.865.417.020,BBAS3
18,30/09/2019,,1570000.0,,,,,94500.0,32.98,2.865.417.020,0,2.865.417.020,BBAS3
19,30/06/2019,,1600000.0,,,,,91690.0,32.00,2.865.417.020,0,2.865.417.020,BBAS3
20,31/03/2019,,1580000.0,,,,,94520.0,32.99,2.865.417.020,0,2.865.417.020,BBAS3
21,31/12/2018,,1400000.0,,,,,101890.0,35.56,2.865.417.020,0,2.865.417.020,BBAS3
22,30/09/2018,,1540000.0,,,,,92760.0,32.37,2.865.417.020,0,2.865.417.020,BBAS3
23,30/06/2018,,1510000.0,,,,,91570.0,31.96,2.865.417.020,0,2.865.417.020,BBAS3
24,31/03/2018,,1480000.0,,,,,89770.0,31.33,2.865.417.020,0,2.865.417.020,BBAS3
25,31/12/2017,,1350000.0,,,,,97360.0,33.98,2.865.417.020,0,2.865.417.020,BBAS3
26,30/09/2017,,1460000.0,,,,,82120.0,28.66,2.865.417.020,0,2.865.417.020,BBAS3
27,30/06/2017,,1500000.0,,,,,79740.0,27.83,2.865.417.020,0,2.865.417.020,BBAS3
28,31/03/2017,,1470000.0,,,,,78450.0,27.38,2.865.417.020,0,2.865.417.020,BBAS3
29,31/12/2016,,1390000.0,,,,,86380.0,30.14,2.865.417.020,0,2.865.417.020,BBAS3
30,30/09/2016,,1550000.0,,,,,74600.0,26.03,2.865.417.020,0,2.865.417.020,BBAS3
31,30/06/2016,,1550000.0,,,,,72590.0,25.33,2.865.417.020,0,2.865.417.020,BBAS3
32,31/03/2016,,1520000.0,,,,,73080.0,25.50,2.865.417.020,0,2.865.417.020,BBAS3
33,31/12/2015,,1390000.0,,,,,82560.0,28.81,2.865.417.020,0,2.865.417.020,BBAS3
34,30/09/2015,,1510000.0,,,,,72410.0,25.27,2.865.417.020,0,2.865.417.020,BBAS3
35,30/06/2015,,1460000.0,,,,,71940.0,25.11,2.865.417.020,0,2.865.417.020,BBAS3
36,31/03/2015,,1470000.0,,,,,72600.0,25.34,2.865.417.020,0,2.865.417.020,BBAS3
37,31/12/2014,,1280000.0,,,,,81780.0,28.54,2.865.417.020,0,2.865.417.020,BBAS3
38,30/09/2014,,1370000.0,,,,,78850.0,27.52,2.865.417.020,0,2.865.417.020,BBAS3
39,30/06/2014,,1340000.0,,,,,69440.0,24.23,2.865.417.020,0,2.865.417.020,BBAS3
40,31/03/2014,,1290000.0,,,,,71460.0,24.94,2.865.417.020,0,2.865.417.020,BBAS3
41,31/12/2013,,1160000.0,,,,,73190.0,25.54,2.865.417.020,0,2.865.417.020,BBAS3
42,30/09/2013,,1180000.0,,,,,63800.0,22.27,2.865.417.020,0,2.865.417.020,BBAS3
43,30/06/2013,,1140000.0,,,,,62530.0,21.82,2.865.417.020,0,2.865.417.020,BBAS3
44,31/03/2013,,1110000.0,,,,,61850.0,21.58,2.865.417.020,0,2.865.417.020,BBAS3
45,31/12/2012,,1140000.0,,,,,69020.0,24.09,2.865.417.020,0,2.865.417.020,BBAS3
46,30/09/2012,,1010000.0,,,,,63840.0,22.34,2.858.171.973,0,2.858.171.973,BBAS3
47,30/06/2012,,962760.0,,,,,62000.0,21.64,2.865.416.973,0,2.865.416.973,BBAS3
48,31/03/2012,,913870.0,,,,,59820.0,20.88,2.865.416.973,0,2.865.416.973,BBAS3
49,31/12/2011,,966820.0,,,,,62550.0,21.83,2.865.416.988,0,2.865.416.988,BBAS3
50,30/09/2011,,859280.0,,,,,56280.0,19.67,2.860.729.247,0,2.860.729.247,BBAS3
51,30/06/2011,,816130.0,,,,,54280.0,18.97,2.860.729.247,0,2.860.729.247,BBAS3
52,31/03/2011,,787910.0,,,,,52170.0,18.24,2.860.729.247,0,2.860.729.247,BBAS3
53,31/12/2010,,802820.0,,,,,54320.0,18.99,2.860.729.247,0,2.860.729.247,BBAS3
54,30/09/2010,,796820.0,,,,,48200.0,16.85,2.860.729.247,0,2.860.729.247,BBAS3
55,30/06/2010,,755710.0,,,,,39330.0,15.30,2.569.869.551,0,2.569.869.551,BBAS3
56,31/03/2010,,724880.0,,,,,37650.0,14.65,2.569.860.512,0,2.569.860.512,BBAS3
57,31/12/2009,,708550.0,,,,,36120.0,14.05,2.569.860.512,0,2.569.860.512,BBAS3
58,30/09/2009,,685680.0,,,,,33660.0,13.11,2.568.186.485,0,2.568.186.485,BBAS3
59,30/06/2009,,598840.0,,,,,32360.0,12.60,2.568.186.485,0,2.568.186.485,BBAS3
60,31/03/2009,,591930.0,,,,,30860.0,12.02,2.568.186.485,0,2.568.186.485,BBAS3
61,31/12/2008,,521270.0,,,,,29940.0,11.66,2.568.186.485,0,2.568.186.485,BBAS3
62,30/09/2008,,458870.0,,,,,27890.0,10.87,2.565.255.836,0,2.565.255.836,BBAS3
63,30/06/2008,,416500.0,,,,,26370.0,10.37,2.542.181.530,0,2.542.181.530,BBAS3
64,31/03/2008,,404870.0,,,,,25410.0,9.99,2.542.181.530,0,2.542.181.530,BBAS3
65,31/12/2007,,357750.0,,,,,24260.0,9.80,2.475.949.269,0,2.475.949.269,BBAS3
66,30/09/2007,,342400.0,,,,,23070.0,9.32,2.475.949.269,0,2.475.949.269,BBAS3
67,30/06/2007,,332970.0,,,,,22310.0,9.01,2.475.949.269,0,2.475.949.269,BBAS3
68,31/12/2006,,296360.0,,,,,20760.0,25.15,825.316.423,0,825.316.423,BBAS3
69,30/09/2006,,281620.0,,,,,20200.0,24.47,825.316.423,0,825.316.423,BBAS3
70,30/06/2006,,273840.0,,,,,19180.0,23.24,825.313.502,0,825.313.502,BBAS3
71,31/03/2006,,264630.0,,,,,19210.0,23.70,810.617.415,0,810.617.415,BBAS3
72,31/12/2005,,252980.0,,,,,16850.0,20.79,810.617.415,0,810.617.415,BBAS3
73,30/09/2005,,245510.0,,,,,16830.0,20.76,810.617.415,0,810.617.415,BBAS3
74,30/06/2005,,233790.0,,,,,15390.0,18.99,810.617.415,0,810.617.415,BBAS3
75,31/03/2005,,245690.0,,,,,14930.0,18.42,810.617.415,0,810.617.415,BBAS3
76,31/12/2004,,239010.0,,,,,14110.0,17.40,810.617.415,0,810.617.415,BBAS3
77,30/09/2004,,235600.0,,,,,13770.0,18.53,743.275.506,0,743.275.506,BBAS3
78,30/06/2004,,227370.0,,,,,12860.0,17.31,743.275.506,0,743.275.506,BBAS3
79,31/03/2004,,231110.0,,,,,12690.0,17.07,743.275.506,0,743.275.506,BBAS3
80,31/12/2003,,230140.0,,,,,12170.0,0.02,743.275.506.000,0,743.275.506.000,BBAS3
81,30/09/2003,,215130.0,,,,,11690.0,0.02,743.275.506.000,0,743.275.506.000,BBAS3
82,30/06/2003,,205760.0,,,,,10870.0,0.01,743.275.506.000,0,743.275.506.000,BBAS3
83,31/03/2003,,209240.0,,,,,10160.0,0.01,743.275.506.000,0,743.275.506.000,BBAS3
84,31/12/2002,,204590.0,,,,,9200.0,0.01,743.275.506.000,0,743.275.506.000,BBAS3
85,30/09/2002,,213410.0,,,,,8410.0,0.01,743.275.506.000,0,743.275.506.000,BBAS3
86,30/06/2002,,169910.0,,,,,7980.0,0.01,399.197.698.000,312.798.008.000,711.995.706.000,BBAS3
87,31/03/2002,,168590.0,,,,,9100.0,0.01,399.197.698.000,312.798.008.000,711.995.706.000,BBAS3
88,31/12/2001,,165120.0,,,,,8750.0,0.01,399.197.698.000,312.798.008.000,711.995.706.000,BBAS3
89,31/03/2001,,145020.0,,,,,8100.0,0.01,399.184.582.000,312.787.731.000,711.972.313.000,BBAS3
90,31/12/2000,,138360.0,,,,,7970.0,0.01,399.184.582.000,312.787.731.000,711.972.313.000,BBAS3
91,30/09/2000,,142380.0,,,,,7900.0,0.01,399.184.582.000,312.787.731.000,711.972.313.000,BBAS3
92,30/06/2000,,145070.0,,,,,7530.0,0.01,399.184.582.000,312.787.731.000,711.972.313.000,BBAS3
0,31/03/2024,,1960000.0,,,,,165860.0,15.59,5.330.305.000,5.311.865.000,10.642.170.000,BBDC3
1,31/12/2023,,1930000.0,,,,,166330.0,15.63,5.330.305.000,5.311.865.000,10.642.170.000,BBDC3
2,30/09/2023,,1900000.0,,,,,166230.0,15.62,5.330.305.000,5.311.866.000,10.642.171.000,BBDC3
3,30/06/2023,,1860000.0,,,,,166450.0,15.64,5.330.305.000,5.311.865.000,10.642.170.000,BBDC3
4,31/03/2023,,1830000.0,,,,,162490.0,15.24,5.338.394.000,5.320.094.000,10.658.488.000,BBDC3
5,31/12/2022,,1800000.0,,,,,158270.0,14.85,5.338.394.000,5.320.094.000,10.658.488.000,BBDC3
6,30/09/2022,,1860000.0,,,,,161360.0,15.14,5.338.394.000,5.320.094.000,10.658.488.000,BBDC3
7,30/06/2022,,1740000.0,,,,,156430.0,14.68,5.338.394.000,5.320.094.000,10.658.488.000,BBDC3
8,31/03/2022,,1700000.0,,,,,153780.0,14.43,5.338.394.000,5.320.094.000,10.658.488.000,BBDC3
9,31/12/2021,,1680000.0,,,,,149780.0,15.41,4.870.579.000,4.848.500.000,9.719.079.000,BBDC3
10,30/09/2021,,1440000.0,,,,,147610.0,15.19,4.870.579.000,4.848.500.000,9.719.079.000,BBDC3
11,30/06/2021,,1400000.0,,,,,146490.0,15.07,4.870.579.000,4.848.500.000,9.719.079.000,BBDC3
12,31/03/2021,,1390000.0,,,,,144240.0,14.84,4.870.579.000,4.848.500.000,9.719.079.000,BBDC3
13,31/12/2020,,1600000.0,,,,,145620.0,16.42,4.435.107.000,4.435.106.000,8.870.213.000,BBDC3
14,30/09/2020,,1410000.0,,,,,137460.0,15.50,4.435.107.000,4.435.106.000,8.870.213.000,BBDC3
15,30/06/2020,,1330000.0,,,,,135130.0,15.23,4.435.107.000,4.435.106.000,8.870.213.000,BBDC3
16,31/03/2020,,1240000.0,,,,,129550.00000000001,14.60,4.435.107.000,4.435.106.000,8.870.213.000,BBDC3
17,31/12/2019,,1380000.0,,,,,135100.0,16.75,4.031.915.000,4.031.915.000,8.063.830.000,BBDC3
18,30/09/2019,,1140000.0,,,,,138310.0,17.15,4.031.915.000,4.031.915.000,8.063.830.000,BBDC3
19,30/06/2019,,1130000.0,,,,,133640.0,16.57,4.031.915.000,4.031.915.000,8.063.830.000,BBDC3
20,31/03/2019,,1120000.0,,,,,126670.0,15.71,4.031.915.000,4.031.915.000,8.063.830.000,BBDC3
21,31/12/2018,,1310000.0,,,,,124280.0,18.49,3.359.929.000,3.359.929.000,6.719.858.000,BBDC3
22,30/09/2018,,1090000.0,,,,,115670.0,17.21,3.359.929.000,3.359.929.000,6.719.858.000,BBDC3
23,30/06/2018,,1040000.0,,,,,113040.0,16.82,3.359.929.000,3.359.929.000,6.719.858.000,BBDC3
24,31/03/2018,,1040000.0,,,,,113780.0,16.93,3.359.929.000,3.359.929.000,6.719.858.000,BBDC3
25,31/12/2017,,1220000.0,,,,,117400.0,19.22,3.054.481.000,3.054.481.000,6.108.962.000,BBDC3
26,30/09/2017,,1090000.0,,,,,110300.0,18.06,3.054.481.000,3.054.481.000,6.108.962.000,BBDC3
27,30/06/2017,,1060000.0,,,,,106810.0,17.48,3.054.481.000,3.054.481.000,6.108.962.000,BBDC3
28,31/03/2017,,1080000.0,,,,,104560.0,17.12,3.054.481.000,3.054.481.000,6.108.962.000,BBDC3
29,31/12/2016,,1190000.0,,,,,105300.0,18.96,2.776.801.000,2.776.800.000,5.553.601.000,BBDC3
30,30/09/2016,,972200.0,,,,,98550.0,17.75,2.776.801.000,2.776.801.000,5.553.602.000,BBDC3
31,30/06/2016,,953760.0,,,,,96360.0,17.35,2.776.801.000,2.776.801.000,5.553.602.000,BBDC3
32,31/03/2016,,954610.0,,,,,93330.0,18.49,2.524.365.000,2.524.364.000,5.048.729.000,BBDC3
33,31/12/2015,,1030000.0,,,,,90790.0,17.98,2.524.365.000,2.524.364.000,5.048.729.000,BBDC3
34,30/09/2015,,969650.0,,,,,86230.0,17.08,2.524.365.000,2.524.364.000,5.048.729.000,BBDC3
35,30/06/2015,,943010.0,,,,,86970.0,17.23,2.524.365.000,2.524.364.000,5.048.729.000,BBDC3
36,31/03/2015,,975610.0,,,,,83940.0,16.63,2.524.365.000,2.524.364.000,5.048.729.000,BBDC3
37,31/12/2014,,930450.0,,,,,82170.0,19.53,2.103.637.000,2.103.637.000,4.207.274.000,BBDC3
38,30/09/2014,,933100.0,,,,,79240.0,18.83,2.103.637.000,2.103.637.000,4.207.274.000,BBDC3
39,30/06/2014,,892030.0,,,,,76800.0,18.25,2.103.637.000,2.103.637.000,4.207.274.000,BBDC3
40,31/03/2014,,904060.0,,,,,73330.0,17.43,2.103.637.000,2.103.637.000,4.207.274.000,BBDC3
41,31/12/2013,,838300.0,,,,,71880.0,17.09,2.103.637.000,2.103.637.000,4.207.274.000,BBDC3
42,30/09/2013,,869880.0,,,,,67030.0,15.93,2.103.637.000,2.103.637.000,4.207.274.000,BBDC3
43,30/06/2013,,872160.0,,,,,66030.0,15.69,2.103.637.000,2.103.637.000,4.207.274.000,BBDC3
44,31/03/2013,,866000.0,,,,,69440.0,16.51,2.103.637.000,2.103.637.000,4.207.274.000,BBDC3
45,31/12/2012,,801190.0,,,,,71140.0,18.60,1.912.397.000,1.912.397.000,3.824.794.000,BBDC3
46,30/09/2012,,793560.0,,,,,66050.0,17.27,1.912.397.000,1.912.397.000,3.824.794.000,BBDC3
47,30/06/2012,,787700.0,,,,,63920.0,16.71,1.912.397.000,1.912.397.000,3.824.794.000,BBDC3
48,31/03/2012,,758680.0,,,,,58060.0,15.18,1.912.397.000,1.912.397.000,3.824.794.000,BBDC3
49,31/12/2011,,722090.0,,,,,59140.0,15.46,1.912.397.000,1.912.397.000,3.824.794.000,BBDC3
50,30/09/2011,,724330.0,,,,,53740.0,14.05,1.912.397.000,1.912.397.000,3.824.794.000,BBDC3
51,30/06/2011,,691780.0,,,,,52840.0,13.82,1.912.397.000,1.912.397.000,3.824.794.000,BBDC3
52,31/03/2011,,674900.0,,,,,51300.0,13.41,1.912.397.000,1.912.397.000,3.824.794.000,BBDC3
53,31/12/2010,,602950.0,,,,,51050.0,13.57,1.881.225.000,1.881.225.000,3.762.450.000,BBDC3
54,30/09/2010,,611900.0,,,,,46110.0,12.26,1.881.225.000,1.881.225.000,3.762.450.000,BBDC3
55,30/06/2010,,558100.0,,,,,44300.0,11.77,1.881.225.000,1.881.225.000,3.762.450.000,BBDC3
56,31/03/2010,,532630.0,,,,,43090.0,12.60,1.710.205.000,1.710.204.000,3.420.409.000,BBDC3
57,31/12/2009,,506220.0,,,,,41750.0,12.18,1.713.543.000,1.713.543.000,3.427.086.000,BBDC3
58,30/09/2009,,485690.0,,,,,38880.0,12.66,1.534.935.000,1.534.935.000,3.069.870.000,BBDC3
59,30/06/2009,,482480.0,,,,,37280.0,12.14,1.534.935.000,1.534.935.000,3.069.870.000,BBDC3
60,31/03/2009,,482140.0,,,,,35310.0,11.50,1.534.935.000,1.534.935.000,3.069.870.000,BBDC3
61,31/12/2008,,454410.0,,,,,34260.0,11.16,1.534.935.000,1.534.935.000,3.069.870.000,BBDC3
62,30/09/2008,,422710.0,,,,,34170.0,11.13,1.534.935.000,1.534.935.000,3.069.870.000,BBDC3
63,30/06/2008,,403270.0,,,,,33710.0,10.98,1.534.935.000,1.534.935.000,3.069.870.000,BBDC3
64,31/03/2008,,355520.0,,,,,32910.0,10.72,1.534.935.000,1.534.935.000,3.069.870.000,BBDC3
65,31/12/2007,,341180.0,,,,,30360.0,15.02,1.010.166.000,1.010.754.000,2.020.920.000,BBDC3
66,30/09/2007,,317650.0,,,,,29210.0,14.46,1.010.166.000,1.010.754.000,2.020.920.000,BBDC3
67,30/06/2007,,290570.0,,,,,27510.0,13.74,1.000.866.000,1.001.455.000,2.002.321.000,BBDC3
68,31/03/2007,,281940.0,,,,,26030.0,13.00,1.000.866.000,1.001.455.000,2.002.321.000,BBDC3
69,31/12/2006,,265550.0,,,,,24640.0,24.60,500.823.000,500.818.000,1.001.641.000,BBDC3
70,30/09/2006,,243190.0,,,,,21770.0,22.22,489.914.000,489.909.000,979.823.000,BBDC3
71,30/06/2006,,232940.0,,,,,21460.0,21.90,489.914.000,489.909.000,979.823.000,BBDC3
72,31/03/2006,,216390.0,,,,,20380.0,20.80,489.914.000,489.909.000,979.823.000,BBDC3
73,31/12/2005,,208680.0,,,,,19410.0,19.81,489.914.000,489.939.000,979.853.000,BBDC3
74,30/09/2005,,201910.0,,,,,18260.0,37.09,247.326.000,244.971.000,492.297.000,BBDC3
75,30/06/2005,,194540.0,,,,,17450.0,35.44,247.326.000,244.971.000,492.297.000,BBDC3
76,31/03/2005,,191300.0,,,,,16540.0,33.59,247.326.000,244.971.000,492.297.000,BBDC3
77,31/12/2004,,184930.0,,,,,15210.0,32.07,238.351.000,236.082.000,474.433.000,BBDC3
78,30/09/2004,,179700.0,,,,,14680.0,92.55,79.894.000,78.694.000,158.588.000,BBDC3
79,30/06/2004,,176250.0,,,,,13650.0,86.07,79.894.000,78.694.000,158.588.000,BBDC3
80,31/03/2004,,160970.0,,,,,13620.0,85.91,79.894.000,78.694.000,158.588.000,BBDC3
81,31/12/2003,,176100.0,,,,,13550.0,0.01,798.940.058.000,786.939.365.000,1.585.879.423.000,BBDC3
82,30/09/2003,,164360.0,,,,,12970.0,0.01,798.940.058.000,786.939.365.000,1.585.879.423.000,BBDC3
83,30/06/2003,,154490.0,,,,,12520.0,0.01,798.940.058.000,786.939.365.000,1.585.879.423.000,BBDC3
84,31/03/2003,,145000.0,,,,,11710.0,0.01,763.457.868.000,751.990.146.000,1.515.448.014.000,BBDC3
85,31/12/2002,,142770.0,,,,,10850.0,0.01,729.140.590.000,708.537.612.000,1.437.678.202.000,BBDC3
86,30/09/2002,,140150.0,,,,,10500.0,0.01,729.140.590.000,708.537.612.000,1.437.678.202.000,BBDC3
87,30/06/2002,,124500.0,,,,,10120.0,0.01,729.140.590.000,708.537.612.000,1.437.678.202.000,BBDC3
88,31/03/2002,,88530.0,,,,,9930.0,0.01,729.140.590.000,708.537.612.000,1.437.678.202.000,BBDC3
89,31/12/2001,,83390.0,,,,,9770.0,0.01,733.319.190.000,712.117.012.000,1.445.436.202.000,BBDC3
90,30/06/2001,,78260.0,,,,,9150.0,0.01,733.319.190.000,712.117.012.000,1.445.436.202.000,BBDC3
91,31/03/2001,,73300.0,,,,,8740.0,0.01,733.319.190.000,712.117.012.000,1.445.436.202.000,BBDC3
92,31/12/2000,,64379.99999999999,,,,,8090.0,0.01,711.992.585.000,687.823.697.000,1.399.816.282.000,BBDC3
93,30/09/2000,,64080.0,,,,,7060.0,0.01,554.722.817.000,535.892.517.000,1.090.615.334.000,BBDC3
94,30/06/2000,,61630.0,,,,,7010.0,0.01,554.722.817.000,535.892.517.000,1.090.615.334.000,BBDC3
95,31/03/2000,,79780.0,,,,,6730.0,0.01,554.722.817.000,535.892.517.000,1.090.615.334.000,BBDC3
0,31/03/2024,,1960000.0,,,,,165860.0,15.59,5.330.305.000,5.311.865.000,10.642.170.000,BBDC4
1,31/12/2023,,1930000.0,,,,,166330.0,15.63,5.330.305.000,5.311.865.000,10.642.170.000,BBDC4
2,30/09/2023,,1900000.0,,,,,166230.0,15.62,5.330.305.000,5.311.866.000,10.642.171.000,BBDC4
3,30/06/2023,,1860000.0,,,,,166450.0,15.64,5.330.305.000,5.311.865.000,10.642.170.000,BBDC4
4,31/03/2023,,1830000.0,,,,,162490.0,15.24,5.338.394.000,5.320.094.000,10.658.488.000,BBDC4
5,31/12/2022,,1800000.0,,,,,158270.0,14.85,5.338.394.000,5.320.094.000,10.658.488.000,BBDC4
6,30/09/2022,,1860000.0,,,,,161360.0,15.14,5.338.394.000,5.320.094.000,10.658.488.000,BBDC4
7,30/06/2022,,1740000.0,,,,,156430.0,14.68,5.338.394.000,5.320.094.000,10.658.488.000,BBDC4
8,31/03/2022,,1700000.0,,,,,153780.0,14.43,5.338.394.000,5.320.094.000,10.658.488.000,BBDC4
9,31/12/2021,,1680000.0,,,,,149780.0,15.41,4.870.579.000,4.848.500.000,9.719.079.000,BBDC4
10,30/09/2021,,1440000.0,,,,,147610.0,15.19,4.870.579.000,4.848.500.000,9.719.079.000,BBDC4
11,30/06/2021,,1400000.0,,,,,146490.0,15.07,4.870.579.000,4.848.500.000,9.719.079.000,BBDC4
12,31/03/2021,,1390000.0,,,,,144240.0,14.84,4.870.579.000,4.848.500.000,9.719.079.000,BBDC4
13,31/12/2020,,1600000.0,,,,,145620.0,16.42,4.435.107.000,4.435.106.000,8.870.213.000,BBDC4
14,30/09/2020,,1410000.0,,,,,137460.0,15.50,4.435.107.000,4.435.106.000,8.870.213.000,BBDC4
15,30/06/2020,,1330000.0,,,,,135130.0,15.23,4.435.107.000,4.435.106.000,8.870.213.000,BBDC4
16,31/03/2020,,1240000.0,,,,,129550.00000000001,14.60,4.435.107.000,4.435.106.000,8.870.213.000,BBDC4
17,31/12/2019,,1380000.0,,,,,135100.0,16.75,4.031.915.000,4.031.915.000,8.063.830.000,BBDC4
18,30/09/2019,,1140000.0,,,,,138310.0,17.15,4.031.915.000,4.031.915.000,8.063.830.000,BBDC4
19,30/06/2019,,1130000.0,,,,,133640.0,16.57,4.031.915.000,4.031.915.000,8.063.830.000,BBDC4
20,31/03/2019,,1120000.0,,,,,126670.0,15.71,4.031.915.000,4.031.915.000,8.063.830.000,BBDC4
21,31/12/2018,,1310000.0,,,,,124280.0,18.49,3.359.929.000,3.359.929.000,6.719.858.000,BBDC4
22,30/09/2018,,1090000.0,,,,,115670.0,17.21,3.359.929.000,3.359.929.000,6.719.858.000,BBDC4
23,30/06/2018,,1040000.0,,,,,113040.0,16.82,3.359.929.000,3.359.929.000,6.719.858.000,BBDC4
24,31/03/2018,,1040000.0,,,,,113780.0,16.93,3.359.929.000,3.359.929.000,6.719.858.000,BBDC4
25,31/12/2017,,1220000.0,,,,,117400.0,19.22,3.054.481.000,3.054.481.000,6.108.962.000,BBDC4
26,30/09/2017,,1090000.0,,,,,110300.0,18.06,3.054.481.000,3.054.481.000,6.108.962.000,BBDC4
27,30/06/2017,,1060000.0,,,,,106810.0,17.48,3.054.481.000,3.054.481.000,6.108.962.000,BBDC4
28,31/03/2017,,1080000.0,,,,,104560.0,17.12,3.054.481.000,3.054.481.000,6.108.962.000,BBDC4
29,31/12/2016,,1190000.0,,,,,105300.0,18.96,2.776.801.000,2.776.800.000,5.553.601.000,BBDC4
30,30/09/2016,,972200.0,,,,,98550.0,17.75,2.776.801.000,2.776.801.000,5.553.602.000,BBDC4
31,30/06/2016,,953760.0,,,,,96360.0,17.35,2.776.801.000,2.776.801.000,5.553.602.000,BBDC4
32,31/03/2016,,954610.0,,,,,93330.0,18.49,2.524.365.000,2.524.364.000,5.048.729.000,BBDC4
33,31/12/2015,,1030000.0,,,,,90790.0,17.98,2.524.365.000,2.524.364.000,5.048.729.000,BBDC4
34,30/09/2015,,969650.0,,,,,86230.0,17.08,2.524.365.000,2.524.364.000,5.048.729.000,BBDC4
35,30/06/2015,,943010.0,,,,,86970.0,17.23,2.524.365.000,2.524.364.000,5.048.729.000,BBDC4
36,31/03/2015,,975610.0,,,,,83940.0,16.63,2.524.365.000,2.524.364.000,5.048.729.000,BBDC4
37,31/12/2014,,930450.0,,,,,82170.0,19.53,2.103.637.000,2.103.637.000,4.207.274.000,BBDC4
38,30/09/2014,,933100.0,,,,,79240.0,18.83,2.103.637.000,2.103.637.000,4.207.274.000,BBDC4
39,30/06/2014,,892030.0,,,,,76800.0,18.25,2.103.637.000,2.103.637.000,4.207.274.000,BBDC4
40,31/03/2014,,904060.0,,,,,73330.0,17.43,2.103.637.000,2.103.637.000,4.207.274.000,BBDC4
41,31/12/2013,,838300.0,,,,,71880.0,17.09,2.103.637.000,2.103.637.000,4.207.274.000,BBDC4
42,30/09/2013,,869880.0,,,,,67030.0,15.93,2.103.637.000,2.103.637.000,4.207.274.000,BBDC4
43,30/06/2013,,872160.0,,,,,66030.0,15.69,2.103.637.000,2.103.637.000,4.207.274.000,BBDC4
44,31/03/2013,,866000.0,,,,,69440.0,16.51,2.103.637.000,2.103.637.000,4.207.274.000,BBDC4
45,31/12/2012,,801190.0,,,,,71140.0,18.60,1.912.397.000,1.912.397.000,3.824.794.000,BBDC4
46,30/09/2012,,793560.0,,,,,66050.0,17.27,1.912.397.000,1.912.397.000,3.824.794.000,BBDC4
47,30/06/2012,,787700.0,,,,,63920.0,16.71,1.912.397.000,1.912.397.000,3.824.794.000,BBDC4
48,31/03/2012,,758680.0,,,,,58060.0,15.18,1.912.397.000,1.912.397.000,3.824.794.000,BBDC4
49,31/12/2011,,722090.0,,,,,59140.0,15.46,1.912.397.000,1.912.397.000,3.824.794.000,BBDC4
50,30/09/2011,,724330.0,,,,,53740.0,14.05,1.912.397.000,1.912.397.000,3.824.794.000,BBDC4
51,30/06/2011,,691780.0,,,,,52840.0,13.82,1.912.397.000,1.912.397.000,3.824.794.000,BBDC4
52,31/03/2011,,674900.0,,,,,51300.0,13.41,1.912.397.000,1.912.397.000,3.824.794.000,BBDC4
53,31/12/2010,,602950.0,,,,,51050.0,13.57,1.881.225.000,1.881.225.000,3.762.450.000,BBDC4
54,30/09/2010,,611900.0,,,,,46110.0,12.26,1.881.225.000,1.881.225.000,3.762.450.000,BBDC4
55,30/06/2010,,558100.0,,,,,44300.0,11.77,1.881.225.000,1.881.225.000,3.762.450.000,BBDC4
56,31/03/2010,,532630.0,,,,,43090.0,12.60,1.710.205.000,1.710.204.000,3.420.409.000,BBDC4
57,31/12/2009,,506220.0,,,,,41750.0,12.18,1.713.543.000,1.713.543.000,3.427.086.000,BBDC4
58,30/09/2009,,485690.0,,,,,38880.0,12.66,1.534.935.000,1.534.935.000,3.069.870.000,BBDC4
59,30/06/2009,,482480.0,,,,,37280.0,12.14,1.534.935.000,1.534.935.000,3.069.870.000,BBDC4
60,31/03/2009,,482140.0,,,,,35310.0,11.50,1.534.935.000,1.534.935.000,3.069.870.000,BBDC4
61,31/12/2008,,454410.0,,,,,34260.0,11.16,1.534.935.000,1.534.935.000,3.069.870.000,BBDC4
62,30/09/2008,,422710.0,,,,,34170.0,11.13,1.534.935.000,1.534.935.000,3.069.870.000,BBDC4
63,30/06/2008,,403270.0,,,,,33710.0,10.98,1.534.935.000,1.534.935.000,3.069.870.000,BBDC4
64,31/03/2008,,355520.0,,,,,32910.0,10.72,1.534.935.000,1.534.935.000,3.069.870.000,BBDC4
65,31/12/2007,,341180.0,,,,,30360.0,15.02,1.010.166.000,1.010.754.000,2.020.920.000,BBDC4
66,30/09/2007,,317650.0,,,,,29210.0,14.46,1.010.166.000,1.010.754.000,2.020.920.000,BBDC4
67,30/06/2007,,290570.0,,,,,27510.0,13.74,1.000.866.000,1.001.455.000,2.002.321.000,BBDC4
68,31/03/2007,,281940.0,,,,,26030.0,13.00,1.000.866.000,1.001.455.000,2.002.321.000,BBDC4
69,31/12/2006,,265550.0,,,,,24640.0,24.60,500.823.000,500.818.000,1.001.641.000,BBDC4
70,30/09/2006,,243190.0,,,,,21770.0,22.22,489.914.000,489.909.000,979.823.000,BBDC4
71,30/06/2006,,232940.0,,,,,21460.0,21.90,489.914.000,489.909.000,979.823.000,BBDC4
72,31/03/2006,,216390.0,,,,,20380.0,20.80,489.914.000,489.909.000,979.823.000,BBDC4
73,31/12/2005,,208680.0,,,,,19410.0,19.81,489.914.000,489.939.000,979.853.000,BBDC4
74,30/09/2005,,201910.0,,,,,18260.0,37.09,247.326.000,244.971.000,492.297.000,BBDC4
75,30/06/2005,,194540.0,,,,,17450.0,35.44,247.326.000,244.971.000,492.297.000,BBDC4
76,31/03/2005,,191300.0,,,,,16540.0,33.59,247.326.000,244.971.000,492.297.000,BBDC4
77,31/12/2004,,184930.0,,,,,15210.0,32.07,238.351.000,236.082.000,474.433.000,BBDC4
78,30/09/2004,,179700.0,,,,,14680.0,92.55,79.894.000,78.694.000,158.588.000,BBDC4
79,30/06/2004,,176250.0,,,,,13650.0,86.07,79.894.000,78.694.000,158.588.000,BBDC4
80,31/03/2004,,160970.0,,,,,13620.0,85.91,79.894.000,78.694.000,158.588.000,BBDC4
81,31/12/2003,,176100.0,,,,,13550.0,0.01,798.940.058.000,786.939.365.000,1.585.879.423.000,BBDC4
82,30/09/2003,,164360.0,,,,,12970.0,0.01,798.940.058.000,786.939.365.000,1.585.879.423.000,BBDC4
83,30/06/2003,,154490.0,,,,,12520.0,0.01,798.940.058.000,786.939.365.000,1.585.879.423.000,BBDC4
84,31/03/2003,,145000.0,,,,,11710.0,0.01,763.457.868.000,751.990.146.000,1.515.448.014.000,BBDC4
85,31/12/2002,,142770.0,,,,,10850.0,0.01,729.140.590.000,708.537.612.000,1.437.678.202.000,BBDC4
86,30/09/2002,,140150.0,,,,,10500.0,0.01,729.140.590.000,708.537.612.000,1.437.678.202.000,BBDC4
87,30/06/2002,,124500.0,,,,,10120.0,0.01,729.140.590.000,708.537.612.000,1.437.678.202.000,BBDC4
88,31/03/2002,,88530.0,,,,,9930.0,0.01,729.140.590.000,708.537.612.000,1.437.678.202.000,BBDC4
89,31/12/2001,,83390.0,,,,,9770.0,0.01,733.319.190.000,712.117.012.000,1.445.436.202.000,BBDC4
90,30/06/2001,,78260.0,,,,,9150.0,0.01,733.319.190.000,712.117.012.000,1.445.436.202.000,BBDC4
91,31/03/2001,,73300.0,,,,,8740.0,0.01,733.319.190.000,712.117.012.000,1.445.436.202.000,BBDC4
92,31/12/2000,,64379.99999999999,,,,,8090.0,0.01,711.992.585.000,687.823.697.000,1.399.816.282.000,BBDC4
93,30/09/2000,,64080.0,,,,,7060.0,0.01,554.722.817.000,535.892.517.000,1.090.615.334.000,BBDC4
94,30/06/2000,,61630.0,,,,,7010.0,0.01,554.722.817.000,535.892.517.000,1.090.615.334.000,BBDC4
95,31/03/2000,,79780.0,,,,,6730.0,0.01,554.722.817.000,535.892.517.000,1.090.615.334.000,BBDC4
0,31/03/2024,,17850.0,,,,,12020.0,6.01,2.000.000.000,0,2.000.000.000,BBSE3
1,31/12/2023,,18270.0,,,,,9820.0,4.91,2.000.000.000,0,2.000.000.000,BBSE3
2,30/09/2023,,16239.999999999998,,,,,10660.0,5.33,2.000.000.000,0,2.000.000.000,BBSE3
3,30/06/2023,,16980.0,,,,,8940.0,4.47,2.000.000.000,0,2.000.000.000,BBSE3
4,31/03/2023,,14400.0,,,,,10050.0,5.02,2.000.000.000,0,2.000.000.000,BBSE3
5,31/12/2022,,16129.999999999998,,,,,7600.0,3.80,2.000.000.000,0,2.000.000.000,BBSE3
6,30/09/2022,,13930.0,,,,,9460.0,4.73,2.000.000.000,0,2.000.000.000,BBSE3
7,30/06/2022,,13700.0,,,,,7770.0,3.89,2.000.000.000,0,2.000.000.000,BBSE3
8,31/03/2022,,12130.0,,,,,8450.0,4.22,2.000.000.000,0,2.000.000.000,BBSE3
9,31/12/2021,,13310.0,,,,,7280.0,3.64,2.000.000.000,0,2.000.000.000,BBSE3
10,30/09/2021,,11580.0,,,,,7780.0,3.89,2.000.000.000,0,2.000.000.000,BBSE3
11,30/06/2021,,11380.0,,,,,6900.0,3.45,2.000.000.000,0,2.000.000.000,BBSE3
12,31/03/2021,,10330.0,,,,,7160.0,3.58,2.000.000.000,0,2.000.000.000,BBSE3
13,31/12/2020,,10900.0,,,,,6390.0,3.19,2.000.000.000,0,2.000.000.000,BBSE3
14,30/09/2020,,9640.0,,,,,6360.0,3.18,2.000.000.000,0,2.000.000.000,BBSE3
15,30/06/2020,,9990.0,,,,,5350.0,2.67,2.000.000.000,0,2.000.000.000,BBSE3
16,31/03/2020,,11660.0,,,,,6100.0,3.05,2.000.000.000,0,2.000.000.000,BBSE3
17,31/12/2019,,14930.0,,,,,5250.0,2.62,2.000.000.000,0,2.000.000.000,BBSE3
18,30/09/2019,,14990.0,,,,,10570.0,5.29,2.000.000.000,0,2.000.000.000,BBSE3
19,30/06/2019,,11710.0,,,,,7120.0,3.56,2.000.000.000,0,2.000.000.000,BBSE3
20,31/03/2019,,10210.0,,,,,7790.0,3.90,2.000.000.000,0,2.000.000.000,BBSE3
21,31/12/2018,,13680.0,,,,,6830.0,3.42,2.000.000.000,0,2.000.000.000,BBSE3
22,30/09/2018,,12840.0,,,,,10140.0,5.07,2.000.000.000,0,2.000.000.000,BBSE3
23,30/06/2018,,13280.0,,,,,9270.0,4.63,2.000.000.000,0,2.000.000.000,BBSE3
24,31/03/2018,,12000.0,,,,,9800.0,4.90,2.000.000.000,0,2.000.000.000,BBSE3
25,31/12/2017,,13330.0,,,,,8900.0,4.45,2.000.000.000,0,2.000.000.000,BBSE3
26,30/09/2017,,12540.0,,,,,9890.0,4.94,2.000.000.000,0,2.000.000.000,BBSE3
27,30/06/2017,,12550.0,,,,,8680.0,4.34,2.000.000.000,0,2.000.000.000,BBSE3
28,31/03/2017,,11410.0,,,,,9290.0,4.64,2.000.000.000,0,2.000.000.000,BBSE3
29,31/12/2016,,12540.0,,,,,8290.0,4.14,2.000.000.000,0,2.000.000.000,BBSE3
30,30/09/2016,,11560.0,,,,,8980.0,4.49,2.000.000.000,0,2.000.000.000,BBSE3
31,30/06/2016,,12020.0,,,,,7990.0,3.99,2.000.000.000,0,2.000.000.000,BBSE3
32,31/03/2016,,10670.0,,,,,8530.0,4.26,2.000.000.000,0,2.000.000.000,BBSE3
33,31/12/2015,,11500.0,,,,,7580.0,3.79,2.000.000.000,0,2.000.000.000,BBSE3
34,30/09/2015,,10420.0,,,,,8250.0,4.12,2.000.000.000,0,2.000.000.000,BBSE3
35,30/06/2015,,11110.0,,,,,7240.0,3.62,2.000.000.000,0,2.000.000.000,BBSE3
36,31/03/2015,,9730.0,,,,,7760.0,3.88,2.000.000.000,0,2.000.000.000,BBSE3
37,31/12/2014,,10380.0,,,,,7920.0,3.96,2.000.000.000,0,2.000.000.000,BBSE3
38,30/09/2014,,8980.0,,,,,7250.0,3.63,2.000.000.000,0,2.000.000.000,BBSE3
39,30/06/2014,,9350.0,,,,,7270.0,3.64,2.000.000.000,0,2.000.000.000,BBSE3
40,31/03/2014,,8280.0,,,,,6770.0,3.39,2.000.000.000,0,2.000.000.000,BBSE3
41,31/12/2013,,8790.0,,,,,6940.0,3.47,2.000.000.000,0,2.000.000.000,BBSE3
42,30/09/2013,,7830.0,,,,,6390.0,3.19,2.000.000.000,0,2.000.000.000,BBSE3
43,30/06/2013,,8350.0,,,,,6670.0,3.33,2.000.000.000,0,2.000.000.000,BBSE3
44,31/03/2013,,7570.0,,,,,6120.0,3.06,2.000.000.000,0,2.000.000.000,BBSE3
45,31/12/2012,,7290.0,,,,,5640.0,11.98,470.563.927,0,470.563.927,BBSE3
0,31/03/2024,4240.0,32570.0,4070.0000000000005,20730.0,24790.0,20.55 B,21.73,0.04,607.283.407,0,607.283.407,BEEF3
1,31/12/2023,4010.0,28590.0,3790.0,17760.0,21560.0,17.55 B,174.38,0.29,607.283.407,0,607.283.407,BEEF3
2,30/09/2023,3430.0,25910.0,3320.0,16100.000000000002,19420.0,16.00 B,627.95,1.03,607.283.407,0,607.283.407,BEEF3
3,30/06/2023,3930.0,19870.0,3250.0,10650.0,13890.0,9.96 B,409.78,0.67,607.283.407,0,607.283.407,BEEF3
4,31/03/2023,4480.0,20220.0,2260.0,11820.0,14080.0,9.60 B,533.47,0.88,607.283.407,0,607.283.407,BEEF3
5,31/12/2022,5230.0,21400.0,2080.0,11690.0,13770.0,8.53 B,506.83,0.83,607.283.407,0,607.283.407,BEEF3
6,30/09/2022,5260.0,21330.0,2630.0,11810.0,14440.0,9.19 B,622.0,1.02,607.283.407,0,607.283.407,BEEF3
7,30/06/2022,4400.0,19630.0,1940.0,10870.0,12810.0,8.41 B,698.27,1.15,607.283.407,0,607.283.407,BEEF3
8,31/03/2022,4140.0,17620.0,1420.0,10370.0,11790.0,7.65 B,485.75,0.80,607.283.407,0,607.283.407,BEEF3
9,31/12/2021,6080.0,20070.0,1490.0,11920.0,13400.0,7.33 B,654.13,1.08,606.700.828,0,606.700.828,BEEF3
10,30/09/2021,6290.0,20390.0,1810.0,12040.0,13850.0,7.56 B,483.05,0.88,549.645.853,0,549.645.853,BEEF3
11,30/06/2021,4770.0,17630.0,2260.0,9400.0,11650.0,6.88 B,422.93,0.77,549.634.220,0,549.634.220,BEEF3
12,31/03/2021,4880.0,18200.0,1410.0,10380.0,11790.0,6.92 B,1010.0,1.84,549.621.694,0,549.621.694,BEEF3
13,31/12/2020,4790.0,16920.0,2200.0,9370.0,11570.0,6.78 B,840.07,1.53,548.426.499,0,548.426.499,BEEF3
14,30/09/2020,5040.0,18100.0,1770.0,10290.0,12060.0,7.02 B,1220.0,2.22,548.413.533,0,548.413.533,BEEF3
15,30/06/2020,4560.0,16950.0,2110.0,10140.0,12250.0,7.70 B,838.22,1.72,486.478.283,0,486.478.283,BEEF3
16,31/03/2020,4570.0,16079.999999999998,2170.0,9550.0,11720.0,7.15 B,579.67,1.19,485.580.177,0,485.580.177,BEEF3
17,31/12/2019,3220.0,13230.0,2870.0,7610.0,10480.0,7.26 B,-281.66,-  0.70,403.596.575,0,403.596.575,BEEF3
18,30/09/2019,3140.0,12020.0,2029.9999999999998,7730.0,9760.0,6.62 B,-767.22,-  2.04,376.795.131,0,376.795.131,BEEF3
19,30/06/2019,2300.0,11510.0,2270.0,6990.0,9260.0,6.96 B,-390.32,-  1.04,376.729.949,0,376.729.949,BEEF3
20,31/03/2019,2740.0,12090.0,2880.0,7130.0,10010.0,7.27 B,-373.65,-  0.99,376.687.410,0,376.687.410,BEEF3
21,31/12/2018,3030.0,12820.0,3640.0,6820.0,10470.0,7.43 B,-301.11,-  0.80,376.687.157,0,376.687.157,BEEF3
22,30/09/2018,2870.0,12320.0,3120.0,8270.0,11390.0,8.52 B,-1370.0,-  6.03,226.418.459,0,226.418.459,BEEF3
23,30/06/2018,3220.0,11990.0,2720.0,8350.0,11070.0,7.84 B,-1070.0,-  4.80,223.618.459,0,223.618.459,BEEF3
24,31/03/2018,3210.0,11690.0,2700.0,7080.0,9780.0,6.58 B,-63.82,-  0.29,223.618.459,0,223.618.459,BEEF3
25,31/12/2017,3280.0,11910.0,2190.0,7420.0,9610.0,6.33 B,71.08,0.31,229.860.259,0,229.860.259,BEEF3
26,30/09/2017,2740.0,11040.0,2210.0,5960.0,8170.0,5.43 B,395.84,1.72,229.860.259,0,229.860.259,BEEF3
27,30/06/2017,3540.0,10050.0,2310.0,6050.0,8360.0,4.82 B,361.51,1.57,229.860.259,0,229.860.259,BEEF3
28,31/03/2017,2180.0,8440.0,1210.0,5310.0,6520.0,4.34 B,442.68,1.93,229.860.259,0,229.860.259,BEEF3
29,31/12/2016,2880.0,8960.0,1400.0,5430.0,6830.0,3.94 B,520.62,2.17,239.844.659,0,239.844.659,BEEF3
30,30/09/2016,2760.0,8940.0,1260.0,5470.0,6730.0,3.97 B,633.38,2.64,239.844.659,0,239.844.659,BEEF3
31,30/06/2016,1990.0,8330.0,1320.0,4460.0,5780.0,3.79 B,612.03,2.55,239.844.659,0,239.844.659,BEEF3
32,31/03/2016,2160.0,8770.0,1720.0,4870.0,6600.0,4.44 B,463.23,2.41,191.993.702,0,191.993.702,BEEF3
33,31/12/2015,2000.0,8310.0,1550.0,5460.0,7010.0,5.01 B,-384.07,-  2.00,191.993.702,0,191.993.702,BEEF3
34,30/09/2015,2350.0,9030.0,1410.0,6480.0,7890.0,5.54 B,-466.89,-  2.43,191.993.702,0,191.993.702,BEEF3
35,30/06/2015,1600.0,7730.0,1130.0,5150.0,6280.0,4.69 B,227.49,1.18,191.993.702,0,191.993.702,BEEF3
36,31/03/2015,1920.0,7960.0,983.3,5410.0,6400.0,4.47 B,-29.79,-  0.17,178.002.062,0,178.002.062,BEEF3
37,31/12/2014,1610.0,7220.0,723.96,4600.0,5330.0,3.72 B,479.81,2.70,178.000.090,0,178.000.090,BEEF3
38,30/09/2014,1300.0,6230.0,444.67,4230.0,4670.0,3.38 B,390.03,2.62,149.000.000,0,149.000.000,BEEF3
39,30/06/2014,1260.0,5770.0,800.17,3420.0,4220.0,2.96 B,554.24,3.72,149.000.090,0,149.000.090,BEEF3
40,31/03/2014,487.4,4880.0,659.89,2810.0,3470.0,2.99 B,536.64,3.60,149.000.090,0,149.000.090,BEEF3
41,31/12/2013,712.68,4980.0,515.53,2910.0,3430.0,2.72 B,442.89,3.05,145.056.023,0,145.056.023,BEEF3
42,30/09/2013,624.38,4690.0,496.64,2620.0,3110.0,2.49 B,536.99,3.80,141.344.525,0,141.344.525,BEEF3
43,30/06/2013,550.42,4530.0,511.16,2570.0,3080.0,2.53 B,492.85,3.36,146.575.057,0,146.575.057,BEEF3
44,31/03/2013,429.22,4019.9999999999995,349.28,2060.0,2410.0,1.98 B,722.24,4.93,146.575.057,0,146.575.057,BEEF3
45,31/12/2012,467.25,4370.0,533.11,2130.0,2670.0,2.20 B,751.89,5.14,146.307.556,0,146.307.556,BEEF3
46,30/09/2012,440.98,3880.0,545.16,2060.0,2610.0,2.17 B,367.04,3.37,108.807.556,0,108.807.556,BEEF3
47,30/06/2012,371.18,3670.0,279.3,2150.0,2430.0,2.06 B,340.53,3.22,105.680.310,0,105.680.310,BEEF3
48,31/03/2012,555.31,3600.0,276.91,2000.0,2270.0,1.72 B,460.03,4.31,106.650.412,0,106.650.412,BEEF3
49,31/12/2011,229.48,3500.0,540.67,1490.0,2040.0,1.81 B,535.96,5.06,105.909.718,0,105.909.718,BEEF3
50,30/09/2011,138.17,3420.0,503.24,1500.0,2000.0,1.86 B,716.1,6.77,105.843.818,0,105.843.818,BEEF3
51,30/06/2011,134.4,3080.0,402.96,1500.0,1910.0,1.77 B,506.27,4.79,105.794.018,0,105.794.018,BEEF3
52,31/03/2011,156.23,2860.0,306.32,1490.0,1800.0,1.64 B,506.67,4.79,105.794.018,0,105.794.018,BEEF3
53,31/12/2010,151.86,2630.0,236.89,1400.0,1630.0,1.48 B,506.49,4.79,105.793.418,0,105.793.418,BEEF3
54,30/09/2010,472.73,2330.0,101.4,1340.0,1440.0,968.57 M,508.53,4.81,105.737.000,0,105.737.000,BEEF3
55,30/06/2010,504.97,2300.0,182.07,1260.0,1440.0,937.93 M,491.51,4.65,105.737.000,0,105.737.000,BEEF3
56,31/03/2010,464.52,2180.0,137.2,1210.0,1350.0,882.46 M,499.8,4.76,105.000.000,0,105.000.000,BEEF3
57,31/12/2009,424.01,2070.0,291.07,932.3,1220.0,799.36 M,526.72,5.02,105.000.000,0,105.000.000,BEEF3
58,30/09/2009,407.27,2050.0,416.96,807.74,1220.0,817.43 M,529.76,5.09,104.031.000,0,104.031.000,BEEF3
59,30/06/2009,405.68,1990.0,455.03,888.08,1340.0,937.43 M,370.09,4.93,75.000.000,0,75.000.000,BEEF3
60,31/03/2009,456.06,1990.0,392.19,1050.0,1440.0,985.84 M,313.4,4.18,75.000.000,0,75.000.000,BEEF3
61,31/12/2008,466.54,2020.0,357.84,1050.0,1410.0,943.38 M,314.05,4.19,75.000.000,0,75.000.000,BEEF3
62,30/09/2008,565.52,2090.0,185.76,905.32,1090.0,525.56 M,494.19,6.59,75.000.000,0,75.000.000,BEEF3
63,30/06/2008,251.32,1560.0,165.34,535.1,700.44,449.12 M,549.39,7.33,75.000.000,0,75.000.000,BEEF3
64,31/03/2008,359.96,1440.0,65.11,572.2,637.31,277.35 M,530.04,7.07,75.000.000,0,75.000.000,BEEF3
65,31/12/2007,376.45,1370.0,62.68,473.9,536.58,160.13 M,530.04,7.07,75.000.000,0,75.000.000,BEEF3
66,30/09/2007,462.6,1360.0,61.35,500.26,561.62,99.01 M,524.36,6.99,75.000.000,0,75.000.000,BEEF3
67,30/06/2007,189.78,1010.0,82.82,541.09,623.91,434.13 M,165.93,3.02,55.000.000,0,55.000.000,BEEF3
68,31/03/2007,314.95,1120.0,97.64,592.38,690.02,375.07 M,199.37,10.94,18.231.000,0,18.231.000,BEEF3
69,31/12/2006,92.92,900.78,253.29,192.91,446.2,353.28 M,187.98,10.31,18.231.000,0,18.231.000,BEEF3
0,31/03/2024,,487260.0,,,,,51960.0,4.52,7.244.165.568,4.261.954.360,11.506.119.928,BPAC11
1,31/12/2023,,442250.0,,,,,49380.0,4.29,7.244.165.568,4.261.954.360,11.506.119.928,BPAC11
2,30/09/2023,,426160.0,,,,,47770.0,4.15,7.244.165.568,4.261.954.360,11.506.119.928,BPAC11
3,30/06/2023,,390000.0,,,,,46710.0,4.06,7.244.165.568,4.261.954.360,11.506.119.928,BPAC11
4,31/03/2023,,367170.0,,,,,44210.0,3.84,7.244.165.568,4.261.954.360,11.506.119.928,BPAC11
5,31/12/2022,,369590.0,,,,,42370.0,3.68,7.244.165.568,4.261.954.360,11.506.119.928,BPAC11
6,30/09/2022,,368820.0,,,,,42260.0,3.67,7.244.165.568,4.261.954.360,11.506.119.928,BPAC11
7,30/06/2022,,384220.0,,,,,41360.0,3.59,7.244.165.568,4.261.954.360,11.506.119.928,BPAC11
8,31/03/2022,,327950.0,,,,,39300.0,3.42,7.244.165.568,4.261.954.360,11.506.119.928,BPAC11
9,31/12/2021,,318200.0,,,,,37380.0,3.25,7.244.165.568,4.261.954.360,11.506.119.928,BPAC11
10,30/09/2021,,340560.0,,,,,36260.0,3.16,7.234.454.000,4.242.531.224,11.476.985.224,BPAC11
11,30/06/2021,,301410.0,,,,,35040.0,3.05,7.234.454.500,4.242.531.224,11.476.985.724,BPAC11
12,31/03/2021,,301280.0,,,,,30410.0,10.88,1.784.211.500,1.011.828.806,2.796.040.306,BPAC11
13,31/12/2020,,253270.0,,,,,26680.0,9.84,1.756.433.722,956.273.250,2.712.706.972,BPAC11
14,30/09/2020,,272560.0,,,,,25990.0,9.58,1.756.433.722,956.273.250,2.712.706.972,BPAC11
15,30/06/2020,,245130.0,,,,,25570.0,9.43,1.756.433.722,956.273.250,2.712.706.972,BPAC11
16,31/03/2020,,236220.0,,,,,22000.0,8.34,1.731.276.922,905.959.650,2.637.236.572,BPAC11
17,31/12/2019,,166340.0,,,,,21600.0,8.19,1.731.276.922,905.959.650,2.637.236.572,BPAC11
18,30/09/2019,,179780.0,,,,,20770.0,7.87,1.731.276.922,905.959.650,2.637.236.572,BPAC11
19,30/06/2019,,188540.0,,,,,20380.0,7.73,1.731.276.922,905.959.650,2.637.236.572,BPAC11
20,31/03/2019,,182140.0,,,,,19390.0,7.35,1.731.276.922,905.959.650,2.637.236.572,BPAC11
21,31/12/2018,,131990.0,,,,,18940.0,7.18,1.731.276.922,905.959.650,2.637.236.572,BPAC11
22,30/09/2018,,179080.0,,,,,19130.0,7.13,1.746.065.322,935.536.450,2.681.601.772,BPAC11
23,30/06/2018,,168120.0,,,,,19160.0,7.15,1.746.065.322,935.536.450,2.681.601.772,BPAC11
24,31/03/2018,,153390.0,,,,,18650.0,6.95,1.746.065.322,935.536.450,2.681.601.772,BPAC11
25,31/12/2017,,117470.0,,,,,18750.0,6.99,1.746.065.322,935.536.450,2.681.601.772,BPAC11
26,30/09/2017,,143390.0,,,,,18550.0,6.92,1.746.065.322,935.536.450,2.681.601.772,BPAC11
27,30/06/2017,,143440.0,,,,,18020.0,6.60,1.762.281.522,967.968.849,2.730.250.371,BPAC11
28,31/03/2017,,151050.0,,,,,18280.0,6.58,1.778.353.202,1.000.112.209,2.778.465.411,BPAC11
29,31/12/2016,,111410.0,,,,,17040.0,4.98,1.352.401.604,2.065.217.271,3.417.618.875,BPAC11
30,30/09/2016,,146030.0,,,,,21260.0,6.22,1.352.401.464,2.065.217.411,3.417.618.875,BPAC11
31,30/06/2016,,144150.0,,,,,20830.0,7.72,1.384.479.772,1.311.847.544,2.696.327.316,BPAC11
32,31/03/2016,,149720.0,,,,,20350.0,7.55,1.384.479.472,1.311.847.544,2.696.327.016,BPAC11
33,31/12/2015,,243000.0,,,,,20020.0,7.26,1.404.405.002,1.351.698.004,2.756.103.006,BPAC11
34,30/09/2015,,188120.0,,,,,18860.0,6.70,1.424.305.814,1.391.499.628,2.815.805.442,BPAC11
35,30/06/2015,,161240.0,,,,,16280.000000000002,6.00,1.390.671.404,1.324.230.808,2.714.902.212,BPAC11
36,31/03/2015,,163240.0,,,,,15470.0,5.70,1.390.671.404,1.324.230.808,2.714.902.212,BPAC11
37,31/12/2014,,157710.0,,,,,14900.0,5.49,1.390.671.404,1.324.230.808,2.714.902.212,BPAC11
38,30/09/2014,,135280.0,,,,,14220.0,5.24,1.390.671.404,1.324.230.808,2.714.902.212,BPAC11
39,30/06/2014,,114330.0,,,,,13430.0,4.94,1.390.671.404,1.324.230.808,2.714.902.212,BPAC11
40,31/03/2014,,122400.0,,,,,13010.0,4.79,1.390.671.404,1.324.230.808,2.714.902.212,BPAC11
41,31/12/2013,,120890.0,,,,,12480.0,4.60,1.390.671.404,1.324.230.808,2.714.902.212,BPAC11
42,30/09/2013,,117350.0,,,,,11600.0,4.27,1.390.671.404,1.324.230.808,2.714.902.212,BPAC11
43,30/06/2013,,122960.0,,,,,10980.0,4.04,1.390.671.404,1.324.230.808,2.714.902.212,BPAC11
44,31/03/2013,,102550.0,,,,,10550.0,3.89,1.390.671.404,1.324.230.808,2.714.902.212,BPAC11
45,31/12/2012,,124430.0,,,,,10350.0,3.81,1.390.671.404,1.324.230.808,2.714.902.212,BPAC11
46,30/09/2012,,85430.0,,,,,9360.0,3.53,1.368.504.000,1.279.896.000,2.648.400.000,BPAC11
47,30/06/2012,,82130.0,,,,,8940.0,3.37,1.368.504.000,1.279.896.000,2.648.400.000,BPAC11
48,31/03/2012,,72450.0,,,,,6740.0,2.81,1.200.160.000,1.199.840.000,2.400.000.000,BPAC11
49,31/12/2011,,82390.0,,,,,6330.0,2.64,2.400.000.000,0,2.400.000.000,BPAC11
50,30/09/2011,,59320.0,,,,,5650.0,2.36,1.200.160.000,1.199.840.000,2.400.000.000,BPAC11
51,30/06/2011,,52280.0,,,,,5830.0,2.43,1.200.160.000,1.199.840.000,2.400.000.000,BPAC11
52,31/03/2011,,41850.0,,,,,5600.0,2.33,1.200.160.000,1.199.840.000,2.400.000.000,BPAC11
53,31/12/2010,,46460.0,,,,,5600.0,2.33,1.200.160.000,1.199.840.000,2.400.000.000,BPAC11
0,31/03/2024,710.88,8270.0,,,,-  710.88 M,8210.0,20.90,137.990.000,255.107.000,393.097.000,BRAP4
1,31/12/2023,246.2,7890.0,,,,-  246.20 M,7830.0,19.93,137.990.000,255.107.000,393.097.000,BRAP4
2,30/09/2023,503.06,8130.000000000001,,,,-  503.06 M,8020.0,20.41,137.990.000,255.107.000,393.097.000,BRAP4
3,30/06/2023,259.35,7640.0,,,,-  259.35 M,7590.0,19.30,137.990.000,255.107.000,393.097.000,BRAP4
4,31/03/2023,782.88,8020.0,,,,-  782.88 M,7430.0,18.91,137.990.000,255.107.000,393.097.000,BRAP4
5,31/12/2022,408.7,8060.000000000001,,,,-  408.70 M,7480.0,19.02,137.990.000,255.107.000,393.097.000,BRAP4
6,30/09/2022,842.74,7930.0,,,,-  842.74 M,7830.0,19.93,137.990.000,255.107.000,393.097.000,BRAP4
7,30/06/2022,310.38,7790.0,,,,-  310.38 M,7740.0,19.69,137.990.000,255.107.000,393.097.000,BRAP4
8,31/03/2022,905.32,7720.0,,,,-  905.32 M,7660.0,19.50,137.990.000,255.107.000,393.097.000,BRAP4
9,31/12/2021,294.71,7550.0,,,,-  294.71 M,7500.0,19.09,137.990.000,255.107.000,393.097.000,BRAP4
10,30/09/2021,2560.0,14590.0,,,,-  2.56 B,14550.0,37.01,137.990.000,255.107.000,393.097.000,BRAP4
11,30/06/2021,748.93,13480.0,,,,-  748.93 M,13420.0,38.56,122.171.000,225.863.000,348.034.000,BRAP4
12,31/03/2021,1240.0,13370.0,,,,-  1.24 B,12160.0,34.95,122.171.000,225.863.000,348.034.000,BRAP4
13,31/12/2020,62.56,11300.0,,,,-  62.56 M,11250.0,32.34,122.171.000,225.863.000,348.034.000,BRAP4
14,30/09/2020,967.49,12370.0,228.39,,228.39,-  739.10 M,12010.0,34.51,122.171.000,225.863.000,348.034.000,BRAP4
15,30/06/2020,197.08,11480.0,227.16,,227.16,30.07 M,10970.0,31.52,122.171.000,225.863.000,348.034.000,BRAP4
16,31/03/2020,199.62,11030.0,,225.4,225.4,25.78 M,10520.0,30.23,122.171.000,225.863.000,348.034.000,BRAP4
17,31/12/2019,201.19,10110.0,,223.02,223.02,21.83 M,9560.0,27.47,122.171.000,225.863.000,348.034.000,BRAP4
18,30/09/2019,203.09,10460.0,,220.15,220.15,17.06 M,10200.0,29.32,122.171.000,225.863.000,348.034.000,BRAP4
19,30/06/2019,187.46,9810.0,,216.64,216.64,29.18 M,9550.0,27.45,122.171.000,225.863.000,348.034.000,BRAP4
20,31/03/2019,328.61,10110.0,,213.2,213.2,-  115.41 M,9660.0,27.76,122.171.000,225.863.000,348.034.000,BRAP4
21,31/12/2018,459.81,10630.0,,209.86,209.86,-  249.95 M,9960.0,28.62,122.171.000,225.863.000,348.034.000,BRAP4
22,30/09/2018,1510.0,12360.0,,710.84,710.84,-  800.24 M,9160.0,26.32,122.171.000,225.863.000,348.034.000,BRAP4
23,30/06/2018,86.66,11340.0,664.94,699.96,1360.0,1.28 B,8690.0,24.98,122.171.000,225.863.000,348.034.000,BRAP4
24,31/03/2018,1620.0,11330.0,1740.0,,1740.0,122.50 M,8500.0,24.33,122.523.000,227.025.000,349.548.000,BRAP4
25,31/12/2017,1670.0,11320.0,1710.0,,1710.0,40.19 M,8810.0,25.19,122.523.000,227.025.000,349.548.000,BRAP4
26,30/09/2017,479.93,11270.0,1680.0,,1680.0,1.20 B,8920.0,25.51,122.523.000,227.025.000,349.548.000,BRAP4
27,30/06/2017,472.53,10630.0,,1640.0,1640.0,1.17 B,8310.0,23.78,122.523.000,227.025.000,349.548.000,BRAP4
28,31/03/2017,420.76,10640.0,,1600.0,1600.0,1.18 B,8250.0,23.59,122.523.000,227.025.000,349.548.000,BRAP4
29,31/12/2016,439.06,10280.0,,1550.0,1550.0,1.11 B,7910.0,22.63,122.523.000,227.025.000,349.548.000,BRAP4
30,30/09/2016,398.48,10110.0,,1500.0,1500.0,1.10 B,8000.0,22.90,122.523.000,227.025.000,349.548.000,BRAP4
31,30/06/2016,384.95,9750.0,,1440.0,1440.0,1.06 B,7770.0,22.24,122.523.000,227.025.000,349.548.000,BRAP4
32,31/03/2016,382.16,9910.0,,1390.0,1390.0,1.01 B,8010.0,22.91,122.523.000,227.025.000,349.548.000,BRAP4
33,31/12/2015,377.98,9690.0,,1350.0,1350.0,969.72 M,7920.0,22.65,122.523.000,227.025.000,349.548.000,BRAP4
34,30/09/2015,327.9,11850.0,,1300.0,1300.0,973.41 M,10120.0,28.96,122.523.000,227.025.000,349.548.000,BRAP4
35,30/06/2015,302.43,10950.0,1240.0,,1240.0,935.43 M,9190.0,26.30,122.523.000,227.025.000,349.548.000,BRAP4
36,31/03/2015,296.32,11010.0,1200.0,,1200.0,903.28 M,9300.0,26.60,122.523.000,227.025.000,349.548.000,BRAP4
37,31/12/2014,312.0,10600.0,1170.0,,1170.0,853.11 M,8940.0,25.57,122.523.000,227.025.000,349.548.000,BRAP4
38,30/09/2014,208.58,10980.0,1130.0,,1130.0,923.55 M,9360.0,26.79,122.523.000,227.025.000,349.548.000,BRAP4
39,30/06/2014,346.87,10910.0,,1100.0,1100.0,753.62 M,8970.0,25.65,122.523.000,227.025.000,349.548.000,BRAP4
40,31/03/2014,262.72,10960.0,,1070.0,1070.0,809.42 M,9110.0,26.08,122.523.000,227.025.000,349.548.000,BRAP4
41,31/12/2013,258.68,10860.0,,1050.0,1050.0,787.01 M,9030.0,25.85,122.523.000,227.025.000,349.548.000,BRAP4
42,30/09/2013,265.67,11820.0,,1020.0,1020.0,755.16 M,10030.0,28.70,122.523.000,227.025.000,349.548.000,BRAP4
43,30/06/2013,248.96,11320.0,985.65,,985.65,736.69 M,9540.0,27.30,122.523.000,227.025.000,349.548.000,BRAP4
44,31/03/2013,255.18,11090.0,967.45,,967.45,712.27 M,9360.0,26.78,122.523.000,227.025.000,349.548.000,BRAP4
45,31/12/2012,254.21,11060.0,951.26,,951.26,697.05 M,9320.0,26.65,122.523.000,227.025.000,349.548.000,BRAP4
46,30/09/2012,261.81,11730.0,934.53,,934.53,672.72 M,9880.0,28.27,122.523.000,227.025.000,349.548.000,BRAP4
47,30/06/2012,219.39,11460.0,321.74,566.45,888.19,668.81 M,9600.0,27.47,122.523.000,227.025.000,349.548.000,BRAP4
48,31/03/2012,262.21,11140.0,314.82,554.15,868.97,606.77 M,9040.0,25.87,122.523.000,227.025.000,349.548.000,BRAP4
49,31/12/2011,263.98,10740.0,306.88,540.04,846.92,582.94 M,8670.0,24.82,122.523.000,227.025.000,349.548.000,BRAP4
50,30/09/2011,219.94,10260.0,298.5,525.14,823.64,603.70 M,8720.0,24.93,122.523.000,227.025.000,349.548.000,BRAP4
51,30/06/2011,79.49,9300.0,806.67,,806.67,727.19 M,7740.0,22.15,122.523.000,227.025.000,349.548.000,BRAP4
52,31/03/2011,1360.0,14640.0,782.61,,782.61,-  575.39 M,7450.0,21.31,122.523.000,227.025.000,349.548.000,BRAP4
53,31/12/2010,955.73,14280.0,1110.0,2320.0,3430.0,2.47 B,6780.0,19.39,122.523.000,227.025.000,349.548.000,BRAP4
54,30/09/2010,1150.0,12900.0,739.68,96.31,835.99,-  315.19 M,6170.0,17.65,122.523.000,227.025.000,349.548.000,BRAP4
55,30/06/2010,966.26,12340.0,152.37,799.72,952.1,-  14.17 M,5620.0,16.08,122.523.000,227.025.000,349.548.000,BRAP4
56,31/03/2010,1470.0,11620.0,148.21,701.8,850.02,-  620.91 M,5300.0,15.15,122.664.000,227.025.000,349.689.000,BRAP4
57,31/12/2009,1060.0,11110.0,492.7,2790.0,3280.0,2.22 B,5050.0,14.44,122.664.000,227.025.000,349.689.000,BRAP4
58,30/09/2009,278.62,6170.0,140.59,670.87,811.46,532.85 M,5220.0,14.93,122.664.000,227.025.000,349.689.000,BRAP4
59,30/06/2009,183.78,6010.0,,,,-  183.78 M,5150.0,14.72,122.664.000,227.025.000,349.689.000,BRAP4
60,31/03/2009,241.52,6660.0,,627.88,627.88,386.36 M,5030.0,14.39,122.664.000,227.025.000,349.689.000,BRAP4
61,31/12/2008,1910.0,11930.0,155.2,2480.0,2640.0,721.08 M,4940.0,14.11,122.664.000,227.025.000,349.689.000,BRAP4
62,30/09/2008,389.86,6520.0,,,,-  389.86 M,4980.0,14.23,122.664.000,227.025.000,349.689.000,BRAP4
63,30/06/2008,298.75,4390.0,,,,-  298.75 M,4280.0,12.23,122.664.000,227.025.000,349.689.000,BRAP4
64,31/03/2008,310.61,4240.0,,,,-  310.61 M,3970.0,11.35,122.664.000,227.025.000,349.689.000,BRAP4
65,31/12/2007,434.02,8400.0,190.31,1840.0,2029.9999999999998,1.59 B,3860.0,11.03,122.664.000,227.025.000,349.689.000,BRAP4
66,30/09/2007,133.19,4040.0,,,,-  133.19 M,3930.0,22.48,61.332.000,113.513.000,174.845.000,BRAP4
67,30/06/2007,131.47,3810.0,,,,-  131.47 M,3700.0,21.15,61.332.000,113.513.000,174.845.000,BRAP4
68,31/03/2007,175.17,3580.0,,,,-  175.17 M,3410.0,19.53,61.332.000,113.513.000,174.845.000,BRAP4
69,31/12/2006,921.16,8000.0,207.27,2600.0,2810.0,1.89 B,3150.0,36.05,30.666.000,56.756.000,87.422.000,BRAP4
70,30/09/2006,289.08,3320.0,,,,-  289.08 M,3220.0,36.89,30.666.000,56.756.000,87.422.000,BRAP4
71,30/06/2006,283.09,3150.0,,,,-  283.09 M,3050.0,34.91,30.666.000,56.756.000,87.422.000,BRAP4
72,31/03/2006,16.82,2940.0,,,,-  16.82 M,2770.0,31.69,30.666.000,56.756.000,87.422.000,BRAP4
73,31/12/2005,441.22,6350.0,579.99,1410.0,1990.0,1.55 B,2650.0,30.31,30.666.000,56.756.000,87.422.000,BRAP4
74,30/09/2005,11.32,2740.0,,,,-  11.32 M,2700.0,30.91,30.666.000,56.756.000,87.422.000,BRAP4
75,30/06/2005,14.4,2590.0,,,,-  14.40 M,2550.0,29.15,30.666.000,56.756.000,87.422.000,BRAP4
76,31/03/2005,17.24,2400.0,,,,-  17.24 M,2360.0,54.06,15.333.000,28.378.000,43.711.000,BRAP4
77,31/12/2004,508.47,5880.0,351.74,1770.0,2120.0,1.61 B,2240.0,51.26,15.333.000,28.378.000,43.711.000,BRAP4
78,30/09/2004,24.43,1210.0,,,,-  24.43 M,1170.0,38.79,15.333.000,14.813.000,30.146.000,BRAP4
79,30/06/2004,,1120.0,,,,-  831.00 mil,1110.0,0.00,766.653.183.000,740.628.817.000,1.507.282.000.000,BRAP4
80,31/03/2004,,1100.0,,,,-  501.00 mil,1080.0,0.00,766.653.183.000,740.628.817.000,1.507.282.000.000,BRAP4
81,31/12/2003,656.06,5850.0,533.76,2730.0,3270.0,2.61 B,1060.0,0.00,766.653.183.000,740.628.817.000,1.507.282.000.000,BRAP4
82,30/09/2003,5.07,1150.0,,,,-  5.07 M,1130.0,0.00,766.653.183.000,740.628.817.000,1.507.282.000.000,BRAP4
83,30/06/2003,1.73,997.65,,,,-  1.73 M,978.96,0.00,766.653.183.000,740.628.817.000,1.507.282.000.000,BRAP4
84,31/03/2003,2.98,1110.0,,,,-  2.98 M,1100.0,0.00,766.653.183.000,740.628.817.000,1.507.282.000.000,BRAP4
85,31/12/2002,626.27,7580.0,1120.0,3930.0,5050.0,4.42 B,1190.0,0.00,766.653.183.000,740.628.817.000,1.507.282.000.000,BRAP4
86,30/09/2002,55.62,1420.0,,,,-  55.62 M,580.37,0.00,766.653.183.000,740.628.817.000,1.507.282.000.000,BRAP4
87,30/06/2002,56.12,1560.0,,,,-  56.12 M,760.59,0.00,766.653.183.000,740.628.817.000,1.507.282.000.000,BRAP4
88,31/03/2002,7.63,2120.0,,,,-  7.63 M,1360.0,0.00,766.653.183.000,740.628.817.000,1.507.282.000.000,BRAP4
89,31/12/2001,506.89,6840.0,659.06,3610.0,4270.0,3.77 B,1440.0,0.00,766.653.183.000,740.628.817.000,1.507.282.000.000,BRAP4
90,31/03/2001,15.77,2310.0,,,,-  15.77 M,1490.0,0.00,766.653.183.000,740.628.817.000,1.507.282.000.000,BRAP4
91,31/12/2000,440.78,7540.0,451.05,3830.0,4290.0,3.85 B,1060.0,0.00,554.722.817.000,535.892.517.000,1.090.615.334.000,BRAP4
92,30/09/2000,,897.19,,,,-  367.00 mil,888.4,0.00,554.722.817.000,535.892.517.000,1.090.615.334.000,BRAP4
93,30/06/2000,,947.47,,,,-  525.00 mil,942.91,0.00,554.722.817.000,535.892.517.000,1.090.615.334.000,BRAP4
94,31/03/2000,,997.13,,,,0.00,997.13,0.00,554.722.817.000,535.892.517.000,1.090.615.334.000,BRAP4
95,29/02/2000,632.02,6070.0,879.76,2740.0,3620.0,2.99 B,993.22,0.00,554.722.817.000,535.892.517.000,1.090.615.334.000,BRAP4
