,receita_liquida,resultado_bruto,ebit,amortizacao,ebitda,lucro_liquido,lucro_por_acao,datas,tic
0,22100.0,11120.0,5350.0,-1660.0,7020.0,3460.0,0.22,30/09/2024,ABEV3
1,20040.0,9980.0,4050.0,-1620.0,5660.0,2400.0,0.15,30/06/2024,ABEV3
2,20280.0,10220.0,4880.0,-1570.0,6450.0,3700.0,0.23,31/03/2024,ABEV3
3,19990.0,10690.0,5430.0,-1400.0,6820.0,4390.0,0.28,31/12/2023,ABEV3
4,20320.0,10090.0,4900.0,-1590.0,6480.0,3910.0,0.25,30/09/2023,ABEV3
5,18900.0,9260.0,3450.0,-1580.0,5020.0,2500.0,0.16,30/06/2023,ABEV3
6,20530.0,10400.0,4880.0,-1460.0,6330.0,3700.0,0.23,31/03/2023,ABEV3
7,22690.0,11710.0,5410.0,-1480.0,6890.0,4970.0,0.32,31/12/2022,ABEV3
8,20590.0,9940.0,4050.0,-1440.0,5490.0,3110.0,0.20,30/09/2022,ABEV3
9,17990.0,8610.0,4030.0000000000005,-1280.0,5320.0,2970.0,0.19,30/06/2022,ABEV3
10,18440.0,9020.0,4160.0,-1270.0,5430.0,3410.0,0.22,31/03/2022,ABEV3
11,22010.0,11510.0,5090.0,-1360.0,6450.0,3610.0,0.23,31/12/2021,ABEV3
12,18490.0,9240.0,4000.0,-1320.0,5320.0,3550.0,0.23,30/09/2021,ABEV3
13,15710.0,7750.0,3890.0,-1220.0,5120.0,2890.0,0.18,30/06/2021,ABEV3
14,16640.0,8690.0,3980.0,-1210.0,5190.0,2630.0,0.17,31/03/2021,ABEV3
15,18560.0,10360.0,7420.0,-1300.0,8720.0,6790.0,0.43,31/12/2020,ABEV3
16,15600.0,8180.0,3580.0,-1260.0,4830.0,2270.0,0.14,30/09/2020,ABEV3
17,11620.0,5810.0,1900.0,-1270.0,3170.0,1230.0,0.08,30/06/2020,ABEV3
18,12600.0,6960.0,3030.0,-1150.0,4180.0,1090.0,0.07,31/03/2020,ABEV3
19,15860.0,9480.0,5320.0,-1220.0,6540.0,4100.0,0.26,31/12/2019,ABEV3
20,11960.0,6730.0,3130.0,-1220.0,4350.0,2500.0,0.16,30/09/2019,ABEV3
21,12150.0,7180.0,3550.0,-1060.0,4610.0,2520.0,0.16,30/06/2019,ABEV3
22,12640.0,7530.0,4050.0,-1030.0,5080.0,2660.0,0.17,31/03/2019,ABEV3
23,16020.0,9970.0,6210.0,-1060.0,7270.0,3360.0,0.21,31/12/2018,ABEV3
24,11060.0,6690.0,3370.0,-1050.0,4410.0,2830.0,0.18,30/09/2018,ABEV3
25,11510.0,7120.0,3650.0,-894.99,4550.0,2320.0,0.15,30/06/2018,ABEV3
26,11640.0,7180.0,3760.0,-839.49,4600.0,2520.0,0.16,31/03/2018,ABEV3
27,15030.0,10040.0,6270.0,-950.52,7220.0,3120.0,0.20,31/12/2017,ABEV3
28,11360.0,6880.0,3610.0,-885.9,4500.0,,0.00,30/09/2017,ABEV3
29,10270.0,6220.0,3040.0,-853.82,3900.0,2009.9999999999998,0.13,30/06/2017,ABEV3
30,11240.0,6720.0,3500.0,-795.79,4300.0,2200.0,0.14,31/03/2017,ABEV3
31,13180.0,8570.0,6270.0,-868.79,7140.0,4670.0,0.30,31/12/2016,ABEV3
32,10480.0,6270.0,3130.0,-828.34,3960.0,3060.0,0.19,30/09/2016,ABEV3
33,10380.0,6480.0,3300.0,-866.36,4170.0,2050.0,0.13,30/06/2016,ABEV3
34,11570.0,7600.0,4400.0,-827.67,5230.0,2770.0,0.18,31/03/2016,ABEV3
35,15300.0,10370.0,7040.0,-846.33,7890.0,4150.0,0.26,31/12/2015,ABEV3
36,10750.0,7000.0,4220.0,-735.82,4950.0,2950.0,0.19,30/09/2015,ABEV3
37,9910.0,6140.0,3120.0,-731.72,3850.0,2510.0,0.16,30/06/2015,ABEV3
38,10770.0,7150.0,4400.0,-649.59,5050.0,2810.0,0.18,31/03/2015,ABEV3
39,12230.0,8420.0,6060.0,-660.64,6720.0,4540.0,0.29,31/12/2014,ABEV3
40,8620.0,5670.0,3490.0,-578.82,4070.0000000000005,2810.0,0.18,30/09/2014,ABEV3
41,8180.0,5140.0,2770.0,-535.53,3310.0,2170.0,0.14,30/06/2014,ABEV3
42,9050.0,6040.0,3520.0,-515.68,4030.0000000000005,2550.0,0.16,31/03/2014,ABEV3
43,11050.0,7780.0,5920.0,-582.93,6510.0,4670.0,0.30,31/12/2013,ABEV3
44,8460.0,5630.0,3670.0,-453.45,4120.0,2290.0,0.24,30/09/2013,ABEV3
45,7500.0,4880.0,2690.0,-982.85,6770.0,1140.0,0.12,30/06/2013,ABEV3
46,10.62,10.62,8.12,,8.12,9.77,0.04,31/03/2013,ABEV3
47,10.62,10.62,8.12,,8.12,9.77,0.04,31/12/2012,ABEV3
0,5130.0,1590.0,1030.0,-626.12,1650.0,121.19,0.10,30/09/2024,AZUL4
1,4170.0,759.61,441.18,-611.42,1050.0,-3810.0,-  3.01,30/06/2024,AZUL4
2,4680.0,1240.0,800.74,-614.5,1420.0,-1050.0,-  0.83,31/03/2024,AZUL4
3,4910.0,1000.0,520.01,-583.88,1100.0,-52.84,-  0.04,31/12/2023,AZUL4
4,4920.0,1120.0,671.83,-625.53,1300.0,-1610.0,-  1.28,30/09/2023,AZUL4
5,4250.0,666.19,301.22,-627.17,928.38,23.91,0.02,30/06/2023,AZUL4
6,4480.0,583.5,168.03,-567.65,735.68,-736.64,-  0.58,31/03/2023,AZUL4
7,4450.0,1450.0,1090.0,-572.99,1660.0,1110.0,0.87,31/12/2022,AZUL4
8,4380.0,742.74,351.23,-521.26,872.5,-2009.9999999999998,-  1.59,30/09/2022,AZUL4
9,3920.0,424.14,136.47,-478.16,614.62,-2480.0,-  1.96,30/06/2022,AZUL4
10,3190.0,172.21,-149.84,-522.04,372.19,2670.0,2.11,31/03/2022,AZUL4
11,3730.0,1590.0,629.46,-502.02,1130.0,-392.34,-  0.31,31/12/2021,AZUL4
12,2720.0,380.92,73.19,-349.28,422.47,-2200.0,-  1.74,30/09/2021,AZUL4
13,1700.0,-119.48,-401.92,-349.28,-52.63,1160.0,0.92,30/06/2021,AZUL4
14,1830.0,-2.58,-245.94,-343.75,97.81,-2790.0,-  2.21,31/03/2021,AZUL4
15,1730.0,521.09,-286.38,-383.03,96.65,-317.39,-  0.25,31/12/2020,AZUL4
16,805.33,16.5,-247.66,-445.95,198.29,-1230.0,-  0.97,30/09/2020,AZUL4
17,401.59,-709.29,-1020.0,-495.91,-527.94,-3140.0,-  2.50,30/06/2020,AZUL4
18,2800.0,457.14,158.8,-480.67,639.46,-6150.0,-  4.89,31/03/2020,AZUL4
19,3250.0,-2070.0,-2410.0,-2510.0,98.13,-2430.0,-  1.93,31/12/2019,AZUL4
20,3030.0,885.38,543.42,-376.57,919.98,-453.81,-  0.36,30/09/2019,AZUL4
21,2620.0,639.17,339.87,-393.34,733.21,345.49,0.27,30/06/2019,AZUL4
22,2540.0,623.63,335.6,-388.57,724.17,137.68,0.11,31/03/2019,AZUL4
23,2480.0,568.54,282.93,-71.62,354.56,138.17,0.11,31/12/2018,AZUL4
24,2440.0,457.5,174.11,-87.57,261.67,116.57,0.09,30/09/2018,AZUL4
25,2020.0,46.89,-207.52,-84.54,-122.98,-45.01,-  0.04,30/06/2018,AZUL4
26,2210.0,524.31,275.93,-81.17,357.09,210.55,0.17,31/03/2018,AZUL4
27,2190.0,590.13,305.6,-53.24,358.84,303.66,0.24,31/12/2017,AZUL4
28,2000.0,503.84,249.28,-89.38,338.67,204.03,0.16,30/09/2017,AZUL4
29,1720.0,302.92,104.93,-80.58,185.51,-33.95,-  0.03,30/06/2017,AZUL4
30,1870.0,409.22,205.21,-76.59,281.8,55.3,0.05,31/03/2017,AZUL4
31,,,,,,,NA,31/12/2016,AZUL4
0,2710.0,2440.0,1600.0,-99.73,1700.0,1200.0,0.22,30/09/2024,B3SA3
1,2730.0,2460.0,1730.0,-88.82,1820.0,1240.0,0.22,30/06/2024,B3SA3
2,2470.0,2220.0,1220.0,-279.91,1500.0,949.58,0.17,31/03/2024,B3SA3
3,2490.0,2240.0,1170.0,-279.91,1450.0,915.54,0.16,31/12/2023,B3SA3
4,2490.0,2250.0,1350.0,-281.59,1630.0,1070.0,0.18,30/09/2023,B3SA3
5,2480.0,2230.0,1370.0,-268.94,1640.0,1050.0,0.18,30/06/2023,B3SA3
6,2460.0,2210.0,1360.0,-259.59,1620.0,1090.0,0.18,31/03/2023,B3SA3
7,2570.0,2310.0,1330.0,-258.26,1590.0,1000.0,0.16,31/12/2022,B3SA3
8,2510.0,2260.0,1420.0,-256.09,1670.0,1030.0,0.17,30/09/2022,B3SA3
9,2240.0,2240.0,1400.0,-266.01,1670.0,1090.0,0.18,30/06/2022,B3SA3
10,2280.0,2280.0,1430.0,-275.95,1710.0,1100.0,0.18,31/03/2022,B3SA3
11,2430.0,2180.0,1370.0,-255.73,1620.0,1090.0,0.18,31/12/2021,B3SA3
12,2510.0,2250.0,1550.0,-272.26,1820.0,1180.0,0.19,30/09/2021,B3SA3
13,2420.0,2420.0,1670.0,-264.75,1930.0,1190.0,0.19,30/06/2021,B3SA3
14,2400.0,2400.0,1740.0,-264.41,2000.0,1260.0,0.62,31/03/2021,B3SA3
15,2540.0,2280.0,1550.0,-270.81,1820.0,1100.0,0.53,31/12/2020,B3SA3
16,2540.0,2290.0,1570.0,-264.35,1840.0,1140.0,0.55,30/09/2020,B3SA3
17,1910.0,1910.0,1180.0,-244.23,1420.0,892.39,0.43,30/06/2020,B3SA3
18,1910.0,1910.0,1310.0,-261.91,1570.0,1030.0,0.50,31/03/2020,B3SA3
19,1760.0,1580.0,922.55,-257.82,1180.0,733.37,0.36,31/12/2019,B3SA3
20,1710.0,1530.0,852.82,-257.3,1110.0,719.83,0.35,30/09/2019,B3SA3
21,1420.0,1420.0,742.02,-257.57,999.6,654.77,0.32,30/06/2019,B3SA3
22,1380.0,1380.0,714.75,-257.56,972.31,606.2,0.29,31/03/2019,B3SA3
23,1310.0,1310.0,657.21,-243.43,900.64,582.92,0.28,31/12/2018,B3SA3
24,1160.0,1160.0,505.54,-236.39,741.93,465.36,0.23,30/09/2018,B3SA3
25,1250.0,1250.0,719.24,-237.24,956.47,724.44,0.35,30/06/2018,B3SA3
26,1110.0,1110.0,510.11,-236.05,746.16,314.72,0.15,31/03/2018,B3SA3
27,1030.0,1030.0,444.31,-234.58,678.9,516.11,0.25,31/12/2017,B3SA3
28,1060.0,1060.0,467.87,-223.55,691.42,336.26,0.16,30/09/2017,B3SA3
29,1060.0,1060.0,467.87,-223.55,691.42,336.26,0.16,30/06/2017,B3SA3
30,1060.0,1060.0,467.87,-223.55,691.42,336.26,0.16,31/03/2017,B3SA3
31,970.9,970.9,299.64,-231.03,530.67,163.32,0.08,31/12/2016,B3SA3
32,559.15,559.15,113.0,-25.14,138.14,293.47,0.16,30/09/2016,B3SA3
33,574.47,574.47,305.69,-23.77,329.45,-114.4,-  0.06,30/06/2016,B3SA3
34,563.51,563.51,361.47,-23.81,385.29,339.33,0.19,31/03/2016,B3SA3
35,543.23,543.23,-1330.0,-26.04,-1310.0,-407.75,-  0.22,31/12/2015,B3SA3
36,598.33,598.33,2890.0,-26.13,2910.0,2009.9999999999998,1.11,30/09/2015,B3SA3
37,554.63,554.63,396.96,-28.1,425.07,317.99,0.18,30/06/2015,B3SA3
38,520.44,520.44,345.91,-30.59,376.5,279.48,0.15,31/03/2015,B3SA3
39,529.98,529.98,351.7,-32.04,383.74,232.43,0.12,31/12/2014,B3SA3
40,545.99,545.99,401.69,-29.5,431.19,238.41,0.13,30/09/2014,B3SA3
41,464.78,464.78,331.6,-28.05,359.65,250.08,0.13,30/06/2014,B3SA3
42,489.68,489.68,353.53,-29.55,383.08,256.14,0.13,31/03/2014,B3SA3
43,475.57,475.57,261.64,-31.25,292.9,182.13,0.09,31/12/2013,B3SA3
44,535.39,535.39,384.62,-32.5,417.12,281.58,0.14,30/09/2013,B3SA3
45,599.82,599.82,474.39,-28.82,503.21,350.84,0.18,30/06/2013,B3SA3
46,521.02,521.02,385.35,-27.08,412.44,266.98,0.13,31/03/2013,B3SA3
47,499.17,499.17,275.3,-23.77,299.07,217.31,0.11,31/12/2012,B3SA3
48,521.6,521.6,384.07,-24.08,408.15,276.48,0.14,30/09/2012,B3SA3
49,541.15,541.15,417.39,-23.99,441.38,300.08,0.15,30/06/2012,B3SA3
50,560.42,502.82,374.18,-21.91,396.09,280.43,0.14,31/03/2012,B3SA3
51,522.04,471.19,311.09,-22.13,333.21,191.07,0.10,31/12/2011,B3SA3
52,547.14,493.7,352.44,-20.69,373.13,292.01,0.14,30/09/2011,B3SA3
53,521.32,467.64,322.97,-10.1,333.07,294.17,0.14,30/06/2011,B3SA3
54,525.48,472.16,320.98,-22.29,343.28,270.76,0.13,31/03/2011,B3SA3
55,682.94,470.14,296.57,,,261.92,0.13,31/12/2010,B3SA3
56,486.87,486.87,342.45,,,293.21,0.14,30/09/2010,B3SA3
57,473.62,473.62,330.15,,,305.22,0.15,30/06/2010,B3SA3
58,459.13,459.13,325.32,,,284.22,0.14,31/03/2010,B3SA3
59,424.76,424.76,264.39,,,220.17,0.11,31/12/2009,B3SA3
60,424.76,424.76,264.39,,,220.17,0.11,30/09/2009,B3SA3
61,378.24,378.24,250.04,,,188.13,0.09,30/06/2009,B3SA3
62,316.55,316.55,167.79,,,226.98,0.11,31/03/2009,B3SA3
63,370.44,370.44,69.5,,,115.39,0.06,31/12/2008,B3SA3
64,404.68,404.68,97.46,,,200.97,0.10,30/09/2008,B3SA3
65,826.9,826.9,386.98,,,329.24,0.16,30/06/2008,B3SA3
0,68550.0,26110.0,,,,5270.0,,30/09/2024,BBAS3
1,68550.0,26110.0,,,,5270.0,,30/06/2024,BBAS3
2,66660.0,25700.0,,,,8029.999999999999,,31/03/2024,BBAS3
3,61790.0,22160.0,,,,6770.0,,31/12/2023,BBAS3
4,70840.0,23200.0,,,,8039.999999999999,,30/09/2023,BBAS3
5,66900.0,22170.0,,,,8360.0,,30/06/2023,BBAS3
6,65910.0,21220.0,,,,6690.0,,31/03/2023,BBAS3
7,64950.0,21130.0,,,,7350.0,,31/12/2022,BBAS3
8,65640.0,19850.0,,,,7510.0,,30/09/2022,BBAS3
9,57470.0,17970.0,,,,8200.0,,30/06/2022,BBAS3
10,48490.0,15400.0,,,,4570.0,,31/03/2022,BBAS3
11,65890.0,41070.0,,,,10640.0,,31/12/2021,BBAS3
12,40150.0,8150.0,,,,4540.0,,30/09/2021,BBAS3
13,16140.0,13430.0,,,,5570.0,,30/06/2021,BBAS3
14,31190.0,8930.0,,,,4160.0,,31/03/2021,BBAS3
15,38600.0,36830.0,,,,4150.0,,31/12/2020,BBAS3
16,26370.0,5900.0,,,,3040.0,,30/09/2020,BBAS3
17,29700.0,5540.0,,,,3160.0,,30/06/2020,BBAS3
18,47440.0,-97.77,,,,3190.0,,31/03/2020,BBAS3
19,63050.0,15250.0,,,,8700.0,,31/12/2019,BBAS3
20,37580.0,5070.0,,,,4160.0,,30/09/2019,BBAS3
21,31310.0,8310.0,,,,4200.0,,30/06/2019,BBAS3
22,31680.0,8029.999999999999,,,,3920.0,,31/03/2019,BBAS3
23,60190.0,19490.0,,,,6120.0,,31/12/2018,BBAS3
24,34320.0,7280.0,,,,3090.0,,30/09/2018,BBAS3
25,41980.0,4980.0,,,,3110.0,,30/06/2018,BBAS3
26,30180.0,6350.0,,,,2730.0,,31/03/2018,BBAS3
27,79700.0,11760.0,,,,2930.0,,31/12/2017,BBAS3
28,34120.0,7740.0,,,,2810.0,,30/09/2017,BBAS3
29,40950.0,6170.0,,,,2620.0,,30/06/2017,BBAS3
30,39460.0,7080.0,,,,2390.0,,31/03/2017,BBAS3
31,107980.0,14910.0,,,,-673.76,,31/12/2016,BBAS3
32,47070.0,7110.0,,,,2220.0,,30/09/2016,BBAS3
33,37090.0,8790.0,,,,2440.0,,30/06/2016,BBAS3
34,36310.0,6670.0,,,,2310.0,,31/03/2016,BBAS3
35,122310.0,3860.0,,,,6370.0,,31/12/2015,BBAS3
36,58730.0,-1480.0,,,,3010.0,,30/09/2015,BBAS3
37,35780.0,6720.0,,,,2930.0,,30/06/2015,BBAS3
38,46360.0,3120.0,,,,5680.0,,31/03/2015,BBAS3
39,77720.0,13270.0,,,,4150.0,,31/12/2014,BBAS3
40,37240.0,5110.0,,,,2740.0,,30/09/2014,BBAS3
41,30050.0,6360.0,,,,2790.0,,30/06/2014,BBAS3
42,28660.0,6740.0,,,,2770.0,,31/03/2014,BBAS3
43,44520.0,11600.0,,,,2740.0,,31/12/2013,BBAS3
44,26020.0,6500.0,,,,2690.0,,30/09/2013,BBAS3
45,25680.0,4850.0,,,,7450.0,,30/06/2013,BBAS3
46,21110.0,6780.0,,,,2580.0,,31/03/2013,BBAS3
47,47870.0,17120.0,,,,3540.0,,31/12/2012,BBAS3
48,22100.0,6250.0,,,,2800.0,,30/09/2012,BBAS3
49,25090.0,5830.0,,,,3000.0,,30/06/2012,BBAS3
50,22500.0,6350.0,,,,2550.0,,31/03/2012,BBAS3
51,46860.0,18340.0,,,,4980.0,,31/12/2011,BBAS3
52,26880.0,5140.0,,,,2890.0,,30/09/2011,BBAS3
53,21920.0,7130.0,,,,3330.0,,30/06/2011,BBAS3
54,20180.0,6370.0,,,,2930.0,,31/03/2011,BBAS3
55,25080.0,15770.0,,,,3590.0,,31/12/2010,BBAS3
56,21490.0,6700.0,,,,2620.0,,30/09/2010,BBAS3
57,19770.0,6270.0,,,,2730.0,,30/06/2010,BBAS3
58,18810.0,5630.0,,,,2350.0,,31/03/2010,BBAS3
59,18540.0,6130.0,,,,4160.0,,31/12/2009,BBAS3
60,16180.0,4800.0,,,,1980.0,,30/09/2009,BBAS3
61,15990.0,3950.0,,,,2350.0,,30/06/2009,BBAS3
62,15140.0,3360.0,,,,1670.0,,31/03/2009,BBAS3
63,19120.0,1550.0,,,,2940.0,,31/12/2008,BBAS3
64,15480.0,3670.0,,,,1870.0,,30/09/2008,BBAS3
65,11260.0,3820.0,,,,1640.0,,30/06/2008,BBAS3
66,11120.0,3740.0,,,,2350.0,,31/03/2008,BBAS3
67,10270.0,4000.0,,,,1220.0,,31/12/2007,BBAS3
68,10460.0,3850.0,,,,1360.0,,30/09/2007,BBAS3
69,20070.0,7310.0,,,,2480.0,,30/06/2007,BBAS3
70,9530.0,3320.0,,,,1250.0,,31/12/2006,BBAS3
71,9110.0,2500.0,,,,907.44,,30/09/2006,BBAS3
72,9120.0,2150.0,,,,1550.0,,30/06/2006,BBAS3
73,9470.0,2840.0,,,,2340.0,,31/03/2006,BBAS3
74,8210.0,1800.0,,,,736.81,,31/12/2005,BBAS3
75,9060.0,3570.0,,,,1440.0,,30/09/2005,BBAS3
76,8029.999999999999,2770.0,,,,1010.0,,30/06/2005,BBAS3
77,8150.0,2690.0,,,,964.58,,31/03/2005,BBAS3
78,7840.0,3330.0,,,,770.71,,31/12/2004,BBAS3
79,7220.0,2330.0,,,,832.54,,30/09/2004,BBAS3
80,8160.0,2420.0,,,,805.17,,30/06/2004,BBAS3
81,7620.0,2410.0,,,,615.59,,31/03/2004,BBAS3
82,7830.0,3060.0,,,,637.3,,31/12/2003,BBAS3
83,10030.0,2960.0,,,,664.78,,30/09/2003,BBAS3
84,7900.0,1610.0,,,,599.9,,30/06/2003,BBAS3
85,8580.0,2370.0,,,,478.99,,31/03/2003,BBAS3
86,7510.0,3760.0,,,,599.85,,31/12/2002,BBAS3
87,13530.0,1000.0,,,,604.7,,30/09/2002,BBAS3
88,9410.0,1370.0,,,,474.11,,30/06/2002,BBAS3
89,5770.0,1880.0,,,,349.02,,31/03/2002,BBAS3
90,15360.0,4460.0,,,,945.22,,31/12/2001,BBAS3
91,4050.0,412.08,,,,136.73,,31/03/2001,BBAS3
92,4140.0,812.04,,,,211.16,,31/12/2000,BBAS3
93,4270.0,1150.0,,,,373.09,,30/09/2000,BBAS3
94,3760.0,1240.0,,,,317.61,,30/06/2000,BBAS3
0,52500.0,15210.0,,,,4870.0,,30/09/2024,BBDC3
1,52500.0,15210.0,,,,4870.0,,30/06/2024,BBDC3
2,52770.0,16890.0,,,,4120.0,,31/03/2024,BBDC3
3,54110.0,17050.0,,,,1440.0,,31/12/2023,BBDC3
4,56070.0,15920.0,,,,3400.0,,30/09/2023,BBDC3
5,56850.0,17140.0,,,,4019.9999999999995,,30/06/2023,BBDC3
6,57430.0,17980.0,,,,5400.0,,31/03/2023,BBDC3
7,57430.0,17980.0,,,,5400.0,,31/12/2022,BBDC3
8,53640.0,18270.0,,,,785.85,,30/09/2022,BBDC3
9,49280.0,18590.0,,,,7140.0,,30/06/2022,BBDC3
10,49860.0,20650.0,,,,7220.0,,31/03/2022,BBDC3
11,74840.0,51070.0,,,,16140.0,,31/12/2021,BBDC3
12,28540.0,10260.0,,,,6650.0,,30/09/2021,BBDC3
13,20100.0,17160.0,,,,5970.0,,30/06/2021,BBDC3
14,23160.0,6790.0,,,,6150.0,,31/03/2021,BBDC3
15,47830.0,30600.0,,,,8800.0,,31/12/2020,BBDC3
16,22990.0,13740.0,,,,4190.0,,30/09/2020,BBDC3
17,22990.0,13740.0,,,,4190.0,,30/06/2020,BBDC3
18,16100.000000000002,-27380.0,,,,3380.0,,31/03/2020,BBDC3
19,73700.0,46440.0,,,,13990.0,,31/12/2019,BBDC3
20,23280.0,1050.0,,,,5840.0,,30/09/2019,BBDC3
21,24710.0,11760.0,,,,6040.0,,30/06/2019,BBDC3
22,26820.0,8210.0,,,,5820.0,,31/03/2019,BBDC3
23,61940.0,38050.0,,,,9550.0,,31/12/2018,BBDC3
24,24600.0,5330.0,,,,5010.0,,30/09/2018,BBDC3
25,17320.0,-6000.0,,,,4530.0,,30/06/2018,BBDC3
26,23700.0,8039.999999999999,,,,4470.0,,31/03/2018,BBDC3
27,87190.0,42950.0,,,,10050.0,,31/12/2017,BBDC3
28,29790.0,11010.0,,,,2880.0,,30/09/2017,BBDC3
29,29270.0,3160.0,,,,3910.0,,30/06/2017,BBDC3
30,34720.0,7000.0,,,,4070.0000000000005,,31/03/2017,BBDC3
31,34720.0,7000.0,,,,4070.0000000000005,,31/12/2016,BBDC3
32,31850.0,4360.0,,,,3240.0,,30/09/2016,BBDC3
33,31850.0,4360.0,,,,3240.0,,30/06/2016,BBDC3
34,33460.0,15460.0,,,,4120.0,,31/03/2016,BBDC3
35,64000.0,23940.0,,,,11100.0,,31/12/2015,BBDC3
36,26660.0,-20250.0,,,,4120.0,,30/09/2015,BBDC3
37,27590.0,8300.0,,,,4470.0,,30/06/2015,BBDC3
38,27200.0,-6190.0,,,,4240.0,,31/03/2015,BBDC3
39,49120.0,26620.0,,,,8280.0,,31/12/2014,BBDC3
40,23530.0,-2110.0,,,,3870.0,,30/09/2014,BBDC3
41,23660.0,6210.0,,,,3780.0,,30/06/2014,BBDC3
42,21840.0,5710.0,,,,3440.0,,31/03/2014,BBDC3
43,21840.0,5710.0,,,,3440.0,,31/12/2013,BBDC3
44,21180.0,3780.0,,,,3060.0,,30/09/2013,BBDC3
45,20200.0,281.33,,,,2950.0,,30/06/2013,BBDC3
46,20200.0,281.33,,,,2950.0,,31/03/2013,BBDC3
47,36540.0,27300.0,,,,4260.0,,31/12/2012,BBDC3
48,19150.0,4570.0,,,,2860.0,,30/09/2012,BBDC3
49,19150.0,4570.0,,,,2860.0,,30/06/2012,BBDC3
50,20540.0,5020.0,,,,2790.0,,31/03/2012,BBDC3
51,31520.0,18740.0,,,,3920.0,,31/12/2011,BBDC3
52,22560.0,-2320.0,,,,2820.0,,30/09/2011,BBDC3
53,19420.0,4690.0,,,,2790.0,,30/06/2011,BBDC3
54,18140.0,3870.0,,,,2700.0,,31/03/2011,BBDC3
55,16140.0,15800.0,,,,2900.0,,31/12/2010,BBDC3
56,18730.0,7200.0,,,,2530.0,,30/09/2010,BBDC3
57,16379.999999999998,6210.0,,,,2410.0,,30/06/2010,BBDC3
58,15490.0,5840.0,,,,2100.0,,31/03/2010,BBDC3
59,15070.0,5370.0,,,,2180.0,,31/12/2009,BBDC3
60,15150.0,5580.0,,,,1810.0,,30/09/2009,BBDC3
61,16190.000000000002,4590.0,,,,2300.0,,30/06/2009,BBDC3
62,16500.0,4830.0,,,,1720.0,,31/03/2009,BBDC3
63,17760.0,2820.0,,,,1610.0,,31/12/2008,BBDC3
64,14900.0,3330.0,,,,1910.0,,30/09/2008,BBDC3
65,13210.0,5200.0,,,,2000.0,,30/06/2008,BBDC3
66,11740.0,4430.0,,,,2100.0,,31/03/2008,BBDC3
67,11060.0,4600.0,,,,2190.0,,31/12/2007,BBDC3
68,10490.0,4350.0,,,,1810.0,,30/09/2007,BBDC3
69,10530.0,5010.0,,,,2300.0,,30/06/2007,BBDC3
70,9530.0,4070.0000000000005,,,,1710.0,,31/03/2007,BBDC3
71,9840.0,4130.0,,,,1700.0,,31/12/2006,BBDC3
72,9610.0,3680.0,,,,218.82,,30/09/2006,BBDC3
73,9690.0,3840.0,,,,1600.0,,30/06/2006,BBDC3
74,9080.0,4320.0,,,,1530.0,,31/03/2006,BBDC3
75,9940.0,3660.0,,,,1460.0,,31/12/2005,BBDC3
76,8530.0,3960.0,,,,1430.0,,30/09/2005,BBDC3
77,7120.0,3790.0,,,,1420.0,,30/06/2005,BBDC3
78,8109.999999999999,3360.0,,,,1210.0,,31/03/2005,BBDC3
79,6200.0,3030.0,,,,1060.0,,31/12/2004,BBDC3
80,5530.0,2830.0,,,,752.35,,30/09/2004,BBDC3
81,7720.0,2570.0,,,,641.34,,30/06/2004,BBDC3
82,6760.0,2770.0,,,,608.71,,31/03/2004,BBDC3
83,7430.0,3180.0,,,,715.14,,31/12/2003,BBDC3
84,7920.0,2560.0,,,,563.89,,30/09/2003,BBDC3
85,5100.0,2029.9999999999998,,,,519.71,,30/06/2003,BBDC3
86,7000.0,2630.0,,,,507.6,,31/03/2003,BBDC3
87,3020.0,3280.0,,,,698.03,,31/12/2002,BBDC3
88,15850.0,3490.0,,,,420.32,,30/09/2002,BBDC3
89,8530.0,2090.0,,,,479.03,,30/06/2002,BBDC3
90,3240.0,798.19,,,,425.21,,31/03/2002,BBDC3
91,7260.0,1950.0,,,,1130.0,,31/12/2001,BBDC3
92,3310.0,781.95,,,,621.74,,30/06/2001,BBDC3
93,2910.0,583.78,,,,420.37,,31/03/2001,BBDC3
94,2520.0,650.61,,,,449.15,,31/12/2000,BBDC3
95,2370.0,648.33,,,,330.59,,30/09/2000,BBDC3
96,2350.0,527.08,,,,318.24,,30/06/2000,BBDC3
97,3310.0,1550.0,,,,642.2,,31/03/2000,BBDC3
0,52500.0,15210.0,,,,4870.0,,30/09/2024,BBDC4
1,51500.0,16940.0,,,,4120.0,,30/06/2024,BBDC4
2,52770.0,16890.0,,,,4120.0,,31/03/2024,BBDC4
3,54110.0,17050.0,,,,1440.0,,31/12/2023,BBDC4
4,56070.0,15920.0,,,,3400.0,,30/09/2023,BBDC4
5,56850.0,17140.0,,,,4019.9999999999995,,30/06/2023,BBDC4
6,57430.0,17980.0,,,,5400.0,,31/03/2023,BBDC4
7,53640.0,18270.0,,,,785.85,,31/12/2022,BBDC4
8,53140.0,17100.0,,,,5840.0,,30/09/2022,BBDC4
9,49280.0,18590.0,,,,7140.0,,30/06/2022,BBDC4
10,49860.0,20650.0,,,,7220.0,,31/03/2022,BBDC4
11,74840.0,51070.0,,,,16140.0,,31/12/2021,BBDC4
12,28540.0,10260.0,,,,6650.0,,30/09/2021,BBDC4
13,20100.0,17160.0,,,,5970.0,,30/06/2021,BBDC4
14,23160.0,6790.0,,,,6150.0,,31/03/2021,BBDC4
15,47830.0,30600.0,,,,8800.0,,31/12/2020,BBDC4
16,22990.0,13740.0,,,,4190.0,,30/09/2020,BBDC4
17,18280.0,-1310.0,,,,3510.0,,30/06/2020,BBDC4
18,16100.000000000002,-27380.0,,,,3380.0,,31/03/2020,BBDC4
19,73700.0,46440.0,,,,13990.0,,31/12/2019,BBDC4
20,23280.0,1050.0,,,,5840.0,,30/09/2019,BBDC4
21,24710.0,11760.0,,,,6040.0,,30/06/2019,BBDC4
22,26820.0,8210.0,,,,5820.0,,31/03/2019,BBDC4
23,61940.0,38050.0,,,,9550.0,,31/12/2018,BBDC4
24,24600.0,5330.0,,,,5010.0,,30/09/2018,BBDC4
25,17320.0,-6000.0,,,,4530.0,,30/06/2018,BBDC4
26,23700.0,8039.999999999999,,,,4470.0,,31/03/2018,BBDC4
27,87190.0,42950.0,,,,10050.0,,31/12/2017,BBDC4
28,29790.0,11010.0,,,,2880.0,,30/09/2017,BBDC4
29,29270.0,3160.0,,,,3910.0,,30/06/2017,BBDC4
30,34720.0,7000.0,,,,4070.0000000000005,,31/03/2017,BBDC4
31,112310.0,52620.0,,,,10860.0,,31/12/2016,BBDC4
32,31850.0,4360.0,,,,3240.0,,30/09/2016,BBDC4
33,34010.0,16620.0,,,,4130.0,,30/06/2016,BBDC4
34,33460.0,15460.0,,,,4120.0,,31/03/2016,BBDC4
35,64000.0,23940.0,,,,11100.0,,31/12/2015,BBDC4
36,26660.0,-20250.0,,,,4120.0,,30/09/2015,BBDC4
37,27590.0,8300.0,,,,4470.0,,30/06/2015,BBDC4
38,27200.0,-6190.0,,,,4240.0,,31/03/2015,BBDC4
39,49120.0,26620.0,,,,8280.0,,31/12/2014,BBDC4
40,23530.0,-2110.0,,,,3870.0,,30/09/2014,BBDC4
41,23530.0,-2110.0,,,,3870.0,,30/06/2014,BBDC4
42,21840.0,5710.0,,,,3440.0,,31/03/2014,BBDC4
43,21840.0,5710.0,,,,3440.0,,31/12/2013,BBDC4
44,21180.0,3780.0,,,,3060.0,,30/09/2013,BBDC4
45,20200.0,281.33,,,,2950.0,,30/06/2013,BBDC4
46,18380.0,5470.0,,,,2920.0,,31/03/2013,BBDC4
47,36540.0,27300.0,,,,4260.0,,31/12/2012,BBDC4
48,19150.0,4570.0,,,,2860.0,,30/09/2012,BBDC4
49,20040.0,1080.0,,,,2830.0,,30/06/2012,BBDC4
50,20540.0,5020.0,,,,2790.0,,31/03/2012,BBDC4
51,31520.0,18740.0,,,,3920.0,,31/12/2011,BBDC4
52,22560.0,-2320.0,,,,2820.0,,30/09/2011,BBDC4
53,19420.0,4690.0,,,,2790.0,,30/06/2011,BBDC4
54,18140.0,3870.0,,,,2700.0,,31/03/2011,BBDC4
55,16140.0,15800.0,,,,2900.0,,31/12/2010,BBDC4
56,18730.0,7200.0,,,,2530.0,,30/09/2010,BBDC4
57,16379.999999999998,6210.0,,,,2410.0,,30/06/2010,BBDC4
58,15490.0,5840.0,,,,2100.0,,31/03/2010,BBDC4
59,15070.0,5370.0,,,,2180.0,,31/12/2009,BBDC4
60,15150.0,5580.0,,,,1810.0,,30/09/2009,BBDC4
61,16190.000000000002,4590.0,,,,2300.0,,30/06/2009,BBDC4
62,16500.0,4830.0,,,,1720.0,,31/03/2009,BBDC4
63,17760.0,2820.0,,,,1610.0,,31/12/2008,BBDC4
64,14900.0,3330.0,,,,1910.0,,30/09/2008,BBDC4
65,13210.0,5200.0,,,,2000.0,,30/06/2008,BBDC4
66,11740.0,4430.0,,,,2100.0,,31/03/2008,BBDC4
67,11060.0,4600.0,,,,2190.0,,31/12/2007,BBDC4
68,10490.0,4350.0,,,,1810.0,,30/09/2007,BBDC4
69,10530.0,5010.0,,,,2300.0,,30/06/2007,BBDC4
70,9530.0,4070.0000000000005,,,,1710.0,,31/03/2007,BBDC4
71,9840.0,4130.0,,,,1700.0,,31/12/2006,BBDC4
72,9610.0,3680.0,,,,218.82,,30/09/2006,BBDC4
73,9690.0,3840.0,,,,1600.0,,30/06/2006,BBDC4
74,9080.0,4320.0,,,,1530.0,,31/03/2006,BBDC4
75,9940.0,3660.0,,,,1460.0,,31/12/2005,BBDC4
76,8530.0,3960.0,,,,1430.0,,30/09/2005,BBDC4
77,7120.0,3790.0,,,,1420.0,,30/06/2005,BBDC4
78,8109.999999999999,3360.0,,,,1210.0,,31/03/2005,BBDC4
79,6200.0,3030.0,,,,1060.0,,31/12/2004,BBDC4
80,5530.0,2830.0,,,,752.35,,30/09/2004,BBDC4
81,7720.0,2570.0,,,,641.34,,30/06/2004,BBDC4
82,6760.0,2770.0,,,,608.71,,31/03/2004,BBDC4
83,7430.0,3180.0,,,,715.14,,31/12/2003,BBDC4
84,7920.0,2560.0,,,,563.89,,30/09/2003,BBDC4
85,5100.0,2029.9999999999998,,,,519.71,,30/06/2003,BBDC4
86,7000.0,2630.0,,,,507.6,,31/03/2003,BBDC4
87,3020.0,3280.0,,,,698.03,,31/12/2002,BBDC4
88,15850.0,3490.0,,,,420.32,,30/09/2002,BBDC4
89,8530.0,2090.0,,,,479.03,,30/06/2002,BBDC4
90,3240.0,798.19,,,,425.21,,31/03/2002,BBDC4
91,7260.0,1950.0,,,,1130.0,,31/12/2001,BBDC4
92,3310.0,781.95,,,,621.74,,30/06/2001,BBDC4
93,2910.0,583.78,,,,420.37,,31/03/2001,BBDC4
94,2520.0,650.61,,,,449.15,,31/12/2000,BBDC4
95,2370.0,648.33,,,,330.59,,30/09/2000,BBDC4
96,2350.0,527.08,,,,318.24,,30/06/2000,BBDC4
97,3310.0,1550.0,,,,642.2,,31/03/2000,BBDC4
0,,,2530.0,,,2250.0,,30/09/2024,BBSE3
1,,,2420.0,,,2140.0,,30/06/2024,BBSE3
2,,,2320.0,,,2020.0,,31/03/2024,BBSE3
3,,,2330.0,,,2100.0,,31/12/2023,BBSE3
4,,,2350.0,,,2120.0,,30/09/2023,BBSE3
5,,,2120.0,,,1890.0,,30/06/2023,BBSE3
6,,,2100.0,,,1830.0,,31/03/2023,BBSE3
7,,,2110.0,,,1810.0,,31/12/2022,BBSE3
8,,,1900.0,,,1650.0,,30/09/2022,BBSE3
9,,,1620.0,,,1410.0,,30/06/2022,BBSE3
10,,,1420.0,,,1180.0,,31/03/2022,BBSE3
11,,,1480.0,,,1230.0,,31/12/2021,BBSE3
12,,,1230.0,,,975.82,,30/09/2021,BBSE3
13,,,999.84,,,753.7,,30/06/2021,BBSE3
14,,,1220.0,,,977.06,,31/03/2021,BBSE3
15,,,1180.0,,,916.62,,31/12/2020,BBSE3
16,,,1360.0,,,1090.0,,30/09/2020,BBSE3
17,,,1150.0,,,956.8,,30/06/2020,BBSE3
18,,,1090.0,,,882.72,,31/03/2020,BBSE3
19,,,1370.0,,,1160.0,,31/12/2019,BBSE3
20,,,4780.0,,,3400.0,,30/09/2019,BBSE3
21,,,1270.0,,,1080.0,,30/06/2019,BBSE3
22,,,1190.0,,,1010.0,,31/03/2019,BBSE3
23,,,1160.0,,,716.89,,31/12/2018,BBSE3
24,,,1010.0,,,873.78,,30/09/2018,BBSE3
25,,,1190.0,,,1060.0,,30/06/2018,BBSE3
26,,,1050.0,,,886.5,,31/03/2018,BBSE3
27,,,1050.0,,,886.5,,31/12/2017,BBSE3
28,,,1420.0,,,1190.0,,30/09/2017,BBSE3
29,,,1070.0,,,956.31,,30/06/2017,BBSE3
30,,,1120.0,,,992.8,,31/03/2017,BBSE3
31,,,1170.0,,,981.52,,31/12/2016,BBSE3
32,,,1200.0,,,987.93,,30/09/2016,BBSE3
33,,,1310.0,,,1090.0,,30/06/2016,BBSE3
34,,,1080.0,,,957.68,,31/03/2016,BBSE3
35,,,1230.0,,,1010.0,,31/12/2015,BBSE3
36,,,1220.0,,,1030.0,,30/09/2015,BBSE3
37,,,1420.0,,,1220.0,,30/06/2015,BBSE3
38,,,1080.0,,,949.12,,31/03/2015,BBSE3
39,,,1340.0,,,1140.0,,31/12/2014,BBSE3
40,,,987.9,,,822.28,,30/09/2014,BBSE3
41,,,1030.0,,,845.42,,30/06/2014,BBSE3
42,,,744.72,,,648.72,,31/03/2014,BBSE3
43,,,1050.0,,,903.61,,31/12/2013,BBSE3
44,,,664.85,,,547.83,,30/09/2013,BBSE3
45,,,672.24,,,550.34,,30/06/2013,BBSE3
46,,,538.71,,,471.97,,31/03/2013,BBSE3
47,,,,,,,,31/12/2012,BBSE3
0,8500.0,1770.0,647.98,-165.03,813.01,86.06,0.14,30/09/2024,BEEF3
1,7670.0,1670.0,595.17,-149.4,744.57,88.43,0.15,30/06/2024,BEEF3
2,7190.0,1430.0,476.59,-152.29,628.88,-200.93,-  0.33,31/03/2024,BEEF3
3,6170.0,1370.0,503.24,-102.66,605.9,27.77,0.05,31/12/2023,BEEF3
4,7070.0,1480.0,574.69,-138.99,713.68,155.5,0.26,30/09/2023,BEEF3
5,7280.0,1510.0,571.41,-139.76,711.16,118.01,0.19,30/06/2023,BEEF3
6,6380.0,1150.0,400.86,-131.02,531.88,119.78,0.20,31/03/2023,BEEF3
7,6840.0,1330.0,497.63,-109.88,607.51,-28.22,-  0.05,31/12/2022,BEEF3
8,6840.0,1330.0,497.63,-109.88,607.51,-28.22,-  0.05,30/09/2022,BEEF3
9,8440.0,1660.0,703.56,-102.68,806.23,141.48,0.23,30/06/2022,BEEF3
10,7230.0,1230.0,551.01,-94.97,645.98,114.59,0.19,31/03/2022,BEEF3
11,7510.0,1400.0,634.79,-94.89,729.68,150.29,0.25,31/12/2021,BEEF3
12,7370.0,1260.0,548.81,-90.11,638.91,72.37,0.13,30/09/2021,BEEF3
13,6290.0,1040.0,459.91,-78.72,538.63,116.67,0.21,30/06/2021,BEEF3
14,5800.0,943.93,391.92,-83.06,474.98,259.55,0.47,31/03/2021,BEEF3
15,5700.0,1060.0,540.54,-69.91,610.45,114.13,0.21,31/12/2020,BEEF3
16,5140.0,1010.0,459.09,-80.96,540.05,58.35,0.11,30/09/2020,BEEF3
17,4400.0,1020.0,495.81,-81.47,577.28,253.41,0.52,30/06/2020,BEEF3
18,4170.0,750.63,298.33,-76.32,374.65,271.21,0.56,31/03/2020,BEEF3
19,4860.0,1070.0,533.2,-65.15,598.35,243.62,0.60,31/12/2019,BEEF3
20,4510.0,836.54,387.22,-67.3,454.52,-82.74,-  0.22,30/09/2019,BEEF3
21,4019.9999999999995,728.38,308.61,-55.3,363.91,-113.32,-  0.30,30/06/2019,BEEF3
22,3730.0,660.61,233.05,-76.24,309.29,-31.41,-  0.08,31/03/2019,BEEF3
23,4610.0,770.79,377.35,-66.64,443.99,-92.06,-  0.24,31/12/2018,BEEF3
24,4340.0,822.43,400.9,-48.32,449.22,-132.03,-  0.58,30/09/2018,BEEF3
25,3740.0,675.96,-316.1,-55.52,-260.58,-925.98,-  4.14,30/06/2018,BEEF3
26,3530.0,579.12,212.37,-51.25,263.62,-114.72,-  0.51,31/03/2018,BEEF3
27,3960.0,701.32,304.86,-58.57,363.42,-313.35,-  1.36,31/12/2017,BEEF3
28,3420.0,620.12,262.74,-33.55,296.29,85.82,0.37,30/09/2017,BEEF3
29,2580.0,504.5,249.54,-27.73,277.27,-55.85,-  0.24,30/06/2017,BEEF3
30,2140.0,411.1,172.41,-25.18,197.59,2.36,0.01,31/03/2017,BEEF3
31,2560.0,457.63,208.99,-18.99,227.98,12.22,0.05,31/12/2016,BEEF3
32,2530.0,491.02,229.23,-20.06,249.29,47.39,0.20,30/09/2016,BEEF3
33,2220.0,451.55,217.38,-21.14,238.52,88.97,0.37,30/06/2016,BEEF3
34,2340.0,485.14,231.39,-20.18,251.57,46.3,0.24,31/03/2016,BEEF3
35,2750.0,620.22,294.0,-19.47,313.46,66.33,0.35,31/12/2015,BEEF3
36,2390.0,499.36,258.17,-20.06,278.23,-446.63,-  2.33,30/09/2015,BEEF3
37,2230.0,401.12,198.91,-17.57,216.48,166.93,0.87,30/06/2015,BEEF3
38,2160.0,402.17,170.68,-17.68,188.36,-587.33,-  3.30,31/03/2015,BEEF3
39,2130.0,383.17,142.75,-17.35,160.09,-312.0,-  1.75,31/12/2014,BEEF3
40,1810.0,356.46,163.62,-14.23,177.85,-193.74,-  1.30,30/09/2014,BEEF3
41,1660.0,331.16,164.8,-13.85,178.66,18.59,0.12,30/06/2014,BEEF3
42,1400.0,282.79,122.38,-13.9,136.28,68.91,0.46,31/03/2014,BEEF3
43,1440.0,308.51,103.89,-15.23,119.13,-124.76,-  0.86,31/12/2013,BEEF3
44,1500.0,322.88,149.16,-14.15,163.3,1.36,0.01,30/09/2013,BEEF3
45,1320.0,266.74,120.18,-14.25,134.44,-196.15,-  1.34,30/06/2013,BEEF3
46,1190.0,227.73,86.28,-14.08,100.37,5.57,0.04,31/03/2013,BEEF3
47,1210.0,251.35,131.31,-13.77,145.09,-19.41,-  0.13,31/12/2012,BEEF3
48,1150.0,265.9,121.73,-12.74,134.47,21.39,0.20,30/09/2012,BEEF3
49,1080.0,214.11,100.0,-12.69,112.69,-130.34,-  1.23,30/06/2012,BEEF3
50,944.06,184.32,65.38,-11.81,77.19,-65.74,-  0.62,31/03/2012,BEEF3
51,1090.0,181.18,109.8,-12.32,122.11,14.82,0.14,31/12/2011,BEEF3
52,1060.0,154.43,60.48,-10.74,71.22,18.77,0.18,30/09/2011,BEEF3
53,940.21,143.12,68.1,-13.73,81.82,-1.5,-  0.01,30/06/2011,BEEF3
54,880.38,121.75,43.98,-8.6,52.57,13.27,0.13,31/03/2011,BEEF3
55,865.55,144.36,63.99,,,27.84,0.26,31/12/2010,BEEF3
56,909.94,183.11,54.41,,,24.47,0.23,30/09/2010,BEEF3
57,888.3,190.9,62.67,,,-7.42,-  0.07,30/06/2010,BEEF3
58,744.41,129.63,37.79,,,-24.02,-  0.23,31/03/2010,BEEF3
59,689.06,131.45,41.15,,,17.54,0.17,31/12/2009,BEEF3
60,693.35,128.77,40.95,,,5.95,0.06,30/09/2009,BEEF3
61,641.39,111.14,34.92,,,56.9,0.76,30/06/2009,BEEF3
62,578.31,98.92,24.64,,,,0.01,31/03/2009,BEEF3
63,465.43,81.34,18.78,,,-179.7,-  2.40,31/12/2008,BEEF3
64,624.5,93.05,34.77,,,-55.2,-  0.74,30/09/2008,BEEF3
65,569.12,107.05,41.9,,,19.35,0.26,30/06/2008,BEEF3
66,461.72,97.49,31.56,,,,-  0.00,31/03/2008,BEEF3
67,446.59,83.05,31.12,,,14.76,0.20,31/12/2007,BEEF3
68,405.84,78.33,-14.65,,,-11.47,-  0.15,30/09/2007,BEEF3
69,304.53,68.55,22.32,,,20.51,0.37,30/06/2007,BEEF3
70,305.68,70.36,17.26,,,10.94,0.60,31/03/2007,BEEF3
71,,,,,,,NA,31/12/2006,BEEF3
0,6570.0,6160.0,,,,2850.0,,30/09/2024,BPAC11
1,5840.0,4800.0,,,,2750.0,,30/06/2024,BPAC11
2,6210.0,5110.0,,,,2590.0,,31/03/2024,BPAC11
3,7010.0,6630.0,,,,2830.0,,31/12/2023,BPAC11
4,5460.0,4800.0,,,,2690.0,,30/09/2023,BPAC11
5,6500.0,5630.0,,,,2360.0,,30/06/2023,BPAC11
6,5760.0,5270.0,,,,2100.0,,31/03/2023,BPAC11
7,6030.0,3810.0,,,,890.66,,31/12/2022,BPAC11
8,5190.0,4480.0,,,,2400.0,,30/09/2022,BPAC11
9,5930.0,4930.0,,,,2080.0,,30/06/2022,BPAC11
10,5380.0,4650.0,,,,2200.0,,31/03/2022,BPAC11
11,,,,,,,,31/12/2021,BPAC11
12,2560.0,445.47,,,,1430.0,,30/09/2021,BPAC11
13,4360.0,3350.0,,,,3230.0,,30/06/2021,BPAC11
14,4080.0,50.84,,,,673.59,,31/03/2021,BPAC11
15,,,,,,,,31/12/2020,BPAC11
16,3350.0,487.61,,,,1030.0,,30/09/2020,BPAC11
17,3570.0,171.17,,,,1270.0,,30/06/2020,BPAC11
18,4220.0,-3380.0,,,,-907.79,,31/03/2020,BPAC11
19,,,,,,,,31/12/2019,BPAC11
20,3540.0,106.28,,,,621.14,,30/09/2019,BPAC11
21,3260.0,1190.0,,,,1050.0,,30/06/2019,BPAC11
22,2450.0,398.79,,,,618.85,,31/03/2019,BPAC11
23,,,,,,,,31/12/2018,BPAC11
24,2320.0,-318.22,,,,266.84,,30/09/2018,BPAC11
25,2150.0,-2060.0,,,,-253.13,,30/06/2018,BPAC11
26,1680.0,337.59,,,,477.55,,31/03/2018,BPAC11
27,,,,,,,,31/12/2017,BPAC11
28,,,,,,,,30/09/2017,BPAC11
29,1770.0,-756.5,,,,124.25,,30/06/2017,BPAC11
30,2970.0,1090.0,,,,872.63,,31/03/2017,BPAC11
31,,,,,,,,31/12/2016,BPAC11
32,2480.0,500.47,,,,717.08,,30/09/2016,BPAC11
33,4290.0,2290.0,,,,1000.0,,30/06/2016,BPAC11
34,2440.0,574.47,,,,1010.0,,31/03/2016,BPAC11
35,,,,,,,,31/12/2015,BPAC11
36,6140.0,-6340.0,,,,1850.0,,30/09/2015,BPAC11
37,1150.0,430.27,,,,1290.0,,30/06/2015,BPAC11
38,4630.0,-3500.0,,,,937.27,,31/03/2015,BPAC11
39,,,,,,,,31/12/2014,BPAC11
40,2450.0,-1110.0,,,,803.74,,30/09/2014,BPAC11
41,3250.0,1070.0,,,,871.12,,30/06/2014,BPAC11
42,2490.0,659.83,,,,935.65,,31/03/2014,BPAC11
43,,,,,,,,31/12/2013,BPAC11
44,2500.0,479.08,,,,614.79,,30/09/2013,BPAC11
45,1500.0,83.18,,,,742.19,,30/06/2013,BPAC11
46,2100.0,990.1,,,,482.61,,31/03/2013,BPAC11
47,,,,,,,,31/12/2012,BPAC11
48,1760.0,721.54,,,,425.39,,30/09/2012,BPAC11
49,1520.0,207.83,,,,522.68,,30/06/2012,BPAC11
50,2000.0,795.39,,,,400.83,,31/03/2012,BPAC11
51,,,,,,,,31/12/2011,BPAC11
52,1490.0,39.57,,,,173.37,,30/09/2011,BPAC11
53,1290.0,401.06,,,,225.96,,30/06/2011,BPAC11
54,1360.0,229.96,,,,208.29,,31/03/2011,BPAC11
55,,,,,,,,31/12/2010,BPAC11
0,,,463.83,,463.83,400.58,1.02,30/09/2024,BRAP4
1,,,518.42,,518.42,535.46,1.36,30/06/2024,BRAP4
2,,,333.55,,333.55,343.1,0.87,31/03/2024,BRAP4
3,,,432.49,,432.49,524.05,1.33,31/12/2023,BRAP4
4,,,485.05,,485.05,429.43,1.09,30/09/2023,BRAP4
5,,,158.43,,158.43,174.86,0.44,30/06/2023,BRAP4
6,,,752.88,,752.88,768.28,1.95,31/03/2023,BRAP4
7,,,660.13,,660.13,749.05,1.91,31/12/2022,BRAP4
8,,,1100.0,,1100.0,1060.0,2.70,30/09/2022,BRAP4
9,,,974.54,,974.54,992.23,2.52,30/06/2022,BRAP4
10,,,912.53,,912.53,924.14,2.35,31/03/2022,BRAP4
11,,,2910.0,,2910.0,2960.0,7.53,31/12/2021,BRAP4
12,,,1160.0,,1160.0,1180.0,2.99,30/09/2021,BRAP4
13,,,2250.0,,2250.0,2240.0,6.44,30/06/2021,BRAP4
14,,,1700.0,,1700.0,1700.0,4.89,31/03/2021,BRAP4
15,,,261.47,,261.47,325.88,0.94,31/12/2020,BRAP4
16,,,857.8,,857.8,796.61,2.29,30/09/2020,BRAP4
17,,,289.77,,289.77,290.81,0.84,30/06/2020,BRAP4
18,,,51.57,,51.57,53.76,0.15,31/03/2020,BRAP4
19,,,-389.45,,-389.45,-387.97,-  1.11,31/12/2019,BRAP4
20,,,359.56,,359.56,361.41,1.04,30/09/2019,BRAP4
21,,,-25.39,,-25.39,-21.55,-  0.06,30/06/2019,BRAP4
22,,,-360.34,,-360.34,-355.09,-  1.02,31/03/2019,BRAP4
23,,,2000.0,,2000.0,1970.0,5.66,31/12/2018,BRAP4
24,,,100.68,,100.68,123.24,0.35,30/09/2018,BRAP4
25,,,-616.05,,-616.05,-618.94,-  1.78,30/06/2018,BRAP4
26,,,-248.94,,-248.94,-283.51,-  0.81,31/03/2018,BRAP4
27,,,1500.0,,1500.0,1340.0,3.82,31/12/2017,BRAP4
28,,,706.44,,706.44,687.13,1.97,30/09/2017,BRAP4
29,,,-59.82,,-59.82,-116.77,-  0.33,30/06/2017,BRAP4
30,,,461.57,,461.57,422.98,1.21,31/03/2017,BRAP4
31,,,92.2,,92.2,53.13,0.15,31/12/2016,BRAP4
32,,,101.05,,101.05,60.39,0.17,30/09/2016,BRAP4
33,,,218.92,,218.92,181.52,0.52,30/06/2016,BRAP4
34,,,369.71,,369.71,334.29,0.96,31/03/2016,BRAP4
35,,,-1950.0,,-1950.0,-1980.0,-  5.67,31/12/2015,BRAP4
36,,,-246.31,,-246.31,-279.93,-  0.80,30/09/2015,BRAP4
37,,,263.94,,263.94,241.39,0.69,30/06/2015,BRAP4
38,,,-545.33,,-545.33,-569.24,-  1.63,31/03/2015,BRAP4
39,,,-321.15,,-321.15,-343.15,-  0.98,31/12/2014,BRAP4
40,,,-142.88,,-142.88,-20.9,-  0.06,30/09/2014,BRAP4
41,,,165.9,,165.9,133.14,0.38,30/06/2014,BRAP4
42,,,355.72,,355.72,332.39,0.95,31/03/2014,BRAP4
43,,,-886.75,,-886.75,-900.39,-  2.58,31/12/2013,BRAP4
44,,,495.64,,495.64,481.53,1.38,30/09/2013,BRAP4
45,,,40.03,,40.03,13.18,0.04,30/06/2013,BRAP4
46,,,370.67,,370.67,357.97,1.02,31/03/2013,BRAP4
47,,,-354.95,,-354.95,-350.23,-  1.00,31/12/2012,BRAP4
48,,,235.26,,235.26,223.36,0.64,30/09/2012,BRAP4
49,,,288.49,,288.49,219.33,0.63,30/06/2012,BRAP4
50,,,288.49,,288.49,219.33,0.63,31/03/2012,BRAP4
51,,,462.69,,462.69,464.16,1.33,31/12/2011,BRAP4
52,,,483.8,,483.8,466.06,1.33,30/09/2011,BRAP4
53,,,579.07,,421.72,469.54,1.34,30/06/2011,BRAP4
54,1330.0,782.04,799.49,,799.49,623.78,1.78,31/03/2011,BRAP4
55,1560.0,949.4,717.68,,,515.72,1.48,31/12/2010,BRAP4
56,1490.0,966.51,882.44,,,624.72,1.79,30/09/2010,BRAP4
57,1050.0,610.17,628.48,,,462.85,1.32,30/06/2010,BRAP4
58,731.26,345.67,217.76,,,156.51,0.45,31/03/2010,BRAP4
59,,,,,,,NA,31/12/2009,BRAP4
60,,,200.33,,,186.45,0.53,30/09/2009,BRAP4
61,,,515.61,,,488.25,1.40,30/06/2009,BRAP4
62,,,178.71,,,141.57,0.40,31/03/2009,BRAP4
63,,,,,,,NA,31/12/2008,BRAP4
64,,,728.31,,,699.73,2.00,30/09/2008,BRAP4
65,,,297.4,,,307.3,0.88,30/06/2008,BRAP4
66,,,107.32,,,113.59,0.32,31/03/2008,BRAP4
67,,,,,,,NA,31/12/2007,BRAP4
68,,,228.34,,,232.05,1.33,30/09/2007,BRAP4
69,,,364.02,,,369.29,2.11,30/06/2007,BRAP4
70,,,256.78,,,262.41,1.50,31/03/2007,BRAP4
71,,,,,,,NA,31/12/2006,BRAP4
72,,,162.16,,,172.49,1.97,30/09/2006,BRAP4
73,,,275.01,,,282.03,3.23,30/06/2006,BRAP4
74,,,118.73,,,120.14,1.37,31/03/2006,BRAP4
75,,,,,,,NA,31/12/2005,BRAP4
76,,,151.73,,,153.57,1.76,30/09/2005,BRAP4
77,,,183.92,,,185.81,2.13,30/06/2005,BRAP4
78,,,119.6,,,122.3,2.80,31/03/2005,BRAP4
79,,,,,,,NA,31/12/2004,BRAP4
80,,,60.56,,,62.31,2.07,30/09/2004,BRAP4
81,,,26.39,,,27.45,0.00,30/06/2004,BRAP4
82,,,-23.16,,,-22.14,-  0.00,31/03/2004,BRAP4
83,,,,,,,NA,31/12/2003,BRAP4
84,,,149.48,,,154.41,0.00,30/09/2003,BRAP4
85,,,-121.0,,,-119.1,-  0.00,30/06/2003,BRAP4
86,,,-121.25,,,-117.69,-  0.00,31/03/2003,BRAP4
87,,,,,,,NA,31/12/2002,BRAP4
88,,,-148.73,,,-180.22,-  0.00,30/09/2002,BRAP4
89,,,-566.68,,,-594.54,-  0.00,30/06/2002,BRAP4
90,,,-63.07,,,-82.74,-  0.00,31/03/2002,BRAP4
91,,,,,,,NA,31/12/2001,BRAP4
92,,,-60.16,,,-71.58,-  0.00,31/03/2001,BRAP4
93,,,,,,,NA,31/12/2000,BRAP4
94,,,-55.35,,,-54.51,-  0.00,30/09/2000,BRAP4
95,,,-54.92,,,-54.22,-  0.00,30/06/2000,BRAP4
96,,,3.91,,,3.91,0.00,31/03/2000,BRAP4
97,,,,,,,NA,29/02/2000,BRAP4
0,15520.0,4210.0,2020.0,-858.02,2870.0,1020.0,0.61,30/09/2024,BRFS3
1,14930.0,3930.0,1700.0,-866.06,2570.0,987.75,0.59,30/06/2024,BRFS3
2,13380.0,3220.0,1250.0,-847.53,2100.0,504.99,0.30,31/03/2024,BRFS3
3,14430.0,3190.0,924.48,-869.38,1790.0,751.38,0.45,31/12/2023,BRFS3
4,13810.0,2480.0,452.3,-791.18,1240.0,-387.01,-  0.23,30/09/2023,BRFS3
5,12200.0,1490.0,-361.28,-780.52,419.24,-1360.0,-  1.26,30/06/2023,BRFS3
6,13180.0,1670.0,-179.36,-783.7,604.33,-1030.0,-  0.96,31/03/2023,BRFS3
7,14770.0,2440.0,-313.01,-796.98,483.97,-912.23,-  0.84,31/12/2022,BRFS3
8,14060.0,2600.0,563.39,-759.21,1320.0,-122.57,-  0.11,30/09/2022,BRFS3
9,12940.0,1980.0,140.41,-756.7,897.11,-559.16,-  0.52,30/06/2022,BRFS3
10,12040.0,1110.0,-527.08,-678.82,151.74,-1570.0,-  1.45,31/03/2022,BRFS3
11,13720.0,3120.0,1070.0,-690.06,1760.0,921.27,1.13,31/12/2021,BRFS3
12,12390.0,2620.0,730.48,-680.84,1410.0,-282.12,-  0.35,30/09/2021,BRFS3
13,11640.0,2230.0,580.32,-714.04,1290.0,-244.14,-  0.30,30/06/2021,BRFS3
14,10590.0,2190.0,627.91,-661.42,1290.0,24.44,0.03,31/03/2021,BRFS3
15,11470.0,2890.0,960.85,-620.87,1580.0,908.82,1.12,31/12/2020,BRFS3
16,9940.0,2340.0,744.08,-611.71,1360.0,216.79,0.27,30/09/2020,BRFS3
17,9100.0,1980.0,587.19,-589.98,1180.0,303.87,0.37,30/06/2020,BRFS3
18,8950.0,2250.0,554.68,-571.82,1130.0,-45.92,-  0.06,31/03/2020,BRFS3
19,9290.0,2370.0,798.57,-583.84,1380.0,681.82,0.84,31/12/2019,BRFS3
20,8460.0,2100.0,1070.0,-575.45,1640.0,293.91,0.36,30/09/2019,BRFS3
21,8340.0,2090.0,930.04,-577.37,1510.0,322.83,0.40,30/06/2019,BRFS3
22,7360.0,1520.0,158.2,-564.62,722.82,-1000.0,-  1.23,31/03/2019,BRFS3
23,5210.0,1320.0,399.51,-250.66,650.17,-2100.0,-  2.58,31/12/2018,BRFS3
24,8770.0,1400.0,-87.39,-519.18,396.71,-798.98,-  0.98,30/09/2018,BRFS3
25,8180.0,660.76,-778.96,-490.29,-288.66,-1580.0,-  1.95,30/06/2018,BRFS3
26,8200.0,1540.0,295.58,-487.07,782.66,-124.32,-  0.15,31/03/2018,BRFS3
27,8900.0,1880.0,,-499.35,499.37,-806.83,-  0.99,31/12/2017,BRFS3
28,8730.0,1930.0,558.66,-515.26,1070.0,130.0,0.16,30/09/2017,BRFS3
29,8029.999999999999,1650.0,109.2,-465.9,575.1,-167.31,-  0.21,30/06/2017,BRFS3
30,7810.0,1450.0,68.2,-437.5,505.71,-281.43,-  0.35,31/03/2017,BRFS3
31,8590.0,1690.0,162.87,-413.7,576.56,-460.12,-  0.57,31/12/2016,BRFS3
32,8510.0,1880.0,468.51,-415.39,883.89,18.07,0.02,30/09/2016,BRFS3
33,8510.0,1920.0,528.77,-401.36,930.13,30.61,0.04,30/06/2016,BRFS3
34,8119.999999999999,2029.9999999999998,655.03,-372.4,1030.0,39.06,0.05,31/03/2016,BRFS3
35,8950.0,2800.0,1560.0,-343.84,1900.0,1420.0,1.62,31/12/2015,BRFS3
36,8280.0,2600.0,969.25,-332.38,1300.0,877.11,1.01,30/09/2015,BRFS3
37,7910.0,2520.0,1060.0,-330.18,1390.0,354.41,0.41,30/06/2015,BRFS3
38,7050.0,2160.0,640.91,-310.28,951.18,464.61,0.53,31/03/2015,BRFS3
39,6000.0,2230.0,1320.0,-308.13,1630.0,1020.0,1.17,31/12/2014,BRFS3
40,7980.0,2340.0,902.37,-308.43,1210.0,624.27,0.72,30/09/2014,BRFS3
41,7690.0,2040.0,691.65,-310.95,1000.0,267.07,0.31,30/06/2014,BRFS3
42,7340.0,1890.0,561.87,-302.92,864.78,315.45,0.36,31/03/2014,BRFS3
43,8210.0,2080.0,461.63,-310.7,772.33,208.44,0.24,31/12/2013,BRFS3
44,7580.0,1910.0,464.45,-295.88,760.33,287.02,0.33,30/09/2013,BRFS3
45,7530.0,1880.0,502.51,-298.98,801.5,208.44,0.24,30/06/2013,BRFS3
46,7210.0,1700.0,531.06,-270.52,801.58,358.53,0.41,31/03/2013,BRFS3
47,8150.0,2100.0,608.2,-247.33,855.53,562.77,0.65,31/12/2012,BRFS3
48,7190.0,1530.0,232.1,-242.22,474.32,90.87,0.10,30/09/2012,BRFS3
49,6840.0,1490.0,280.59,-239.54,520.13,6.39,0.01,30/06/2012,BRFS3
50,6340.0,1340.0,268.03,-237.58,505.61,153.2,0.18,31/03/2012,BRFS3
51,7100.0,1950.0,508.26,-224.37,732.63,121.01,0.14,31/12/2011,BRFS3
52,6290.0,1610.0,454.97,-216.68,671.64,365.01,0.42,30/09/2011,BRFS3
53,6290.0,1560.0,512.91,-225.04,737.96,497.92,0.57,30/06/2011,BRFS3
54,6020.0,1550.0,524.99,-220.25,745.24,383.47,0.44,31/03/2011,BRFS3
55,6400.0,1840.0,559.89,,,360.16,0.41,31/12/2010,BRFS3
56,5700.0,1420.0,362.2,,,211.38,0.24,30/09/2010,BRFS3
57,5530.0,1350.0,351.9,,,171.45,0.20,30/06/2010,BRFS3
58,5050.0,1120.0,210.6,,,61.12,0.07,31/03/2010,BRFS3
59,5310.0,1410.0,94.84,,,5.73,0.01,31/12/2009,BRFS3
60,5290.0,1100.0,15.73,,,211.36,0.48,30/09/2009,BRFS3
61,2700.0,592.81,,,,129.31,0.62,30/06/2009,BRFS3
62,2600.0,535.05,-17.22,,,-225.97,-  1.09,31/03/2009,BRFS3
63,3060.0,911.68,172.37,,,-20.14,-  0.10,31/12/2008,BRFS3
64,3040.0,686.18,115.57,,,-52.37,-  0.25,30/09/2008,BRFS3
65,2830.0,624.56,83.65,,,75.88,0.37,30/06/2008,BRFS3
66,2460.0,536.45,75.08,,,51.01,0.25,31/03/2008,BRFS3
67,1920.0,556.3,150.8,,,97.55,0.52,31/12/2007,BRFS3
68,1660.0,494.72,152.97,,,90.2,0.54,30/09/2007,BRFS3
69,1530.0,411.17,91.66,,,70.81,0.43,30/06/2007,BRFS3
70,1520.0,411.09,93.73,,,62.74,0.38,31/03/2007,BRFS3
71,1610.0,492.47,137.23,,,111.72,0.67,31/12/2006,BRFS3
72,1340.0,350.47,54.72,,,21.44,0.16,30/09/2006,BRFS3
73,1200.0,251.73,-16.75,,,-26.3,-  0.20,30/06/2006,BRFS3
74,1060.0,249.44,28.45,,,10.4,0.08,31/03/2006,BRFS3
75,1340.0,396.28,142.13,,,109.05,2.44,31/12/2005,BRFS3
76,1290.0,365.24,134.5,,,96.59,2.16,30/09/2005,BRFS3
77,1310.0,368.56,137.43,,,83.53,1.87,30/06/2005,BRFS3
78,1200.0,329.19,119.8,,,71.79,1.61,31/03/2005,BRFS3
79,1370.0,379.17,109.82,,,84.29,1.89,31/12/2004,BRFS3
80,1210.0,310.9,66.59,,,40.27,0.90,30/09/2004,BRFS3
81,1220.0,354.88,163.75,,,90.74,2.03,30/06/2004,BRFS3
82,1090.0,305.92,120.06,,,80.32,1.80,31/03/2004,BRFS3
83,1090.0,345.52,145.37,,,72.07,1.61,31/12/2003,BRFS3
84,1010.0,277.62,93.89,,,38.2,0.86,30/09/2003,BRFS3
85,875.12,212.04,31.82,,,19.98,0.45,30/06/2003,BRFS3
86,849.86,187.7,9.73,,,-6.71,-  0.15,31/03/2003,BRFS3
87,904.63,240.74,66.48,,,29.97,0.67,31/12/2002,BRFS3
88,755.65,224.01,66.75,,,-24.54,-  0.55,30/09/2002,BRFS3
89,635.16,174.06,39.16,,,-15.34,-  0.34,30/06/2002,BRFS3
90,621.95,174.62,49.14,,,18.14,0.41,31/03/2002,BRFS3
91,1960.0,675.66,319.78,,,159.39,3.57,31/12/2001,BRFS3
92,476.38,124.56,36.96,,,8.86,0.20,31/03/2001,BRFS3
93,533.61,146.69,51.54,,,25.5,0.57,31/12/2000,BRFS3
94,429.49,106.45,28.3,,,8.64,0.19,30/09/2000,BRFS3
95,400.73,85.03,18.89,,,4.0,0.09,30/06/2000,BRFS3
96,399.82,89.48,17.26,,,7.25,0.00,31/03/2000,BRFS3
0,21260.0,2250.0,1020.0,-1290.0,2310.0,-593.0,-  0.74,30/09/2024,BRKM5
1,19080.0,1390.0,-157.0,-1290.0,1130.0,-3740.0,-  4.69,30/06/2024,BRKM5
2,17920.0,1210.0,-41.0,-1230.0,1190.0,-1350.0,-  1.69,31/03/2024,BRKM5
3,16690.0,1010.0,-1030.0,-1390.0,358.3,-1570.0,-  1.98,31/12/2023,BRKM5
4,16680.0,569.11,-620.12,-1290.0,665.33,-2420.0,-  3.04,30/09/2023,BRKM5
5,17760.0,458.58,-1640.0,-1300.0,-336.13,-770.6,-  0.97,30/06/2023,BRKM5
6,19450.0,984.83,496.07,-1230.0,1730.0,184.44,0.23,31/03/2023,BRKM5
7,18990.0,-78.31,-1840.0,-1430.0,-411.81,-1710.0,-  2.15,31/12/2022,BRKM5
8,25390.0,2230.0,690.26,-1180.0,1870.0,-1100.0,-  1.38,30/09/2022,BRKM5
9,25410.0,4080.0,1650.0,-1120.0,2770.0,-1410.0,-  1.76,30/06/2022,BRKM5
10,26730.0,5130.0,3770.0,-1010.0,4780.0,3880.0,4.87,31/03/2022,BRKM5
11,28210.0,6700.0,3720.0,-1370.0,5090.0,530.34,0.67,31/12/2021,BRKM5
12,28300.0,8300.0,6520.0,-958.63,7480.0,3540.0,4.44,30/09/2021,BRKM5
13,26420.0,9810.0,9060.0,-922.5,9990.0,7420.0,9.31,30/06/2021,BRKM5
14,22690.0,7240.0,6740.0,-931.62,7670.0,2490.0,3.13,31/03/2021,BRKM5
15,18740.0,4940.0,1130.0,-1050.0,2180.0,846.23,1.06,31/12/2020,BRKM5
16,15990.0,3570.0,-584.29,-1060.0,474.44,-1410.0,-  1.77,30/09/2020,BRKM5
17,11190.0,1530.0,-995.61,-969.36,-26.25,-2480.0,-  3.11,30/06/2020,BRKM5
18,12620.0,1170.0,376.92,-973.49,1350.0,-3650.0,-  4.58,31/03/2020,BRKM5
19,12640.0,1580.0,-3570.0,-1020.0,-2550.0,-2920.0,-  3.67,31/12/2019,BRKM5
20,13370.0,1720.0,558.64,-876.83,1440.0,-887.8,-  1.11,30/09/2019,BRKM5
21,13340.0,1660.0,842.93,-869.32,1710.0,83.89,0.11,30/06/2019,BRKM5
22,12980.0,1760.0,2120.0,-861.71,2980.0,1360.0,1.71,31/03/2019,BRKM5
23,14840.0,1970.0,1160.0,-741.56,1900.0,-78.44,-  0.10,31/12/2018,BRKM5
24,16350.000000000002,3630.0,2790.0,-788.16,3580.0,1340.0,1.69,30/09/2018,BRKM5
25,13790.0,3280.0,2440.0,-720.91,3160.0,547.25,0.69,30/06/2018,BRKM5
26,13030.0,2700.0,1910.0,-739.95,2650.0,1050.0,1.32,31/03/2018,BRKM5
27,12630.0,3240.0,2210.0,-759.71,2970.0,386.22,0.48,31/12/2017,BRKM5
28,12160.0,3040.0,1930.0,-744.94,2680.0,799.37,1.00,30/09/2017,BRKM5
29,11870.0,2890.0,2310.0,-722.08,3030.0,1090.0,1.37,30/06/2017,BRKM5
30,12600.0,3690.0,2910.0,-702.12,3610.0,1810.0,2.27,31/03/2017,BRKM5
31,11440.0,2990.0,-1200.0,-716.34,-480.2,-2480.0,-  3.11,31/12/2016,BRKM5
32,12160.0,3230.0,2300.0,-711.07,3020.0,889.43,1.12,30/09/2016,BRKM5
33,11890.0,3250.0,2370.0,-672.87,3040.0,412.98,0.52,30/06/2016,BRKM5
34,12170.0,3250.0,2470.0,-582.82,3060.0,774.73,0.97,31/03/2016,BRKM5
35,12330.0,2810.0,1500.0,-540.59,2040.0,219.55,0.28,31/12/2015,BRKM5
36,13160.0,3200.0,2470.0,-561.31,3030.0,1570.0,1.97,30/09/2015,BRKM5
37,11590.0,2760.0,2120.0,-494.23,2610.0,1100.0,1.37,30/06/2015,BRKM5
38,10200.0,1600.0,968.1,-518.81,1490.0,251.4,0.32,31/03/2015,BRKM5
39,11610.0,1530.0,835.48,-523.68,1360.0,61.28,0.08,31/12/2014,BRKM5
40,11720.0,1670.0,969.8,-530.18,1500.0,269.0,0.34,30/09/2014,BRKM5
41,10850.0,1250.0,634.65,-496.97,1130.0,128.48,0.16,30/06/2014,BRKM5
42,11840.0,1520.0,1130.0,-505.54,1630.0,405.31,0.51,31/03/2014,BRKM5
43,11450.0,1420.0,655.08,-544.54,1200.0,24.1,0.03,31/12/2013,BRKM5
44,10700.0,1690.0,1110.0,-543.61,1650.0,392.92,0.49,30/09/2013,BRKM5
45,9530.0,1060.0,538.4,-484.49,1020.0,-117.23,-  0.15,30/06/2013,BRKM5
46,9300.0,980.08,438.36,-483.45,921.8,209.91,0.26,31/03/2013,BRKM5
47,8700.0,857.86,436.39,-497.18,933.57,280.32,0.35,31/12/2012,BRKM5
48,9450.0,956.84,387.36,-508.85,896.21,-134.61,-  0.17,30/09/2012,BRKM5
49,9140.0,859.64,400.71,-483.31,883.35,-1030.0,-  1.29,30/06/2012,BRKM5
50,8230.0,632.86,314.81,-444.44,759.25,153.56,0.19,31/03/2012,BRKM5
51,8710.0,694.54,265.68,-441.06,706.74,-197.0,-  0.25,31/12/2011,BRKM5
52,8690.0,920.97,416.43,-452.59,869.02,-1050.0,-  1.31,30/09/2011,BRKM5
53,8370.0,1230.0,737.89,-409.12,1150.0,414.44,0.52,30/06/2011,BRKM5
54,7390.0,997.88,505.87,-418.66,924.53,308.23,0.38,31/03/2011,BRKM5
55,6970.0,1200.0,616.12,,,360.9,0.45,31/12/2010,BRKM5
56,7550.0,1090.0,604.13,,,535.29,0.67,30/09/2010,BRKM5
57,6270.0,993.76,1510.0,,,976.21,1.22,30/06/2010,BRKM5
58,4720.0,793.86,482.78,,,22.91,0.04,31/03/2010,BRKM5
59,4250.0,565.05,82.61,,,-893.11,-  1.71,31/12/2009,BRKM5
60,4050.0,979.06,610.25,,,644.73,1.24,30/09/2009,BRKM5
61,3790.0,654.06,341.45,,,1160.0,2.22,30/06/2009,BRKM5
62,3150.0,385.35,241.13,,,9.74,0.02,31/03/2009,BRKM5
63,4110.0,766.27,154.33,,,-2110.0,-  4.15,31/12/2008,BRKM5
64,5030.0,764.9,276.35,,,-849.17,-  1.62,30/09/2008,BRKM5
65,4410.0,637.28,167.07,,,382.66,0.73,30/06/2008,BRKM5
66,4410.0,650.28,373.91,,,82.75,0.19,31/03/2008,BRKM5
67,4800.0,789.49,246.27,,,27.24,0.06,31/12/2007,BRKM5
68,4620.0,841.31,405.17,,,132.36,0.29,30/09/2007,BRKM5
69,4970.0,932.11,553.39,,,281.13,0.76,30/06/2007,BRKM5
70,3290.0,675.53,272.97,,,106.86,0.29,31/03/2007,BRKM5
71,3120.0,746.37,374.36,,,78.16,0.21,31/12/2006,BRKM5
72,3690.0,609.96,285.36,,,-45.03,-  0.12,30/09/2006,BRKM5
73,3190.0,382.18,111.84,,,-53.73,-  0.15,30/06/2006,BRKM5
74,3000.0,462.14,256.94,,,121.96,0.34,31/03/2006,BRKM5
75,3360.0,628.56,262.64,,,-59.27,-  0.16,31/12/2005,BRKM5
76,3110.0,475.52,207.58,,,51.34,0.14,30/09/2005,BRKM5
77,3230.0,728.21,420.49,,,428.08,1.18,30/06/2005,BRKM5
78,3380.0,881.08,567.81,,,205.68,0.57,31/03/2005,BRKM5
79,3050.0,889.49,487.83,,,486.54,0.01,31/12/2004,BRKM5
80,3710.0,886.41,648.63,,,496.27,0.01,30/09/2004,BRKM5
81,3060.0,718.86,472.34,,,-301.58,-  0.00,30/06/2004,BRKM5
82,2380.0,618.93,416.31,,,9.63,0.00,31/03/2004,BRKM5
83,2690.0,537.25,293.26,,,-195.58,-  0.00,31/12/2003,BRKM5
84,2530.0,536.05,328.85,,,-57.65,-  0.02,30/09/2003,BRKM5
85,2450.0,461.39,268.77,,,337.75,0.10,30/06/2003,BRKM5
86,2460.0,511.85,376.91,,,130.61,0.04,31/03/2003,BRKM5
87,2220.0,363.72,1070.0,,,1040.0,0.31,31/12/2002,BRKM5
88,2800.0,563.87,231.61,,,-1660.0,-  0.49,30/09/2002,BRKM5
89,766.42,127.35,60.47,,,-239.04,-  0.13,30/06/2002,BRKM5
90,650.45,102.69,7.53,,,-45.63,-  0.03,31/03/2002,BRKM5
91,,,,,,,NA,31/12/2001,BRKM5
92,823.05,139.09,107.86,,,34.92,0.02,30/06/2001,BRKM5
93,770.18,111.29,80.97,,,2.64,0.00,31/03/2001,BRKM5
94,,,,,,,NA,31/12/2000,BRKM5
95,702.5,105.26,49.05,,,24.5,0.01,30/09/2000,BRKM5
96,725.33,176.44,144.9,,,93.3,0.05,30/06/2000,BRKM5
97,637.24,168.53,141.73,,,110.8,0.06,31/03/2000,BRKM5
0,5590.0,1940.0,1490.0,-440.11,1930.0,422.0,0.21,30/09/2024,CCRO3
1,5290.0,1730.0,1310.0,-414.51,1720.0,267.93,0.13,30/06/2024,CCRO3
2,4690.0,1830.0,1440.0,-398.98,1840.0,340.91,0.17,31/03/2024,CCRO3
3,6210.0,2390.0,1850.0,-413.3,2260.0,553.77,0.27,31/12/2023,CCRO3
4,4430.0,1720.0,1260.0,-398.88,1660.0,251.53,0.12,30/09/2023,CCRO3
5,3910.0,1690.0,1310.0,-386.49,1700.0,270.21,0.13,30/06/2023,CCRO3
6,4390.0,2310.0,1800.0,-374.48,2180.0,629.33,0.31,31/03/2023,CCRO3
7,3850.0,1390.0,655.63,-230.44,886.08,-217.11,-  0.11,31/12/2022,CCRO3
8,3650.0,1480.0,1700.0,-693.19,2390.0,606.45,0.30,30/09/2022,CCRO3
9,3420.0,1650.0,1330.0,-408.95,1740.0,291.27,0.14,30/06/2022,CCRO3
10,8260.0,6680.0,6430.0,-400.33,6830.0,3450.0,1.71,31/03/2022,CCRO3
11,3110.0,1110.0,632.24,-744.68,1380.0,-133.18,-  0.07,31/12/2021,CCRO3
12,2840.0,1060.0,907.57,-643.37,1550.0,183.91,0.09,30/09/2021,CCRO3
13,2580.0,491.84,331.51,-1110.0,1440.0,-44.04,-  0.02,30/06/2021,CCRO3
14,3710.0,1980.0,1770.0,-656.14,2430.0,688.94,0.34,31/03/2021,CCRO3
15,2870.0,1140.0,427.72,-693.74,1120.0,-74.82,-  0.04,31/12/2020,CCRO3
16,2380.0,807.58,608.19,-606.83,1220.0,118.3,0.06,30/09/2020,CCRO3
17,1990.0,415.78,136.24,-584.47,720.71,-142.13,-  0.07,30/06/2020,CCRO3
18,2640.0,1060.0,862.7,-535.98,1400.0,289.68,0.14,31/03/2020,CCRO3
19,2980.0,1300.0,932.85,-522.38,1460.0,392.57,0.19,31/12/2019,CCRO3
20,2700.0,1120.0,910.76,-497.92,1410.0,340.25,0.17,30/09/2019,CCRO3
21,2500.0,1040.0,834.81,-476.33,1310.0,347.37,0.17,30/06/2019,CCRO3
22,2410.0,1030.0,869.06,-445.32,1310.0,358.07,0.18,31/03/2019,CCRO3
23,2580.0,1000.0,11.18,-432.13,443.31,-307.06,-  0.15,31/12/2018,CCRO3
24,2400.0,1010.0,816.35,-374.15,1190.0,365.35,0.18,30/09/2018,CCRO3
25,2340.0,850.76,654.4,-350.0,1000.0,277.7,0.14,30/06/2018,CCRO3
26,2400.0,1010.0,867.4,-312.17,1180.0,446.75,0.22,31/03/2018,CCRO3
27,3390.0,1070.0,919.05,-317.2,1240.0,329.05,0.16,31/12/2017,CCRO3
28,2430.0,1070.0,928.19,-296.62,1220.0,472.34,0.23,30/09/2017,CCRO3
29,2330.0,941.05,1280.0,-290.37,1580.0,667.1,0.33,30/06/2017,CCRO3
30,2400.0,865.54,764.89,-251.13,1020.0,328.98,0.16,31/03/2017,CCRO3
31,2670.0,785.84,637.98,-256.3,894.28,169.47,0.10,31/12/2016,CCRO3
32,2590.0,980.06,2180.0,-242.18,2420.0,1150.0,0.65,30/09/2016,CCRO3
33,2540.0,814.23,707.09,-237.09,944.18,145.71,0.08,30/06/2016,CCRO3
34,2200.0,849.23,782.34,-223.85,1010.0,247.52,0.14,31/03/2016,CCRO3
35,2340.0,812.92,736.29,-226.98,963.27,244.77,0.14,31/12/2015,CCRO3
36,2200.0,871.92,722.65,-205.94,928.59,246.97,0.14,30/09/2015,CCRO3
37,2060.0,760.9,649.26,-200.66,849.92,183.75,0.10,30/06/2015,CCRO3
38,1880.0,783.19,621.24,-188.99,810.22,198.88,0.11,31/03/2015,CCRO3
39,2100.0,852.56,787.69,-195.61,983.29,383.93,0.22,31/12/2014,CCRO3
40,1930.0,857.71,742.9,-179.9,922.8,346.05,0.20,30/09/2014,CCRO3
41,1790.0,755.12,619.94,-165.57,785.5,275.76,0.16,30/06/2014,CCRO3
42,1570.0,821.63,712.63,-153.42,866.05,343.1,0.19,31/03/2014,CCRO3
43,1660.0,848.27,690.81,-156.56,847.37,306.39,0.17,31/12/2013,CCRO3
44,1640.0,877.3,768.29,-144.09,912.38,403.5,0.23,30/09/2013,CCRO3
45,1400.0,742.71,618.19,-140.43,758.62,304.44,0.17,30/06/2013,CCRO3
46,1310.0,742.56,647.73,-124.03,771.76,336.67,0.19,31/03/2013,CCRO3
47,1670.0,890.69,679.66,-149.85,829.51,347.55,0.20,31/12/2012,CCRO3
48,1540.0,858.92,646.98,-143.81,790.79,316.84,0.18,30/09/2012,CCRO3
49,1290.0,741.96,563.16,-128.61,691.77,224.27,0.13,30/06/2012,CCRO3
50,1270.0,750.75,607.64,-117.99,725.63,288.64,0.16,31/03/2012,CCRO3
51,1370.0,813.59,659.63,325.21,334.42,294.71,0.17,31/12/2011,CCRO3
52,1370.0,790.06,652.36,-108.48,760.84,266.56,0.60,30/09/2011,CCRO3
53,1220.0,653.55,481.55,-112.3,593.86,162.86,0.37,30/06/2011,CCRO3
54,1180.0,595.03,483.47,-104.43,587.9,175.24,0.40,31/03/2011,CCRO3
55,1260.0,495.87,314.51,,,15.66,0.04,31/12/2010,CCRO3
56,1200.0,605.34,480.9,,,271.18,0.61,30/09/2010,CCRO3
57,1160.0,581.11,470.25,,,207.66,0.47,30/06/2010,CCRO3
58,1030.0,520.29,435.6,,,177.22,0.40,31/03/2010,CCRO3
59,841.37,500.53,380.7,,,111.72,0.25,31/12/2009,CCRO3
60,795.17,483.89,400.77,,,185.0,0.46,30/09/2009,CCRO3
61,736.83,434.02,352.06,,,181.91,0.45,30/06/2009,CCRO3
62,715.96,416.03,345.66,,,155.94,0.39,31/03/2009,CCRO3
63,734.41,460.3,377.25,,,188.79,0.47,31/12/2008,CCRO3
64,744.1,466.66,387.61,,,219.62,0.54,30/09/2008,CCRO3
65,635.31,376.36,289.05,,,137.97,0.34,30/06/2008,CCRO3
66,620.4,372.46,314.0,,,167.21,0.41,31/03/2008,CCRO3
67,633.84,390.31,291.88,,,136.01,0.34,31/12/2007,CCRO3
68,617.58,382.09,330.2,,,178.97,0.44,30/09/2007,CCRO3
69,555.7,319.93,241.67,,,121.79,0.30,30/06/2007,CCRO3
70,545.89,306.05,259.28,,,146.81,0.36,31/03/2007,CCRO3
71,567.54,289.07,234.59,,,232.74,0.58,31/12/2006,CCRO3
72,550.05,279.09,232.68,,,121.12,0.30,30/09/2006,CCRO3
73,512.85,246.61,174.69,,,78.05,0.19,30/06/2006,CCRO3
74,514.54,257.75,213.42,,,115.36,0.29,31/03/2006,CCRO3
75,551.94,293.82,228.32,,,152.62,1.51,31/12/2005,CCRO3
76,519.34,269.27,229.93,,,182.28,1.81,30/09/2005,CCRO3
77,471.44,237.02,183.49,,,97.95,0.97,30/06/2005,CCRO3
78,411.64,195.95,161.41,,,67.65,0.67,31/03/2005,CCRO3
79,397.8,194.77,160.06,,,96.94,0.96,31/12/2004,CCRO3
80,393.04,192.25,158.88,,,93.59,0.93,30/09/2004,CCRO3
81,341.01,147.95,95.41,,,20.75,0.21,30/06/2004,CCRO3
82,331.31,145.1,117.81,,,51.7,0.61,31/03/2004,CCRO3
83,330.6,143.28,114.73,,,57.06,0.67,31/12/2003,CCRO3
84,303.23,134.28,106.58,,,36.76,0.43,30/09/2003,CCRO3
85,254.22,85.31,66.02,,,55.87,0.66,30/06/2003,CCRO3
86,251.12,88.55,69.9,,,33.27,0.39,31/03/2003,CCRO3
87,270.92,116.73,79.21,,,88.94,1.05,31/12/2002,CCRO3
88,262.33,115.28,81.41,,,-150.87,-  1.78,30/09/2002,CCRO3
89,233.63,92.13,59.85,,,-70.19,-  0.83,30/06/2002,CCRO3
90,233.46,101.02,64.92,,,12.59,0.15,31/03/2002,CCRO3
91,253.25,132.02,101.01,,,67.51,0.99,31/12/2001,CCRO3
92,224.92,106.29,80.24,,,-90.52,-  12.01,30/09/2001,CCRO3
93,197.78,79.51,51.45,,,-62.04,-  8.68,30/06/2001,CCRO3
94,194.35,87.21,59.39,,,-40.34,-  5.64,31/03/2001,CCRO3
95,,,,,,,NA,31/12/2000,CCRO3
0,10150.0,1660.0,4610.0,-345.74,4960.0,3280.0,1.15,30/09/2024,CMIG4
1,9440.0,2500.0,2029.9999999999998,-337.78,2370.0,1690.0,0.59,30/06/2024,CMIG4
2,9060.0,2029.9999999999998,1680.0,-328.54,2009.9999999999998,1150.0,0.52,31/03/2024,CMIG4
3,9960.0,2240.0,2100.0,-351.45,2450.0,1890.0,0.86,31/12/2023,CMIG4
4,9430.0,2040.0,1690.0,-316.69,2009.9999999999998,1240.0,0.56,30/09/2023,CMIG4
5,8820.0,2020.0,1580.0,-303.26,1880.0,1240.0,0.57,30/06/2023,CMIG4
6,8650.0,2080.0,1860.0,-302.67,2160.0,1400.0,0.63,31/03/2023,CMIG4
7,9750.0,1940.0,1660.0,-312.55,1970.0,1410.0,0.64,31/12/2022,CMIG4
8,9220.0,1650.0,1500.0,-297.61,2630.0,1180.0,0.54,30/09/2022,CMIG4
9,8210.0,423.82,65.67,-288.02,353.69,49.52,0.02,30/06/2022,CMIG4
10,7850.0,1970.0,1630.0,-283.91,1920.0,1460.0,0.86,31/03/2022,CMIG4
11,9660.0,1810.0,1370.0,-285.63,1650.0,3750.0,2.22,31/12/2021,CMIG4
12,9520.0,1670.0,1630.0,-283.32,1910.0,,0.00,30/09/2021,CMIG4
13,7350.0,1460.0,2350.0,-241.73,2590.0,1950.0,1.15,30/06/2021,CMIG4
14,7110.0,1780.0,1610.0,-238.43,1850.0,422.03,0.25,31/03/2021,CMIG4
15,6860.0,980.61,1400.0,-255.52,1650.0,1330.0,0.88,31/12/2020,CMIG4
16,6370.0,1450.0,1180.0,-245.09,1420.0,545.06,0.36,30/09/2020,CMIG4
17,5930.0,1420.0,1560.0,-245.7,1810.0,1040.0,0.72,30/06/2020,CMIG4
18,6060.0,1530.0,565.47,-242.75,808.22,-57.12,-  0.04,31/03/2020,CMIG4
19,6390.0,1320.0,673.52,-234.91,908.44,497.53,0.34,31/12/2019,CMIG4
20,6070.0,176.91,-357.81,-244.02,-113.79,-281.99,-  0.19,30/09/2019,CMIG4
21,7020.0,2600.0,1560.0,-248.4,1810.0,2110.0,1.45,30/06/2019,CMIG4
22,5910.0,1700.0,1230.0,-230.9,1460.0,797.08,0.55,31/03/2019,CMIG4
23,5470.0,1130.0,357.85,-215.49,573.34,1000.0,0.69,31/12/2018,CMIG4
24,6250.0,1130.0,680.23,-207.8,888.04,244.32,0.17,30/09/2018,CMIG4
25,5610.0,1120.0,663.8,-198.31,862.11,-11.04,-  0.01,30/06/2018,CMIG4
26,4940.0,1210.0,794.01,-212.99,1010.0,464.45,0.37,31/03/2018,CMIG4
27,6560.0,1460.0,1320.0,-232.99,1550.0,604.2,0.48,31/12/2017,CMIG4
28,5140.0,442.71,-105.41,-205.98,100.57,-83.83,-  0.07,30/09/2017,CMIG4
29,5210.0,940.89,530.21,-209.44,739.64,137.98,0.11,30/06/2017,CMIG4
30,4810.0,1380.0,898.87,-201.37,1100.0,342.6,0.27,31/03/2017,CMIG4
31,4670.0,934.98,-112.94,-233.09,120.16,-306.23,-  0.24,31/12/2016,CMIG4
32,4900.0,1250.0,991.45,-202.48,1190.0,433.4,0.34,30/09/2016,CMIG4
33,4760.0,1130.0,480.47,-199.68,680.15,202.05,0.16,30/06/2016,CMIG4
34,4450.0,1030.0,446.14,-199.03,645.18,5.12,0.00,31/03/2016,CMIG4
35,5270.0,1420.0,267.12,-206.0,473.12,283.02,0.22,31/12/2015,CMIG4
36,4780.0,694.42,447.08,-200.12,647.2,166.86,0.13,30/09/2015,CMIG4
37,5390.0,1510.0,1050.0,-181.59,1230.0,534.13,0.42,30/06/2015,CMIG4
38,5850.0,1890.0,2330.0,-247.12,2580.0,1480.0,1.18,31/03/2015,CMIG4
39,6210.0,2160.0,1970.0,-213.43,2180.0,1120.0,0.89,31/12/2014,CMIG4
40,3830.0,778.62,310.13,-202.96,513.09,29.06,0.02,30/09/2014,CMIG4
41,4740.0,1650.0,1370.0,-202.49,1580.0,740.87,0.59,30/06/2014,CMIG4
42,4760.0,2140.0,1930.0,-182.03,2110.0,1250.0,0.99,31/03/2014,CMIG4
43,3960.0,1090.0,804.4,-249.95,1050.0,832.43,0.66,31/12/2013,CMIG4
44,3550.0,918.46,1100.0,-186.59,1290.0,788.84,0.82,30/09/2013,CMIG4
45,3440.0,1050.0,1070.0,-184.14,1250.0,617.24,0.64,30/06/2013,CMIG4
46,3680.0,1720.0,1390.0,-202.99,1590.0,865.35,1.01,31/03/2013,CMIG4
47,5090.0,1260.0,170.21,-288.6,458.81,2100.0,2.46,31/12/2012,CMIG4
48,4810.0,1640.0,1520.0,-229.24,1750.0,937.13,1.10,30/09/2012,CMIG4
49,4410.0,1560.0,1190.0,-245.16,1430.0,604.23,0.71,30/06/2012,CMIG4
50,4150.0,1620.0,1200.0,-237.55,1440.0,631.39,0.93,31/03/2012,CMIG4
51,4340.0,1580.0,1050.0,-238.77,1290.0,709.0,1.04,31/12/2011,CMIG4
52,4050.0,1590.0,1260.0,-238.38,1500.0,657.25,0.96,30/09/2011,CMIG4
53,3820.0,1380.0,1040.0,-229.39,1270.0,523.06,0.77,30/06/2011,CMIG4
54,3390.0,1250.0,1060.0,-232.8,1290.0,526.15,0.77,31/03/2011,CMIG4
55,3820.0,1700.0,1250.0,,,994.92,1.46,31/12/2010,CMIG4
56,3180.0,1080.0,975.04,,,553.32,0.81,30/09/2010,CMIG4
57,3180.0,1130.0,834.06,,,407.11,0.60,30/06/2010,CMIG4
58,2880.0,1130.0,950.32,,,520.07,0.84,31/03/2010,CMIG4
59,3370.0,1250.0,931.54,,,434.33,0.70,31/12/2009,CMIG4
60,2990.0,1040.0,898.83,,,567.04,0.91,30/09/2009,CMIG4
61,2980.0,1210.0,862.74,,,523.79,0.84,30/06/2009,CMIG4
62,2370.0,775.14,609.64,,,336.24,0.68,31/03/2009,CMIG4
63,2750.0,968.65,775.68,,,281.24,0.57,31/12/2008,CMIG4
64,2750.0,1070.0,919.6,,,516.24,1.04,30/09/2008,CMIG4
65,2630.0,931.27,809.37,,,599.28,1.21,30/06/2008,CMIG4
66,2750.0,1100.0,879.97,,,490.28,1.01,31/03/2008,CMIG4
67,2630.0,961.4,899.09,,,266.69,0.55,31/12/2007,CMIG4
68,2700.0,1110.0,878.16,,,547.13,1.12,30/09/2007,CMIG4
69,2580.0,994.27,824.19,,,515.0,1.06,30/06/2007,CMIG4
70,2340.0,856.38,682.78,,,406.63,0.00,31/03/2007,CMIG4
71,2710.0,835.88,693.06,,,605.57,0.00,31/12/2006,CMIG4
72,2600.0,707.9,687.74,,,448.19,0.00,30/09/2006,CMIG4
73,2130.0,485.88,336.57,,,325.35,0.00,30/06/2006,CMIG4
74,2240.0,643.25,538.38,,,339.73,0.00,31/03/2006,CMIG4
75,1900.0,60.64,-46.68,,,516.2,0.00,31/12/2005,CMIG4
76,2130.0,690.25,518.18,,,445.61,0.00,30/09/2005,CMIG4
77,2009.9999999999998,709.31,653.63,,,486.87,0.00,30/06/2005,CMIG4
78,2190.0,848.17,716.3,,,554.72,0.00,31/03/2005,CMIG4
79,2040.0,-2820.0,499.55,,,449.96,0.00,31/12/2004,CMIG4
80,1700.0,1700.0,419.33,,,378.03,0.00,30/09/2004,CMIG4
81,1770.0,1770.0,380.43,,,260.39,0.00,30/06/2004,CMIG4
82,1620.0,1620.0,457.21,,,296.42,0.00,31/03/2004,CMIG4
83,1570.0,1570.0,373.76,,,384.48,0.00,31/12/2003,CMIG4
84,1510.0,1510.0,374.18,,,277.7,0.00,30/09/2003,CMIG4
85,1460.0,1460.0,303.62,,,383.77,0.00,30/06/2003,CMIG4
86,1090.0,1090.0,113.78,,,151.69,0.00,31/03/2003,CMIG4
87,1300.0,1300.0,82.07,,,149.07,0.00,31/12/2002,CMIG4
88,1540.0,1540.0,54.44,,,-256.11,-  0.00,30/09/2002,CMIG4
89,1040.0,1040.0,-956.59,,,-1110.0,-  0.01,30/06/2002,CMIG4
90,1240.0,1240.0,272.98,,,219.95,0.00,31/03/2002,CMIG4
91,1820.0,1820.0,582.21,,,672.55,0.00,31/12/2001,CMIG4
92,825.28,825.28,-34.61,,,-208.77,-  0.00,30/09/2001,CMIG4
93,1010.0,1010.0,171.62,,,26.66,0.00,30/06/2001,CMIG4
94,935.18,935.18,128.16,,,-12.51,-  0.00,31/03/2001,CMIG4
95,,,,,,,NA,31/12/2000,CMIG4
96,971.32,971.32,195.57,,,106.03,0.00,30/09/2000,CMIG4
97,832.77,832.77,156.34,,,135.68,0.00,30/06/2000,CMIG4
98,792.39,792.39,123.69,,,82.36,0.00,31/03/2000,CMIG4
0,1280.0,853.49,136.96,-166.38,303.34,-29.12,-  0.02,30/09/2024,COGN3
1,1430.0,965.3,220.32,-164.43,384.76,-8.32,-  0.00,30/06/2024,COGN3
2,1520.0,1040.0,230.54,-166.18,396.72,-8.51,-  0.00,31/03/2024,COGN3
3,1830.0,1150.0,234.13,-168.59,402.72,-397.38,-  0.21,31/12/2023,COGN3
4,1270.0,832.26,90.92,-164.74,255.66,-102.59,-  0.05,30/09/2023,COGN3
5,1390.0,883.72,147.39,-169.47,316.86,-47.3,-  0.03,30/06/2023,COGN3
6,1330.0,842.12,259.73,-164.75,424.48,54.39,0.03,31/03/2023,COGN3
7,1700.0,1130.0,48.25,-170.77,219.02,-203.55,-  0.11,31/12/2022,COGN3
8,1060.0,629.78,8.4,-161.76,170.15,-211.31,-  0.11,30/09/2022,COGN3
9,1160.0,726.76,86.88,-170.57,257.45,-100.96,-  0.05,30/06/2022,COGN3
10,1180.0,745.11,159.78,-166.6,326.37,-13.11,-  0.01,31/03/2022,COGN3
11,1500.0,876.38,101.12,-183.08,284.19,65.02,0.03,31/12/2021,COGN3
12,1020.0,538.32,-93.52,-201.22,107.7,-370.22,-  0.20,30/09/2021,COGN3
13,1150.0,755.5,22.56,-176.67,199.23,-92.94,-  0.05,30/06/2021,COGN3
14,1110.0,704.15,48.24,-190.59,238.83,-90.98,-  0.05,31/03/2021,COGN3
15,1010.0,762.81,-2029.9999999999998,-206.12,-1830.0,-4019.9999999999995,-  2.14,31/12/2020,COGN3
16,1260.0,701.04,-926.38,-202.95,-723.42,-1290.0,-  0.69,30/09/2020,COGN3
17,1370.0,884.14,-437.84,-203.32,-234.53,-454.74,-  0.24,30/06/2020,COGN3
18,1630.0,974.23,161.86,-203.19,365.05,-39.12,-  0.02,31/03/2020,COGN3
19,1930.0,1120.0,263.21,-231.67,494.88,-168.32,-  0.10,31/12/2019,COGN3
20,1520.0,839.17,109.61,-336.06,445.67,20.39,0.01,30/09/2019,COGN3
21,1740.0,1100.0,250.5,-367.08,617.57,144.93,0.09,30/06/2019,COGN3
22,1840.0,1160.0,393.63,-262.93,656.56,238.24,0.14,31/03/2019,COGN3
23,1920.0,1290.0,129.52,-158.59,288.12,113.17,0.07,31/12/2018,COGN3
24,1250.0,694.34,270.76,-112.87,383.63,347.82,0.21,30/09/2018,COGN3
25,1530.0,933.9,418.99,-103.09,522.08,467.35,0.28,30/06/2018,COGN3
26,1360.0,872.77,425.62,-102.22,527.84,475.42,0.29,31/03/2018,COGN3
27,1350.0,780.74,337.98,-105.65,443.63,390.66,0.24,31/12/2017,COGN3
28,1320.0,810.17,397.93,-104.92,502.84,450.83,0.28,30/09/2017,COGN3
29,1520.0,952.59,510.12,-103.41,613.53,547.15,0.34,30/06/2017,COGN3
30,1370.0,908.37,448.48,-102.74,551.22,493.67,0.30,31/03/2017,COGN3
31,1880.0,1290.0,850.77,-100.08,950.85,870.81,0.54,31/12/2016,COGN3
32,706.58,192.46,-164.71,-104.5,-60.21,-124.91,-  0.08,30/09/2016,COGN3
33,1390.0,821.67,526.56,-99.37,625.93,519.37,0.32,30/06/2016,COGN3
34,1270.0,787.17,593.78,-97.65,691.43,599.36,0.37,31/03/2016,COGN3
35,1330.0,757.41,343.49,-92.17,435.67,295.45,0.18,31/12/2015,COGN3
36,1230.0,699.21,341.43,-87.64,429.06,312.8,0.19,30/09/2015,COGN3
37,1410.0,815.21,425.83,-99.1,524.93,416.15,0.26,30/06/2015,COGN3
38,1290.0,752.36,384.62,-100.96,485.58,371.74,0.23,31/03/2015,COGN3
39,1230.0,644.31,239.95,-94.47,334.42,243.98,0.15,31/12/2014,COGN3
40,1150.0,597.85,235.91,-92.08,327.99,213.0,0.13,30/09/2014,COGN3
41,724.96,455.22,279.93,-32.56,312.49,268.86,1.00,30/06/2014,COGN3
42,674.05,433.97,285.03,-30.66,315.68,274.76,1.02,31/03/2014,COGN3
43,518.58,273.79,126.12,-29.34,155.46,116.8,0.43,31/12/2013,COGN3
44,516.13,277.11,140.25,-28.47,168.72,127.94,0.48,30/09/2013,COGN3
45,481.53,246.31,111.89,-25.65,137.54,99.51,0.37,30/06/2013,COGN3
46,499.71,296.34,180.5,-24.75,205.25,172.31,0.64,31/03/2013,COGN3
47,364.95,151.4,36.94,-23.11,60.05,23.92,0.18,31/12/2012,COGN3
48,385.48,175.07,71.39,-25.18,96.57,60.91,0.06,30/09/2012,COGN3
49,314.54,134.73,42.01,-19.42,61.43,32.44,0.04,30/06/2012,COGN3
50,340.6,186.24,92.72,-18.22,110.95,84.78,0.10,31/03/2012,COGN3
51,197.2,58.43,-5.56,-13.24,7.68,-7.28,-  0.01,31/12/2011,COGN3
52,180.03,60.48,12.74,-10.63,23.37,20.65,0.03,30/09/2011,COGN3
53,162.32,41.34,-6.73,-10.43,3.69,-8.26,-  0.02,30/06/2011,COGN3
54,195.01,80.85,37.33,-10.11,47.43,32.26,0.07,31/03/2011,COGN3
55,149.08,30.85,-13.09,,,-12.1,-  0.03,31/12/2010,COGN3
56,153.57,37.75,-10.82,,,-10.3,-  0.02,30/09/2010,COGN3
57,154.34,33.64,-27.07,,,-25.56,-  0.06,30/06/2010,COGN3
58,142.69,63.03,19.63,,,18.33,0.04,31/03/2010,COGN3
59,73.59,11.68,-54.99,,,-48.19,-  0.11,31/12/2009,COGN3
60,81.32,25.66,5.08,,,8.96,0.02,30/09/2009,COGN3
61,90.57,31.71,9.08,,,6.22,0.03,30/06/2009,COGN3
62,107.46,53.04,31.92,,,24.91,0.11,31/03/2009,COGN3
63,67.56,15.67,-4.67,,,-1.09,-  0.00,31/12/2008,COGN3
64,70.8,22.25,5.52,,,7.08,0.03,30/09/2008,COGN3
65,70.22,21.77,2.89,,,1.39,0.01,30/06/2008,COGN3
66,70.99,39.95,22.92,,,23.18,0.11,31/03/2008,COGN3
67,34.51,8.96,-6.67,,,,0.00,31/12/2007,COGN3
68,35.45,13.57,-22.27,,,-19.73,-  0.09,30/09/2007,COGN3
69,17.58,10.61,2.79,,,2.7,0.04,30/06/2007,COGN3
70,,,,,,,-  0.90,31/03/2007,COGN3
71,,,,,,,-  0.29,31/12/2006,COGN3
72,,,,,,,-  0.78,30/09/2006,COGN3
73,,,,,,,-  0.52,30/06/2006,COGN3
74,,,,,,,-  0.58,31/03/2006,COGN3
75,,,,,,,-  0.36,31/12/2005,COGN3
76,,,,,,,-  0.27,30/09/2005,COGN3
77,,,,,,,-  0.55,30/06/2005,COGN3
78,,,,,,,-  0.90,31/03/2005,COGN3
79,,,,,,,-  0.41,31/12/2004,COGN3
80,,,,,,,-  0.74,30/09/2004,COGN3
81,,,,,,,-  0.76,30/06/2004,COGN3
82,,,,,,,-  0.39,31/03/2004,COGN3
83,,,,,,,-  0.24,31/12/2003,COGN3
84,,,,,,,-  0.33,30/09/2003,COGN3
85,,,,,,,-  0.42,30/06/2003,COGN3
86,,,,,,,-  0.68,31/03/2003,COGN3
87,,,,,,,-  1.28,31/12/2002,COGN3
88,,,,,,,0.00,30/09/2002,COGN3
89,,,,,,,0.00,30/06/2002,COGN3
90,,,,,,,0.00,31/03/2002,COGN3
91,,,,,,,0.00,31/12/2001,COGN3
92,,,,,,,0.00,30/09/2001,COGN3
93,,,,,,,0.00,30/06/2001,COGN3
94,,,,,,,0.00,31/03/2001,COGN3
95,,,,,,,-  3.58,31/12/2000,COGN3
96,,,,,,,3.58,30/09/2000,COGN3
97,,,,,,,3.58,30/06/2000,COGN3
98,,,,,,,0.00,31/03/2000,COGN3
