,datas,preço_lucro,preço_vpa,preço_receita_líquida,preço_fco,preço_fcf,preço_ativo_total,preço_ebit,preço_capital_giro,preço_ncav,ev_ebit,ev_ebitda,ev_receita_líquida,ev_fco,ev_fcf,ev_ativo_total,market_cap_empresa,enterprise_value,dividend_yield,tic
0,01/01/2025,"13,27","1,89","2,24","7,08","8,89","1,26","9,39","26,43","-4,39","8,55","6,50","2,05","6,45","8,10","1,14",184990.0,168590.0,0.056900000000000006,ABEV3
1,30/09/2024,"14,28","2,03","2,42","7,62","9,57","1,35","10,11","28,45","-4,73","9,27","7,04","2,22","6,99","8,78","1,24",199180.0,182770.0,0.057800000000000004,ABEV3
2,30/06/2024,"12,85","1,94","2,29","7,13","9,01","1,29","9,61","50,02","-4,16","9,05","6,86","2,16","6,72","8,49","1,22",184990.0,174300.0,0.0622,ABEV3
3,31/03/2024,"13,22","2,21","2,41","7,37","9,44","1,43","10,28","-809,80","-4,04","9,80","7,38","2,30","7,03","9,00","1,37",191770.0,182740.0,0.06,ABEV3
4,31/12/2023,"13,67","2,51","2,49","8,02","10,51","1,49","10,63","-44,62","-3,41","9,96","7,53","2,33","7,51","9,84","1,40",198180.0,185630.0,0.057999999999999996,ABEV3
5,30/09/2023,"13,43","2,24","2,46","8,97","11,97","1,47","10,88","54,65","-4,61","10,14","7,64","2,29","8,37","11,16","1,37",202590.0,188900.0,0.0593,ABEV3
6,30/06/2023,"16,14","2,71","2,79","11,10","15,84","1,73","12,96","1.139,10","-4,80","12,50","9,37","2,69","10,71","15,28","1,67",230480.0,222350.0,0.0521,ABEV3
7,31/03/2023,"15,63","2,71","2,82","11,79","17,91","1,70","12,55","-908,50","-4,54","12,09","9,24","2,71","11,36","17,25","1,64",230480.0,222050.0,0.0521,ABEV3
8,31/12/2022,"14,30","2,52","2,59","10,02","14,52","1,50","11,71","-75,92","-3,52","11,08","8,46","2,45","9,48","13,74","1,42",206800.0,195640.0,0.0581,ABEV3
9,30/09/2022,"18,71","2,72","3,10","11,86","18,21","1,73","14,13","37,26","-5,41","13,28","10,15","2,91","11,15","17,11","1,62",245070.0,230340.0,0.0388,ABEV3
10,30/06/2022,"17,56","2,76","3,09","11,35","17,12","1,74","13,76","54,79","-5,17","13,13","10,07","2,95","10,83","16,33","1,66",237830.0,226900.0,0.04,ABEV3
11,31/03/2022,"16,07","2,74","2,90","10,51","15,85","1,70","12,61","166,26","-4,58","12,03","9,24","2,76","10,02","15,12","1,62",216250.0,206350.0,0.044000000000000004,ABEV3
12,31/12/2021,"18,44","2,83","3,21","10,20","15,05","1,69","13,77","-976,52","-4,16","12,98","9,97","3,02","9,61","14,18","1,59",233650.0,220120.0,0.0407,ABEV3
13,30/09/2021,"16,59","3,03","3,79","13,50","19,38","1,95","13,62","37,08","-6,37","12,85","10,18","3,57","12,74","18,28","1,83",262880.0,247950.0,0.0294,ABEV3
14,30/06/2021,"18,50","3,42","4,05","13,38","18,26","2,17","14,29","68,89","-6,48","13,74","10,87","3,90","12,87","17,56","2,08",269650.0,259370.0,0.0286,ABEV3
15,31/03/2021,"19,72","3,10","4,08","12,64","16,33","1,91","15,09","49,17","-5,51","14,36","11,06","3,88","12,03","15,55","1,82",254660.0,242400.0,0.030299999999999997,ABEV3
16,31/12/2020,"19,59","3,02","3,82","11,82","15,62","1,78","14,00","119,58","-4,50","13,23","10,08","3,61","11,17","14,76","1,68",222970.0,210670.0,0.0346,ABEV3
17,30/09/2020,"23,33","2,60","3,64","10,09","13,56","1,60","14,67","22,99","-5,04","13,60","10,04","3,38","9,36","12,57","1,48",202830.0,188020.0,0.0381,ABEV3
18,30/06/2020,"25,68","3,10","4,40","13,82","20,84","1,89","17,11","32,57","-5,66","16,31","11,97","4,20","13,17","19,87","1,80",228950.0,218290.0,0.0337,ABEV3
19,31/03/2020,"17,79","2,58","3,45","10,18","14,91","1,60","12,08","30,94","-4,85","11,44","8,74","3,27","9,63","14,11","1,51",181580.0,171850.0,0.0425,ABEV3
20,31/12/2019,"19,37","3,72","4,34","12,41","16,90","2,24","14,21","87,41","-6,03","13,66","10,66","4,17","11,93","16,24","2,16",228140.0,219300.0,0.0338,ABEV3
21,30/09/2019,"25,01","4,21","5,25","16,19","21,61","2,70","16,45","38,67","-9,37","15,80","12,74","5,04","15,55","20,76","2,60",276910.0,265980.0,0.0182,ABEV3
22,30/06/2019,"26,89","4,97","5,91","16,18","20,00","3,10","17,92","65,01","-9,46","17,38","14,10","5,73","15,68","19,40","3,01",306530.0,297190.0,0.016399999999999998,ABEV3
23,31/03/2019,"24,83","4,70","5,42","14,57","17,88","2,86","16,10","94,37","-7,96","15,65","12,75","5,27","14,16","17,38","2,78",277580.0,269840.0,0.027200000000000002,ABEV3
24,31/12/2018,"24,57","4,81","5,39","15,12","18,76","2,88","15,94","540,45","-7,27","15,41","12,57","5,21","14,62","18,13","2,78",270890.0,261850.00000000003,0.0279,ABEV3
25,30/09/2018,"21,87","4,00","4,79","13,08","15,99","2,46","13,83","368,48","-6,53","13,41","11,00","4,64","12,68","15,50","2,39",235830.0,228590.0,0.036000000000000004,ABEV3
26,30/06/2018,"39,32","5,98","6,31","18,04","21,91","3,44","18,08","-330,66","-7,90","17,75","14,71","6,20","17,71","21,51","3,38",312710.0,306950.0,0.0271,ABEV3
27,31/03/2018,"45,04","7,06","7,13","20,65","25,22","4,18","20,65","-267,08","-9,89","20,44","16,87","7,06","20,44","24,97","4,14",344470.0,340990.0,0.0246,ABEV3
28,31/12/2017,"47,89","7,63","7,33","19,64","23,77","4,04","21,38","-88,44","-7,84","20,90","17,24","7,17","19,21","23,24","3,95",351130.0,343330.0,0.0242,ABEV3
29,30/09/2017,"37,22","7,01","7,18","19,56","24,33","3,98","20,13","-264,32","-8,91","19,83","16,42","7,07","19,26","23,97","3,92",330700.0,325690.0,0.028999999999999998,ABEV3
30,30/06/2017,"25,14","6,29","6,65","17,79","22,39","3,57","18,84","-101,03","-7,64","18,60","15,37","6,56","17,56","22,11","3,52",300360.0,296520.0,0.0319,ABEV3
31,31/03/2017,"24,97","6,39","6,61","18,08","23,57","3,70","18,46","-114,73","-8,20","18,33","15,19","6,56","17,95","23,41","3,68",299110.0,297010.0,0.0305,ABEV3
32,31/12/2016,"21,56","6,03","5,93","21,91","32,41","3,23","15,82","-55,35","-6,16","15,67","13,08","5,88","21,71","32,12","3,20",270500.0,268020.0,0.0337,ABEV3
33,30/09/2016,"24,96","6,33","6,29","19,49","28,05","3,79","16,80","-159,14","-8,94","16,63","13,99","6,23","19,29","27,76","3,76",300210.0,297130.0,0.0215,ABEV3
34,30/06/2016,"24,79","6,67","6,16","18,08","26,24","3,85","15,58","-88,65","-8,28","15,47","13,19","6,11","17,95","26,05","3,83",295490.0,293390.0,0.0298,ABEV3
35,31/03/2016,"24,88","6,54","6,48","16,99","23,71","3,84","16,40","-108,88","-8,56","16,29","13,96","6,44","16,88","23,55","3,81",308070.0,306020.0,0.027000000000000003,ABEV3
36,31/12/2015,"22,41","5,76","5,96","11,80","15,11","3,09","14,82","-152,32","-6,37","14,29","12,34","5,74","11,38","14,57","2,98",278360.0,268340.0,0.035,ABEV3
37,30/09/2015,"23,43","6,22","6,87","14,04","17,64","3,41","16,86","-71,10","-6,82","16,48","14,26","6,72","13,73","17,25","3,33",300050.0,293350.0,0.0296,ABEV3
38,30/06/2015,"23,46","6,73","7,16","15,80","20,47","3,99","17,41","-125,51","-9,11","17,16","14,87","7,05","15,58","20,18","3,94",297220.0,292990.0,0.0336,ABEV3
39,31/03/2015,"25,11","6,99","7,78","17,64","23,22","4,12","18,52","-122,54","-9,30","18,26","15,95","7,67","17,40","22,90","4,07",309640.0,305350.0,0.0353,ABEV3
40,31/12/2014,"23,83","6,81","7,55","18,09","24,89","3,99","18,15","-262,27","-9,27","17,70","15,46","7,36","17,64","24,27","3,89",287540.0,280440.0,0.04019999999999999,ABEV3
41,30/09/2014,"21,14","6,07","7,02","16,73","23,71","3,95","16,45","300,79","-11,77","16,24","14,24","6,93","16,52","23,41","3,90",257470.00000000003,254240.0,0.0466,ABEV3
42,30/06/2014,"21,06","6,02","6,71","14,55","19,62","3,90","15,49","186,52","-11,77","15,27","13,49","6,61","14,34","19,33","3,84",245560.0,241950.0,0.0347,ABEV3
43,31/03/2014,"24,00","6,56","7,09","16,07","21,46","4,03","16,18","1.403,72","-10,56","15,89","14,08","6,97","15,79","21,08","3,96",255360.0,250820.0,0.0236,ABEV3
44,31/12/2013,"27,53","6,13","7,55","17,22","22,71","3,82","17,07","79,80","-11,64","16,53","14,61","7,30","16,67","21,99","3,70",262510.0,254120.0,0.0151,ABEV3
45,30/09/2013,NA,"4,37",NA,"62,76","72,89","2,83",NA,"87,23","-8,85",NA,"160,74",NA,"62,07","72,10","2,80",168670.0,166830.0,0.0,ABEV3
46,30/06/2013,NA,"6,33",NA,"-207,24","-152,66","2,87",NA,"84,46","-5,60",NA,"294,35",NA,"-205,43","-151,33","2,85",168670.0,167200.0,0.0,ABEV3
47,31/03/2013,"81,09","4,52","559,69","59,29",NA,"3,23","116,48","141,23","-12,34","114,49","114,49","550,10","58,27",NA,"3,18",4330.0,4260.0,0.0,ABEV3
48,31/12/2012,"93,26","4,43","0,00","124,75",NA,"3,22","137,42","104,72","-13,22","135,90","135,90","0,00","123,37",NA,"3,18",4330.0,4290.0,0.0,ABEV3
0,01/01/2025,"-0,93","-0,17","0,24","1,21","1,56","0,19","1,61","-0,33","-0,07","12,10","6,46","1,79","9,11","11,80","1,44",4480.0,33760.0,0.0,AZUL4
1,30/09/2024,"-1,41","-0,26","0,36","1,82","2,36","0,29","2,42","-0,50","-0,11","12,92","6,89","1,91","9,72","12,59","1,54",6740.0,36030.0,0.0,AZUL4
2,30/06/2024,"-1,36","-0,34","0,47","3,03","4,20","0,39","3,64","-0,71","-0,14","15,58","7,79","2,03","13,00","18,01","1,66",8850.0,37920.0,0.0,AZUL4
3,31/03/2024,"-5,25","-0,63","0,75","6,06","8,49","0,68","6,16","-1,48","-0,27","17,60","8,51","2,15","17,31","24,26","1,93",14140.0,40380.0,0.0,AZUL4
4,31/12/2023,NA,NA,NA,NA,NA,NA,NA,NA,NA,NA,NA,NA,NA,NA,NA,,,,AZUL4
5,30/09/2023,"-17,45","-1,00","1,18","8,98","13,65","1,09","9,54","-2,62","-0,43","20,82","10,05","2,57","19,58","29,78","2,37",21310.0,46490.0,0.0,AZUL4
6,30/06/2023,"-14,21","-1,17","1,31","7,56","10,33","1,35","12,05","-1,89","-0,47","23,35","10,63","2,54","14,64","20,02","2,61",23040.0,44650.0,0.0,AZUL4
7,31/03/2023,"-3,91","-0,82","0,94","4,34","5,16","0,93","9,23","-1,35","-0,33","22,21","9,98","2,25","10,44","12,41","2,23",16140.0,38810.0,0.0,AZUL4
8,31/12/2022,"-17,49","-0,66","0,79","5,18","7,42","0,67","8,84","-1,24","-0,26","24,61","9,98","2,21","14,44","20,65","1,88",12630.0,35180.0,0.0,AZUL4
9,30/09/2022,"-7,11","-0,78","1,04","12,53","35,93","0,86","16,33","-1,62","-0,33","39,87","12,89","2,53","30,60","87,72","2,11",15790.0,38570.0,0.0,AZUL4
10,30/06/2022,"-7,85","-1,04","1,39","16,68","57,01","1,02","27,35","-2,40","-0,42","58,03","15,74","2,95","35,38","120,93","2,16",18850.0,40000.0,0.0,AZUL4
11,31/03/2022,"19,03","-1,51","2,08","-124,32","-28,72","1,33","156,46","-3,49","-0,59","288,08","23,20","3,83","-228,89","-52,88","2,44",23610.0,43470.0,0.0,AZUL4
12,31/12/2021,"-7,81","-1,79","3,30","-105,93","-35,20","1,78","600,50","-5,61","-0,77","999,00","34,23","5,49","-176,23","-58,55","2,95",32900.0,54740.0,0.0,AZUL4
13,30/09/2021,"-8,86","-2,04","4,59","-84,98","-43,51","2,06","-42,58","-7,86","-0,91","-50,44","74,32","5,44","-100,65","-51,54","2,44",36670.0,43430.0,0.0,AZUL4
14,30/06/2021,"-14,82","-2,98","7,74","-306,48","-100,34","2,70","-39,73","-13,01","-1,28","-44,43","154,40","8,65","-342,76","-112,22","3,02",46950.0,52510.0,0.0,AZUL4
15,31/03/2021,"-6,33","-2,80","9,92","82,30","146,17","3,11","-26,22","-8,31","-1,25","-29,27","-390,56","11,07","91,87","163,18","3,48",47290.0,52800.0,0.0,AZUL4
16,31/12/2020,"-4,48","-3,43","8,45","49,72","71,50","3,07","-34,69","-10,12","-1,40","-37,76","129,97","9,20","54,12","77,82","3,34",48530.0,52830.0,0.0,AZUL4
17,30/09/2020,"-3,15","-2,92","5,57","24,86","43,77","2,91","-11,51","-5,59","-1,16","-16,31","140,56","7,90","35,22","62,01","4,12",40470.0,57340.0,0.0,AZUL4
18,30/06/2020,"-2,28","-2,19","2,92","13,14","23,94","1,83","-10,11","-4,41","-0,81","-16,55","40,16","4,78","21,52","39,20","2,99",27700.0,45370.0,0.0,AZUL4
19,31/03/2020,"-1,68","-1,51","1,25","6,21","11,99","0,78","-10,61","-2,36","-0,42","-25,24","14,52","2,97","14,78","28,53","1,85",14600.0,34730.0,0.0,AZUL4
20,31/12/2019,"-10,63","-7,26","2,23","9,85","20,84","1,33","-21,37","-9,38","-1,00","-22,94","11,08","2,40","10,57","22,36","1,43",25550.0,27420.0,0.0,AZUL4
21,30/09/2019,"49,19","-102,44","6,15","61,68","288,95","3,55","67,99","-32,92","-3,11","69,92","44,98","6,32","63,43","297,14","3,65",66050.0,67920.0,0.0,AZUL4
22,30/06/2019,"39,24","-776,07","6,78","73,90","288,17","3,87","80,39","-37,17","-3,49","82,54","52,50","6,96","75,88","295,89","3,97",68630.0,70470.0,0.0,AZUL4
23,31/03/2019,"123,77","-101,15","5,02","84,85","-3.716,97","2,85","97,88","-29,69","-2,54","102,25","55,10","5,25","88,64","-3.882,82","2,98",47730.0,49860.0,0.0,AZUL4
24,31/12/2018,"123,33","16,38","5,66","116,98","1.004,92","4,39","98,64","-96,88","-5,66","103,47","63,94","5,94","122,71","1.054,11","4,61",51830.0,54370.0,0.0,AZUL4
25,30/09/2018,"65,24","12,96","4,31","209,98","-333,55","3,34","69,72","-157,53","-4,37","74,94","48,06","4,63","225,69","-358,51","3,59",38220.0,41080.0,0.0,AZUL4
26,30/06/2018,"44,78","10,52","3,58","74,23","6.790,74","2,75","48,36","-153,02","-3,63","53,15","35,56","3,93","81,58","7.463,31","3,02",30140.0,33130.0,0.0,AZUL4
27,31/03/2018,"58,59","13,28","4,93","270,59","-97,17","3,85","42,85","-188,17","-5,28","45,68","34,47","5,26","288,46","-103,59","4,11",40090.0,42740.0,0.0,AZUL4
28,31/12/2017,"82,74","15,45","5,62","148,13","-375,14","4,24","50,60","-1.458,27","-5,83","53,75","39,92","5,97","157,36","-398,51","4,51",43770.0,46500.0,0.0,AZUL4
29,30/09/2017,"122,79","13,49","4,58","61,60","256,39","3,77","46,58","-29,70","-4,45","49,90","34,62","4,91","65,98","274,65","4,04",33970.0,36390.0,0.0,AZUL4
30,30/06/2017,"417,57","14,98","4,79","1.392,35","-128,48","3,73","53,05","-34,77","-4,35","57,91","39,02","5,23","1.519,93","-140,25","4,07",34280.0,37420.0,0.0,AZUL4
31,31/03/2017,"-7.423,84","28,70","4,42","206,69","180,47","3,77","56,02","-16,09","-3,42","62,07","39,55","4,90","229,00","199,95","4,17",30390.0,33670.0,0.0,AZUL4
32,31/12/2016,"-209,88","26,46","3,97","873,46","220,55","3,16","77,00","-15,53","-2,91","87,13","46,47","4,50","988,29","249,54","3,57",26510.0,30000.0,0.0,AZUL4
0,01/01/2025,"12,98","2,93","5,39","9,56","9,71","1,22","9,78","7,35","-2,90","11,69","10,34","6,44","11,43","11,61","1,45",56000.0,66980.0,0.0354,B3SA3
1,30/09/2024,"12,87","2,90","5,34","9,48","9,63","1,21","9,69","7,28","-2,88","11,61","10,27","6,39","11,35","11,53","1,44",55510.0,66490.0,0.0393,B3SA3
2,30/06/2024,"15,05","3,29","6,19","10,60","10,73","1,36","11,51","9,09","-3,09","13,41","11,46","7,21","12,35","12,50","1,58",62950.0,73340.0,0.0363,B3SA3
3,31/03/2024,"15,86","3,18","6,38","16,09","16,35","1,31","12,37","7,11","-3,25","14,80","12,16","7,63","19,25","19,56","1,57",63300.0,75720.0,0.0393,B3SA3
4,31/12/2023,"17,29","3,52","7,20","19,02","19,40","1,45","13,61","10,68","-3,18","15,93","13,19","8,43","22,27","22,72","1,69",71430.0,83650.0,0.0331,B3SA3
5,30/09/2023,"17,04","3,55","7,19","10,91","11,06","1,50","13,29","13,18","-3,24","14,85","12,40","8,04","12,18","12,36","1,68",71920.0,80330.0,0.0329,B3SA3
6,30/06/2023,"19,89","4,04","8,29","10,70","10,88","1,76","15,16","13,40","-4,06","16,85","14,15","9,21","11,89","12,09","1,96",83040.0,92290.0,0.0269,B3SA3
7,31/03/2023,"18,49","3,79","7,77","8,14","8,25","1,70","14,16","9,55","-4,56","15,93","13,40","8,75","9,15","9,28","1,91",77950.0,87680.0,0.031200000000000002,B3SA3
8,31/12/2022,"16,73","3,49","6,99","7,15","7,24","1,49","12,67","9,04","-3,62","14,38","12,09","7,93","8,11","8,21","1,68",70690.0,80180.0,0.0417,B3SA3
9,30/09/2022,"18,82","3,98","8,14","6,66","6,74","1,66","14,47","11,41","-3,82","15,90","13,38","8,94","7,32","7,40","1,83",81180.0,89210.0,0.0447,B3SA3
10,30/06/2022,"16,61","3,59","7,41","9,61","9,81","1,56","12,90","12,20","-3,59","14,70","12,39","8,44","10,95","11,17","1,78",74100.0,84430.0,0.0581,B3SA3
11,31/03/2022,"15,91","3,33","7,13","22,96","24,30","1,43","12,07","9,16","-3,46","13,86","11,77","8,19","26,37","27,90","1,64",72580.0,83340.0,0.0664,B3SA3
12,31/12/2021,"18,05","3,80","8,28","26,50","28,13","1,62","13,47","10,47","-3,87","15,31","13,12","9,41","30,12","31,98","1,84",85150.0,96790.0,0.07,B3SA3
13,30/09/2021,"17,06","3,57","7,75","67,83","80,94","1,47","12,39","8,10","-3,62","13,95","11,98","8,73","76,40","91,16","1,66",80560.0,90730.0,0.073,B3SA3
14,30/06/2021,"19,68","4,06","8,93","36,53","39,85","1,86","14,13","12,52","-4,73","15,35","13,20","9,70","39,70","43,30","2,02",92200.0,100190.0,0.06849999999999999,B3SA3
15,31/03/2021,"23,67","4,26","10,56","30,37","32,45","2,25","17,20","14,06","-7,17","18,12","15,45","11,13","32,00","34,19","2,37",103730.0,109290.0,0.051100000000000007,B3SA3
16,31/12/2020,"27,52","4,66","12,25","41,50","45,15","2,47","20,40","15,39","-7,94","21,40","18,04","12,85","43,54","47,37","2,59",114260.0,119880.0,0.0384,B3SA3
17,30/09/2020,"29,23","4,43","12,96","35,64","38,08","2,44","22,24","14,65","-8,62","23,37","19,37","13,61","37,44","40,00","2,56",110740.0,116330.0,0.0358,B3SA3
18,30/06/2020,"37,05","4,89","16,45","27,09","28,11","2,83","29,33","29,21","-8,69","30,69","24,75","17,21","28,34","29,41","2,96",124890.0,130669.99999999999,0.0239,B3SA3
19,31/03/2020,"24,85","3,13","10,96","21,07","21,97","1,89","20,36","41,13","-5,42","21,50","16,92","11,58","22,24","23,20","2,00",77880.0,82230.0,0.042199999999999994,B3SA3
20,31/12/2019,"35,74","3,82","14,75","30,13","31,49","2,42","30,01","40,19","-7,93","31,21","23,67","15,34","31,33","32,75","2,52",97010.0,100880.0,0.0246,B3SA3
21,30/09/2019,"39,68","4,01","17,67","36,15","38,26","2,48","34,29","42,45","-7,71","36,08","26,88","18,60","38,05","40,27","2,61",101720.0,107060.0,0.020499999999999997,B3SA3
22,30/06/2019,"40,42","3,68","17,72","37,28","39,37","2,32","35,63","23,59","-8,58","37,63","27,27","18,71","39,37","41,57","2,45",93340.0,98560.0,0.0192,B3SA3
23,31/03/2019,"29,34","2,76","13,69","18,97","19,59","1,80","26,88","28,37","-6,36","28,29","20,57","14,41","19,96","20,61","1,90",69800.0,73460.0,0.0235,B3SA3
24,31/12/2018,"31,91","2,66","13,79","18,17","18,88","1,77","27,85","38,73","-6,10","29,59","21,16","14,65","19,31","20,07","1,88",66610.0,70790.0,0.0217,B3SA3
25,30/09/2018,"26,04","2,11","11,56","5,04","5,08","1,36","24,14","16,30","-4,99","26,70","18,63","12,78","5,58","5,61","1,51",52610.0,58190.0,0.032799999999999996,B3SA3
26,30/06/2018,"25,32","1,94","10,75","4,43","4,46","1,26","22,37","14,27","-4,86","24,98","17,41","12,00","4,95","4,98","1,41",47900.0,53490.0,0.0302,B3SA3
27,31/03/2018,"38,20","2,06","12,17","4,51","4,54","1,37","29,51","16,07","-5,53","32,62","21,22","13,45","4,98","5,02","1,52",50820.0,56160.0,0.0223,B3SA3
28,31/12/2017,"40,76","2,17","14,38","4,72","4,76","1,41","35,60","52,24","-4,31","38,92","26,26","15,72","5,16","5,21","1,54",52840.0,57760.0,0.0176,B3SA3
29,30/09/2017,"30,94","2,16","16,19","-68,25","-60,56","1,42","39,01","26,13","-4,97","42,96","31,27","17,83","-75,16","-66,69","1,57",52840.0,58180.0,0.0176,B3SA3
30,30/06/2017,"31,73","2,19","19,13","-38,29","-35,80","1,42","52,87","60,29","-4,33","58,93","45,04","21,33","-42,68","-39,91","1,58",52840.0,58900.0,0.0176,B3SA3
31,31/03/2017,"38,08","2,19","22,34","-7,97","-7,87","1,15","52,55","58,70","-2,52","58,65","53,30","24,93","-8,89","-8,78","1,28",52840.0,58970.0,0.0176,B3SA3
32,31/12/2016,"32,20","2,44","20,07","-6,57","-6,53","1,49","42,55","5,85","-11,26","47,25","43,35","22,28","-7,30","-7,25","1,66",46570.0,51720.0,0.0176,B3SA3
33,30/09/2016,"420,92","2,50","20,79","-14,89","-14,73","1,72","-84,27","8,36","-15,65","-86,93","-105,84","21,45","-15,37","-15,20","1,77",46570.0,48050.0,0.0176,B3SA3
34,30/06/2016,"25,45","2,52","20,43","-11,49","-11,39","1,74","20,95","8,61","-16,18","21,65","20,72","21,11","-11,87","-11,77","1,80",46570.0,48130.0,0.0176,B3SA3
35,31/03/2016,"20,59","2,49","20,61","62,66","69,19","1,74","20,13","7,81","-22,68","20,89","19,99","21,39","65,04","71,82","1,81",46570.0,48340.0,0.0176,B3SA3
36,31/12/2015,"21,15","2,54","21,01","48,05","51,94","1,77","20,26","7,08","-33,51","21,14","20,17","21,92","50,12","54,19","1,85",46570.0,48590.0,0.0176,B3SA3
37,30/09/2015,"16,38","2,37","21,10","75,16","86,14","1,50","11,70","6,88","-10,09","11,55","11,22","20,85","74,25","85,10","1,48",46570.0,46010.0,0.0176,B3SA3
38,30/06/2015,"43,60","2,40","21,63","31,12","32,76","1,78","31,14","52,98","-7,89","32,26","29,86","22,40","32,23","33,93","1,84",46570.0,48240.0,0.0176,B3SA3
39,31/03/2015,"46,55","2,38","22,58","30,49","31,47","1,76","32,56","51,59","-7,68","33,72","31,10","23,39","31,57","32,59","1,82",46570.0,48230.0,0.0176,B3SA3
40,31/12/2014,"49,90","2,57","24,01","26,29","27,07","1,91","33,89","54,57","-8,61","34,70","32,05","24,59","26,92","27,72","1,95",48750.0,49920.0,0.0176,B3SA3
41,30/09/2014,"52,61","2,57","24,67","27,25","28,64","1,93","36,16","42,88","-9,46","37,00","34,02","25,25","27,89","29,31","1,98",48750.0,49900.0,0.0176,B3SA3
42,30/06/2014,"50,27","2,62","24,81","25,44","27,21","2,00","36,62","43,32","-10,47","37,51","34,37","25,41","26,06","27,87","2,04",48750.0,49940.0,0.0176,B3SA3
43,31/03/2014,"45,54","2,59","23,21","19,80","20,97","1,88","33,07","38,01","-8,32","33,12","30,59","23,25","19,83","21,00","1,88",48750.0,48830.0,0.0176,B3SA3
44,31/12/2013,"46,98","2,63","23,83","26,49","28,38","1,96","33,74","31,58","-10,15","33,92","31,42","23,96","26,63","28,53","1,97",50810.0,51080.0,0.0176,B3SA3
45,30/09/2013,"45,50","2,63","23,57","24,84","26,48","2,01","33,43","30,72","-11,77","33,84","31,52","23,86","25,14","26,81","2,03",50810.0,51430.0,0.0176,B3SA3
46,30/06/2013,"45,71","2,62","23,72","25,69","26,90","2,06","33,45","28,17","-14,66","34,24","32,05","24,28","26,29","27,53","2,11",50810.0,52010.0,0.0176,B3SA3
47,31/03/2013,"47,89","2,58","24,39","44,56","47,74","2,08","34,75","20,77","-21,72","35,57","33,32","24,97","45,62","48,88","2,13",50810.0,52010.0,0.0176,B3SA3
48,31/12/2012,"47,29","2,62","24,61","38,27","40,25","2,10","35,02","27,09","-17,68","35,87","33,69","25,21","39,20","41,23","2,16",50810.0,52040.0,0.0176,B3SA3
49,30/09/2012,"48,48","2,59","22,60","47,78","49,17","2,11","34,17","24,39","-20,81","34,98","32,94","23,14","48,92","50,34","2,16",50810.0,52010.0,0.0176,B3SA3
50,30/06/2012,"47,77","2,62","22,88","37,29","38,29","2,09","34,92","36,26","-14,65","35,75","33,70","23,43","38,19","39,20","2,14",50810.0,52020.0,0.0176,B3SA3
51,31/03/2012,"48,04","2,67","23,62","31,52","32,28","2,17","37,34","53,32","-14,87","38,14","36,15","24,13","32,20","32,97","2,22",50810.0,51890.0,0.0176,B3SA3
52,31/12/2011,"48,48","2,64","24,01","30,16","30,92","2,15","38,86","107,83","-13,10","39,71","37,55","24,53","30,82","31,59","2,20",50810.0,51910.0,0.0176,B3SA3
53,30/09/2011,"46,90","2,72","24,84","25,11","26,63","2,27","40,75","88,42","-15,98","41,53","39,33","25,32","25,59","27,14","2,31",52450.0,53450.0,0.0176,B3SA3
54,30/06/2011,"46,86","2,76","24,88","27,35","29,20","2,32","40,99","78,03","-18,15","41,73","39,67","25,33","27,85","29,72","2,37",52450.0,53400.0,0.0176,B3SA3
55,31/03/2011,"46,38","2,71","24,79","27,09","29,34","2,18","40,70","49,35","-14,52","40,28","38,26","24,53","26,81","29,04","2,16",52450.0,51910.0,0.0176,B3SA3
56,31/12/2010,"45,82","2,70","24,95","30,67","33,92","2,32","40,52","46,36","-24,98","41,24","39,57","25,39","31,22","34,53","2,36",52450.0,53390.0,0.0176,B3SA3
57,30/09/2010,"47,61","2,67","28,44","42,62","45,93","2,30","41,55","30,69","-36,71","40,03",NA,"27,40","41,07","44,26","2,22",52450.0,50540.0,0.0176,B3SA3
58,30/06/2010,"49,70","2,71","30,13","51,76","57,33","2,46","44,82","21,58","102,79","41,73",NA,"28,06","48,20","53,38","2,29",52450.0,48840.0,0.0176,B3SA3
59,31/03/2010,"55,92","2,69","31,88","67,45","74,92","2,43","48,11","20,59","122,43","44,41",NA,"29,43","62,27","69,17","2,24",52450.0,48420.0,0.0176,B3SA3
60,31/12/2009,"59,53","2,66","34,91","67,34","73,33","2,47","56,23","32,44","418,06","53,40",NA,"33,15","63,96","69,64","2,35",52450.0,49810.0,0.0176,B3SA3
61,30/09/2009,"65,84","2,67","36,68","49,53","52,29","2,46","69,14","34,30","-431,25","65,60",NA,"34,80","47,00","49,61","2,34",52450.0,49760.0,0.0176,B3SA3
62,30/06/2009,"70,40","2,68","36,01","33,08","34,12","2,51","87,62","38,74","-2.138,78","83,74",NA,"34,41","31,62","32,61","2,39",52450.0,50130.0,0.0176,B3SA3
63,31/03/2009,"60,11","2,69","27,34","25,94","26,67","2,47","72,67","46,12","-86,97","69,09",NA,"25,99","24,66","25,36","2,35",52450.0,49860.0,0.0176,B3SA3
64,31/12/2008,"81,24","2,72","32,74","26,84","27,53","2,57","94,69","58,95","-210,94","91,47",NA,"31,63","25,93","26,59","2,48",52450.0,50670.0,0.0176,B3SA3
65,30/09/2008,NA,"2,69",NA,NA,NA,"2,53",NA,"40,42","688,87",NA,NA,NA,NA,NA,"2,44",52450.0,50540.0,0.0176,B3SA3
66,30/06/2008,NA,"2,67",NA,NA,NA,"2,46",NA,"33,22","-770,99",NA,NA,NA,NA,NA,"2,35",52370.0,50070.0,0.0176,B3SA3
0,01/01/2025,"4,82","0,77","0,48","1,70",,"0,06",,,,,,,,,,138510.0,,0.1081,BBAS3
1,30/09/2024,"5,17","0,82","0,51","1,82",,"0,06",,,,,,,,,,148720.0,,0.09699999999999999,BBAS3
2,30/06/2024,"4,78","0,84","0,52","1,26",,"0,06",,,,,,,,,,150720.0,,0.0925,BBAS3
3,31/03/2024,"2,61","0,47","0,28","1,01",,"0,04",,,,,,,,,,81320.0,,0.08199999999999999,BBAS3
4,31/12/2023,"5,62","0,99","0,58","11,38",,"0,08",,,,,,,,,,167740.0,,0.0782,BBAS3
5,30/09/2023,"4,88","0,89","0,50","-16,79",,"0,07",,,,,,,,,,148060.0,,0.0889,BBAS3
6,30/06/2023,"4,49","0,82","0,46","12,63",,"0,06",,,,,,,,,,133900.0,,0.0964,BBAS3
7,31/03/2023,"4,28","0,78","0,46","3,46",,"0,06",,,,,,,,,,127340.0,,0.0971,BBAS3
8,31/12/2022,"4,21","0,73","0,45","1,76",,"0,06",,,,,,,,,,116340.0,,0.1027,BBAS3
9,30/09/2022,"3,89","0,69","0,45","1,19",,"0,05",,,,,,,,,,106190.0,,0.0968,BBAS3
10,30/06/2022,"4,90","0,75","0,56","1,17",,"0,06",,,,,,,,,,114530.0,,0.0766,BBAS3
11,31/03/2022,"5,11","0,66","0,56","1,36",,"0,05",,,,,,,,,,98260.0,,0.0793,BBAS3
12,31/12/2021,"5,24","0,67","0,65","-2,15",,"0,05",,,,,,,,,,96110.0,,0.0676,BBAS3
13,30/09/2021,"4,86","0,62","0,68","1,17",,"0,04",,,,,,,,,,84470.0,,0.0682,BBAS3
14,30/06/2021,"5,66","0,66","0,81","1,67",,"0,05",,,,,,,,,,90000.0,,0.0644,BBAS3
15,31/03/2021,"6,21","0,66","0,67","0,88",,"0,04",,,,,,,,,,83700.0,,0.0492,BBAS3
16,31/12/2020,"8,21","0,78","0,80","0,47",,"0,06",,,,,,,,,,97250.0,,0.0435,BBAS3
17,30/09/2020,"5,86","0,78","0,58","2,51",,"0,05",,,,,,,,,,87940.0,,0.0556,BBAS3
18,30/06/2020,"6,10","0,94","0,61","2,01",,"0,06",,,,,,,,,,98430.0,,0.0536,BBAS3
19,31/03/2020,"4,38","0,74","0,46","4,74",,"0,05",,,,,,,,,,75250.0,,0.0924,BBAS3
20,31/12/2019,"8,88","1,35","1,18","2,49",,"0,10",,,,,,,,,,145620.0,,0.050300000000000004,BBAS3
21,30/09/2019,"8,54","1,45","0,92","3,01",,"0,09",,,,,,,,,,136590.0,,0.0536,BBAS3
22,30/06/2019,"9,36","1,53","0,96","3,37",,"0,09",,,,,,,,,,139830.0,,0.045700000000000005,BBAS3
23,31/03/2019,"10,57","1,55","0,94","4,49",,"0,09",,,,,,,,,,146220.0,,0.038,BBAS3
24,31/12/2018,"11,34","1,54","1,30","5,51",,"0,11",,,,,,,,,,156850.0,,0.0277,BBAS3
25,30/09/2018,"9,71","1,25","0,72","4,65",,"0,08",,,,,,,,,,116340.0,,0.0315,BBAS3
26,30/06/2018,"8,23","1,05","0,60","6,88",,"0,06",,,,,,,,,,96280.0,,0.0359,BBAS3
27,31/03/2018,"9,19","1,15","0,65","-22,05",,"0,07",,,,,,,,,,103100.0,,0.0327,BBAS3
28,31/12/2017,"11,43","1,25","0,87","-2,59",,"0,09",,,,,,,,,,121490.0,,0.0223,BBAS3
29,30/09/2017,"10,52","1,13","0,52","-1,38",,"0,06",,,,,,,,,,92440.0,,0.0256,BBAS3
30,30/06/2017,"10,81","1,11","0,46","-1,76",,"0,06",,,,,,,,,,88600.0,,0.0263,BBAS3
31,31/03/2017,"12,30","1,26","0,53","-2,43",,"0,07",,,,,,,,,,98540.0,,0.0239,BBAS3
32,31/12/2016,"13,41","1,09","0,56","21,49",,"0,07",,,,,,,,,,94240.0,,0.0278,BBAS3
33,30/09/2016,"7,73","0,98","0,41","2,88",,"0,05",,,,,,,,,,73150.0,,0.045899999999999996,BBAS3
34,30/06/2016,"6,16","0,87","0,33","2,97",,"0,04",,,,,,,,,,63180.0,,0.0596,BBAS3
35,31/03/2016,"5,31","0,78","0,30","2,29",,"0,04",,,,,,,,,,57020.0,,0.08960000000000001,BBAS3
36,31/12/2015,"2,67","0,46","0,21","1,34",,"0,03",,,,,,,,,,37590.0,,0.1502,BBAS3
37,30/09/2015,"3,37","0,68","0,25","1,89",,"0,03",,,,,,,,,,49310.0,,0.11699999999999999,BBAS3
38,30/06/2015,"3,88","0,77","0,32","-3,89",,"0,04",,,,,,,,,,55730.0,,0.1039,BBAS3
39,31/03/2015,"5,23","1,02","0,44","3,79",,"0,05",,,,,,,,,,74390.0,,0.06480000000000001,BBAS3
40,31/12/2014,"5,31","0,77","0,46","-2,35",,"0,05",,,,,,,,,,62900.0,,0.0756,BBAS3
41,30/09/2014,"6,65","0,96","0,54","4,53",,"0,06",,,,,,,,,,75850.0,,0.062,BBAS3
42,30/06/2014,"7,24","1,18","0,63","1,38",,"0,06",,,,,,,,,,82120.0,,0.0809,BBAS3
43,31/03/2014,"4,48","1,00","0,57","5,44",,"0,06",,,,,,,,,,71660.0,,0.0919,BBAS3
44,31/12/2013,"5,72","0,82","0,57","-5,57",,"0,05",,,,,,,,,,59660.0,,0.12050000000000001,BBAS3
45,30/09/2013,"4,57","1,19","0,70","24,78",,"0,06",,,,,,,,,,76220.0,,0.0904,BBAS3
46,30/06/2013,"3,98","1,07","0,63","-18,48",,"0,06",,,,,,,,,,66880.0,,0.0737,BBAS3
47,31/03/2013,"5,73","1,14","0,68","6,06",,"0,06",,,,,,,,,,70720.0,,0.0663,BBAS3
48,31/12/2012,"6,44","1,05","0,67","8,30",,"0,06",,,,,,,,,,72470.0,,0.057999999999999996,BBAS3
49,30/09/2012,"5,35","0,96","0,57","15,79",,"0,06",,,,,,,,,,61310.0,,0.0757,BBAS3
50,30/06/2012,"5,58","1,04","0,58","147,98",,"0,07",,,,,,,,,,64390.0,,0.0758,BBAS3
51,31/03/2012,"5,46","1,08","0,60","9,61",,"0,07",,,,,,,,,,64760.00000000001,,0.07780000000000001,BBAS3
52,31/12/2011,"6,21","1,26","0,74","2,84",,"0,08",,,,,,,,,,78710.0,,0.0687,BBAS3
53,30/09/2011,"5,49","1,28","0,72","3,40",,"0,08",,,,,,,,,,72200.0,,0.07339999999999999,BBAS3
54,30/06/2011,"5,38","1,28","0,74","8,50",,"0,08",,,,,,,,,,69340.0,,0.07429999999999999,BBAS3
55,31/03/2011,"6,79","1,60","0,95","-16,64",,"0,11",,,,,,,,,,83390.0,,0.0605,BBAS3
56,31/12/2010,"7,91","1,64","1,05","-3,85",,"0,11",,,,,,,,,,89340.0,,0.0593,BBAS3
57,30/09/2010,"8,18","2,01","1,03","-2,52",,"0,12",,,,,,,,,,96980.0,,0.0492,BBAS3
58,30/06/2010,"6,95","1,98","0,88","-3,33",,"0,10",,,,,,,,,,77870.0,,0.0508,BBAS3
59,31/03/2010,"6,53","1,88","0,85","-16,13",,"0,10",,,,,,,,,,70700.0,,0.0587,BBAS3
60,31/12/2009,"7,60","2,13","0,97","-2,41",,"0,11",,,,,,,,,,77100.0,,0.053,BBAS3
61,30/09/2009,"8,93","2,37","1,00","5,11",,"0,12",,,,,,,,,,79790.0,,0.049400000000000006,BBAS3
62,30/06/2009,"7,40","2,02","0,84","-3,98",,"0,11",,,,,,,,,,65310.0,,0.0591,BBAS3
63,31/03/2009,"6,39","1,68","0,71","-6,54",,"0,09",,,,,,,,,,51880.0,,0.07440000000000001,BBAS3
64,31/12/2008,"4,03","1,18","0,51","-1,31",,"0,07",,,,,,,,,,35440.0,,0.1045,BBAS3
65,30/09/2008,"5,11","1,30","0,62",NA,,"0,08",,,,,,,,,,36170.0,,0.08539999999999999,BBAS3
66,30/06/2008,"8,43","2,10","1,04",NA,,"0,13",,,,,,,,,,55420.0,,0.0443,BBAS3
67,31/03/2008,"12,26","2,89","1,40",NA,,"0,18",,,,,,,,,,73550.0,,0.0365,BBAS3
68,31/12/2007,"13,96","2,91","1,39",NA,,"0,20",,,,,,,,,,70590.0,,0.031200000000000002,BBAS3
69,30/09/2007,"13,87","3,06","1,42",NA,,"0,21",,,,,,,,,,70560.0,,0.0341,BBAS3
70,30/06/2007,"15,42","3,20","1,49",NA,,"0,21",,,,,,,,,,71430.0,,0.030699999999999998,BBAS3
71,31/12/2006,"9,24","2,69","1,21",NA,,"0,19",,,,,,,,,,55870.0,,0.057999999999999996,BBAS3
72,30/09/2006,"8,20","2,25","1,02",NA,,"0,16",,,,,,,,,,45380.0,,0.0726,BBAS3
73,30/06/2006,"6,81","2,15","0,94",NA,,"0,15",,,,,,,,,,41270.0,,0.096,BBAS3
74,31/03/2006,"9,38","2,70","1,22",NA,,"0,20",,,,,,,,,,51880.0,,0.0447,BBAS3
75,31/12/2005,"11,32","2,79","1,15",NA,,"0,19",,,,,,,,,,47020.0,,0.038,BBAS3
76,30/09/2005,"8,23","2,05","0,86",NA,,"0,14",,,,,,,,,,34480.0,,0.0339,BBAS3
77,30/06/2005,"8,14","1,90","0,76",NA,,"0,12",,,,,,,,,,29170.0,,0.0575,BBAS3
78,31/03/2005,"7,27","1,64","0,64",NA,,"0,10",,,,,,,,,,24510.0,,0.0418,BBAS3
79,31/12/2004,"9,55","2,05","0,77",NA,,"0,12",,,,,,,,,,28870.0,,0.0355,BBAS3
80,30/09/2004,"8,23","1,73","0,64",NA,,"0,10",,,,,,,,,,23790.0,,0.038,BBAS3
81,30/06/2004,"6,58","1,39","0,46",NA,,"0,08",,,,,,,,,,17910.0,,0.050499999999999996,BBAS3
82,31/03/2004,"5,96","1,18","0,39",NA,,"0,06",,,,,,,,,,15010.0,,0.051699999999999996,BBAS3
83,31/12/2003,"7.336,04","1.435,04","446,54",NA,,"75,90",,,,,,,,,,17470000.0,,0.0444,BBAS3
84,30/09/2003,"6,25","1,25","0,38",NA,,"0,07",,,,,,,,,,14640.0,,,BBAS3
85,30/06/2003,"5,10","1,07","0,27",NA,,"0,06",,,,,,,,,,11640.0,,,BBAS3
86,31/03/2003,"4,74","1,01","0,23",NA,,"0,05",,,,,,,,,,10230.0,,,BBAS3
87,31/12/2002,"3,53","0,78","0,17",NA,,"0,03",,,,,,,,,,7160.0,,,BBAS3
88,30/09/2002,"4,37","0,91","0,20",NA,,"0,04",,,,,,,,,,7690.0,,,BBAS3
89,30/06/2002,"4,71","0,94","0,25",NA,,"0,04",,,,,,,,,,7540.0,,,BBAS3
90,31/03/2002,"6,60","0,94","0,34",NA,,"0,05",,,,,,,,,,8540.0,,,BBAS3
91,31/12/2001,"7,04","0,87","0,33",NA,,"0,05",,,,,,,,,,7620.0,,,BBAS3
92,31/03/2001,"5,65","0,72","0,30",NA,,"0,04",,,,,,,,,,5870.0,,,BBAS3
93,31/12/2000,"5,19","0,63","0,26",NA,,"0,04",,,,,,,,,,5060.0,,,BBAS3
94,30/09/2000,NA,"0,54",NA,NA,,"0,03",,,,,,,,,,4260.0,,,BBAS3
95,30/06/2000,NA,"0,58",NA,NA,,"0,03",,,,,,,,,,4350.0,,,BBAS3
0,01/01/2025,"7,79","0,68","0,47","-2,76",,"0,06",,,,,,,,,,118120.0,,0.09519999999999999,BBDC3
1,30/09/2024,"9,32","0,81","0,57","-3,30",,"0,07",,,,,,,,,,144240.0,,0.10769999999999999,BBDC3
2,30/06/2024,"9,96","0,79","0,54","2,90",,"0,06",,,,,,,,,,137260.0,,0.0958,BBDC3
3,31/03/2024,"10,16","0,79","0,53","-37,63",,"0,07",,,,,,,,,,139560.0,,0.0817,BBDC3
4,31/12/2023,"9,43","0,81","0,53","-756,70",,"0,07",,,,,,,,,,141480.0,,0.0788,BBDC3
5,30/09/2023,"10,91","0,86","0,57","2,97",,"0,08",,,,,,,,,,152910.0,,0.0667,BBDC3
6,30/06/2023,"10,34","0,94","0,63","12,60",,"0,08",,,,,,,,,,166110.0,,0.0613,BBDC3
7,31/03/2023,"7,21","0,81","0,55","4,05",,"0,07",,,,,,,,,,141100.0,,0.0724,BBDC3
8,31/12/2022,"6,27","0,83","0,56","3,15",,"0,07",,,,,,,,,,139290.0,,0.07400000000000001,BBDC3
9,30/09/2022,"6,44","1,04","0,77","0,69",,"0,09",,,,,,,,,,183190.0,,0.0364,BBDC3
10,30/06/2022,"6,17","1,03","0,82","0,81",,"0,09",,,,,,,,,,178290.0,,0.0375,BBDC3
11,31/03/2022,"6,39","1,01","0,88","0,86",,"0,09",,,,,,,,,,172050.0,,0.0571,BBDC3
12,31/12/2021,"7,91","1,22","1,21","-1,80",,"0,11",,,,,,,,,,202070.0,,0.0492,BBDC3
13,30/09/2021,"6,63","1,09","1,40","-2,84",,"0,11",,,,,,,,,,172920.0,,0.0635,BBDC3
14,30/06/2021,"9,34","1,39","1,87","-2.924,69",,"0,15",,,,,,,,,,220880.0,,0.0507,BBDC3
15,31/03/2021,"10,36","1,39","1,88","2,92",,"0,14",,,,,,,,,,215730.0,,0.0275,BBDC3
16,31/12/2020,"12,42","1,35","1,59","1,38",,"0,12",,,,,,,,,,210360.0,,0.029300000000000003,BBDC3
17,30/09/2020,"10,50","1,22","1,65","1,05",,"0,12",,,,,,,,,,176920.0,,0.0375,BBDC3
18,30/06/2020,"10,83","1,41","1,87","2,50",,"0,14",,,,,,,,,,199180.0,,0.0728,BBDC3
19,31/03/2020,"7,73","1,20","1,44","5,65",,"0,13",,,,,,,,,,162810.0,,0.0978,BBDC3
20,31/12/2019,"12,37","1,93","1,74","-13,37",,"0,19",,,,,,,,,,266110.0,,0.0567,BBDC3
21,30/09/2019,"11,63","1,92","2,23","-7,19",,"0,23",,,,,,,,,,274250.0,,0.056799999999999996,BBDC3
22,30/06/2019,"12,24","2,01","2,26","19,15",,"0,24",,,,,,,,,,282270.0,,0.0273,BBDC3
23,31/03/2019,"12,23","1,97","2,25","-18,93",,"0,22",,,,,,,,,,270420.0,,0.0281,BBDC3
24,31/12/2018,"16,31","2,18","1,98","-41,64",,"0,21",,,,,,,,,,287340.0,,0.0258,BBDC3
25,30/09/2018,"12,02","1,85","2,03","-5,58",,"0,20",,,,,,,,,,228810.0,,0.0338,BBDC3
26,30/06/2018,"11,88","1,65","1,69","-6,25",,"0,18",,,,,,,,,,195780.0,,0.038,BBDC3
27,31/03/2018,"14,49","1,92","1,79","42,32",,"0,21",,,,,,,,,,225720.0,,0.0318,BBDC3
28,31/12/2017,"13,66","1,99","1,45","6,56",,"0,19",,,,,,,,,,237850.0,,0.0301,BBDC3
29,30/09/2017,"13,48","1,77","1,32","3,34",,"0,18",,,,,,,,,,200070.0,,0.020499999999999997,BBDC3
30,30/06/2017,"12,15","1,68","1,21","2,60",,"0,17",,,,,,,,,,180700.0,,0.040999999999999995,BBDC3
31,31/03/2017,"13,31","1,91","1,30","2,60",,"0,18",,,,,,,,,,202330.0,,0.0369,BBDC3
32,31/12/2016,"9,69","1,65","0,95","3,21",,"0,15",,,,,,,,,,173330.0,,0.038599999999999995,BBDC3
33,30/09/2016,"10,09","1,62","1,13","21,71",,"0,16",,,,,,,,,,160500.0,,0.057,BBDC3
34,30/06/2016,"9,52","1,65","1,17","-2,93",,"0,17",,,,,,,,,,155950.0,,0.0371,BBDC3
35,31/03/2016,"8,45","1,55","1,11","-1,65",,"0,15",,,,,,,,,,138310.0,,0.0365,BBDC3
36,31/12/2015,"5,35","1,07","0,73","-1,66",,"0,09",,,,,,,,,,92390.0,,0.0658,BBDC3
37,30/09/2015,"7,05","1,38","1,00","-6,53",,"0,12",,,,,,,,,,112440.0,,0.0418,BBDC3
38,30/06/2015,"8,29","1,58","1,20","2,84",,"0,15",,,,,,,,,,137020.0,,0.0359,BBDC3
39,31/03/2015,"9,56","1,81","1,37","2,19",,"0,16",,,,,,,,,,155900.0,,0.0318,BBDC3
40,31/12/2014,"9,33","1,74","1,23","1,75",,"0,15",,,,,,,,,,144580.0,,0.0353,BBDC3
41,30/09/2014,"10,33","1,85","1,51","3,39",,"0,16",,,,,,,,,,149020.0,,0.026699999999999998,BBDC3
42,30/06/2014,"11,14","1,94","1,58","126,23",,"0,17",,,,,,,,,,147230.0,,0.0263,BBDC3
43,31/03/2014,"11,74","2,01","1,63","1,39",,"0,16",,,,,,,,,,144250.0,,0.026600000000000002,BBDC3
44,31/12/2013,"9,61","1,66","1,29","1,19",,"0,14",,,,,,,,,,113640.0,,0.027999999999999997,BBDC3
45,30/09/2013,"12,89","2,27","1,73","1,67",,"0,18",,,,,,,,,,144770.0,,0.025699999999999997,BBDC3
46,30/06/2013,"11,63","2,05","1,57","1,70",,"0,15",,,,,,,,,,128130.0,,0.028900000000000002,BBDC3
47,31/03/2013,"12,32","2,04","1,66","4,73",,"0,16",,,,,,,,,,138840.0,,0.026699999999999998,BBDC3
48,31/12/2012,"11,99","1,90","1,35","2,62",,"0,17",,,,,,,,,,137670.0,,0.0268,BBDC3
49,30/09/2012,"9,03","1,53","1,14","1,63",,"0,13",,,,,,,,,,111320.0,,0.0377,BBDC3
50,30/06/2012,"8,16","1,43","0,99","3,48",,"0,12",,,,,,,,,,101150.0,,0.041299999999999996,BBDC3
51,31/03/2012,"8,84","1,69","1,08","-7,05",,"0,13",,,,,,,,,,107290.0,,0.0366,BBDC3
52,31/12/2011,"9,05","1,68","1,07","-2,68",,"0,14",,,,,,,,,,109660.0,,0.0377,BBDC3
53,30/09/2011,"8,46","1,78","1,13","-0,91",,"0,13",,,,,,,,,,106080.0,,0.0352,BBDC3
54,30/06/2011,"8,45","1,76","1,17","-1,13",,"0,13",,,,,,,,,,101590.0,,0.0361,BBDC3
55,31/03/2011,"9,61","1,99","1,36","-2,10",,"0,15",,,,,,,,,,111950.0,,0.0322,BBDC3
56,31/12/2010,"9,24","1,80","1,21","-3,30",,"0,15",,,,,,,,,,103840.0,,0.0326,BBDC3
57,30/09/2010,"11,19","2,24","1,32","-2,12",,"0,17",,,,,,,,,,117860.0,,0.0262,BBDC3
58,30/06/2010,"11,33","2,17","1,30","-16,30",,"0,17",,,,,,,,,,108730.0,,0.0278,BBDC3
59,31/03/2010,"10,27","2,00","1,17","-8,29",,"0,16",,,,,,,,,,96630.0,,0.0304,BBDC3
60,31/12/2009,"11,16","2,14","1,20","42,21",,"0,18",,,,,,,,,,99130.0,,0.028399999999999998,BBDC3
61,30/09/2009,"11,67","2,23","1,12","-4,59",,"0,18",,,,,,,,,,97160.0,,0.031200000000000002,BBDC3
62,30/06/2009,"10,23","2,07","1,00","-3,73",,"0,16",,,,,,,,,,84810.0,,0.035,BBDC3
63,31/03/2009,"9,90","2,03","0,97","-1,38",,"0,15",,,,,,,,,,79450.0,,0.036000000000000004,BBDC3
64,31/12/2008,"7,21","1,60","0,80","-0,95",,"0,12",,,,,,,,,,58540.0,,0.0479,BBDC3
65,30/09/2008,"6,13","1,47","0,82",NA,,"0,12",,,,,,,,,,54550.0,,0.0555,BBDC3
66,30/06/2008,"10,41","2,50","1,48",NA,,"0,21",,,,,,,,,,88980.0,,0.0331,BBDC3
67,31/03/2008,"11,47","2,93","1,77",NA,,"0,27",,,,,,,,,,104410.0,,0.028399999999999998,BBDC3
68,31/12/2007,"11,29","2,98","1,73",NA,,"0,27",,,,,,,,,,94830.0,,0.0296,BBDC3
69,30/09/2007,"14,50","3,73","2,15",NA,,"0,34",,,,,,,,,,110910.0,,0.0070999999999999995,BBDC3
70,30/06/2007,"16,89","3,64","2,02",NA,,"0,34",,,,,,,,,,98800.0,,0.021099999999999997,BBDC3
71,31/03/2007,"17,61","3,54","1,92",NA,,"0,33",,,,,,,,,,92110.0,,0.0231,BBDC3
72,31/12/2006,"16,08","3,30","1,73",NA,,"0,31",,,,,,,,,,82250.0,,0.0296,BBDC3
73,30/09/2006,"15,02","3,32","1,54",NA,,"0,30",,,,,,,,,,74750.0,,0.0443,BBDC3
74,30/06/2006,"11,09","3,11","1,47",NA,,"0,29",,,,,,,,,,68780.0,,0.0279,BBDC3
75,31/03/2006,"13,41","3,84","1,85",NA,,"0,36",,,,,,,,,,79350.0,,0.0231,BBDC3
76,31/12/2005,"14,39","4,09","1,93",NA,,"0,38",,,,,,,,,,82690.0,,0.018600000000000002,BBDC3
77,30/09/2005,"10,89","3,05","1,50",NA,,"0,28",,,,,,,,,,57810.0,,0.0269,BBDC3
78,30/06/2005,"8,83","2,24","1,17",NA,,"0,20",,,,,,,,,,41340.0,,0.0378,BBDC3
79,31/03/2005,"9,58","2,12","1,04",NA,,"0,18",,,,,,,,,,38590.0,,0.0378,BBDC3
80,31/12/2004,"8,37","1,68","0,80",NA,,"0,14",,,,,,,,,,28020.0,,0.0501,BBDC3
81,30/09/2004,"8,43","1,56","0,70",NA,,"0,13",,,,,,,,,,25350.0,,0.053,BBDC3
82,30/06/2004,"7,31","1,35","0,53",NA,,"0,10",,,,,,,,,,20350.0,,0.0658,BBDC3
83,31/03/2004,"6,46","1,14","0,48",NA,,"0,10",,,,,,,,,,17280.0,,0.0839,BBDC3
84,31/12/2003,"8,46","1,44","0,61",NA,,"0,11",,,,,,,,,,21480.0,,,BBDC3
85,30/09/2003,"6,70","1,18","0,56",NA,,"0,09",,,,,,,,,,17180.0,,,BBDC3
86,30/06/2003,"6,74","1,16","0,41",NA,,"0,09",,,,,,,,,,16120.000000000002,,,BBDC3
87,31/03/2003,"7,38","1,33","0,41",NA,,"0,11",,,,,,,,,,17110.0,,,BBDC3
88,31/12/2002,"6,04","1,13","0,34",NA,,"0,09",,,,,,,,,,13350.0,,,BBDC3
89,30/09/2002,"13,25","1,10","0,38",NA,,"0,08",,,,,,,,,,12680.0,,,BBDC3
90,30/06/2002,"12,71","1,21","0,55",NA,,"0,10",,,,,,,,,,12750.0,,,BBDC3
91,31/03/2002,"7,37","1,62","0,97",NA,,"0,18",,,,,,,,,,17560.0,,,BBDC3
92,31/12/2001,"6,73","1,49","0,90",NA,,"0,18",,,,,,,,,,15990.0,,,BBDC3
93,30/06/2001,"7,54","1,50","1,00",NA,,"0,18",,,,,,,,,,15180.0,,0.0562,BBDC3
94,31/03/2001,"9,66","1,68","1,15",NA,,"0,20",,,,,,,,,,15700.0,,0.054900000000000004,BBDC3
95,31/12/2000,"7,85","1,69","1,19",NA,,"0,21",,,,,,,,,,15080.0,,0.0567,BBDC3
96,30/09/2000,"6,09","1,43","0,96",NA,,"0,16",,,,,,,,,,11670.0,,,BBDC3
97,30/06/2000,"8,63","1,98","1,32",NA,,"0,22",,,,,,,,,,15890.0,,,BBDC3
98,31/03/2000,"7,47","1,65","0,69",NA,,"0,14",,,,,,,,,,12730.0,,,BBDC3
0,01/01/2025,"8,46","0,74","0,52","-3,00",,"0,06",,,,,,,,,,118120.0,,0.0964,BBDC4
1,30/09/2024,"10,52","0,92","0,64","-3,73",,"0,08",,,,,,,,,,144240.0,,0.105,BBDC4
2,30/06/2024,"11,04","0,88","0,60","3,22",,"0,07",,,,,,,,,,137260.0,,0.095,BBDC4
3,31/03/2024,"11,35","0,89","0,60","-42,04",,"0,08",,,,,,,,,,139560.0,,0.0805,BBDC4
4,31/12/2023,"10,42","0,89","0,59","-836,38",,"0,08",,,,,,,,,,141480.0,,0.0784,BBDC4
5,30/09/2023,"12,35","0,98","0,65","3,36",,"0,09",,,,,,,,,,152910.0,,0.06480000000000001,BBDC4
6,30/06/2023,"11,66","1,06","0,71","14,21",,"0,09",,,,,,,,,,166110.0,,0.059800000000000006,BBDC4
7,31/03/2023,"8,17","0,92","0,62","4,59",,"0,08",,,,,,,,,,141100.0,,0.0703,BBDC4
8,31/12/2022,"7,01","0,93","0,63","3,52",,"0,08",,,,,,,,,,139290.0,,0.0728,BBDC4
9,30/09/2022,"7,57","1,23","0,90","0,81",,"0,11",,,,,,,,,,183190.0,,0.034,BBDC4
10,30/06/2022,"7,43","1,25","0,99","0,97",,"0,11",,,,,,,,,,178290.0,,0.034300000000000004,BBDC4
11,31/03/2022,"7,79","1,23","1,07","1,04",,"0,11",,,,,,,,,,172050.0,,0.0516,BBDC4
12,31/12/2021,"9,53","1,47","1,46","-2,16",,"0,13",,,,,,,,,,202070.0,,0.0449,BBDC4
13,30/09/2021,"7,64","1,25","1,62","-3,27",,"0,13",,,,,,,,,,172920.0,,0.060700000000000004,BBDC4
14,30/06/2021,"10,94","1,63","2,20","-3.424,71",,"0,17",,,,,,,,,,220880.0,,0.047599999999999996,BBDC4
15,31/03/2021,"11,97","1,60","2,17","3,37",,"0,17",,,,,,,,,,215730.0,,0.0262,BBDC4
16,31/12/2020,"14,14","1,54","1,82","1,57",,"0,14",,,,,,,,,,210360.0,,0.028300000000000002,BBDC4
17,30/09/2020,"11,67","1,36","1,84","1,17",,"0,13",,,,,,,,,,176920.0,,0.0371,BBDC4
18,30/06/2020,"11,79","1,54","2,03","2,72",,"0,16",,,,,,,,,,199180.0,,0.0736,BBDC4
19,31/03/2020,"8,43","1,31","1,57","6,16",,"0,14",,,,,,,,,,162810.0,,0.0987,BBDC4
20,31/12/2019,"12,94","2,01","1,82","-13,99",,"0,20",,,,,,,,,,266110.0,,0.0596,BBDC4
21,30/09/2019,"12,45","2,05","2,39","-7,70",,"0,25",,,,,,,,,,274250.0,,0.0584,BBDC4
22,30/06/2019,"13,48","2,21","2,49","21,10",,"0,26",,,,,,,,,,282270.0,,0.0273,BBDC4
23,31/03/2019,"14,23","2,30","2,61","-22,03",,"0,26",,,,,,,,,,270420.0,,0.026600000000000002,BBDC4
24,31/12/2018,"18,34","2,45","2,23","-46,81",,"0,23",,,,,,,,,,287340.0,,0.0253,BBDC4
25,30/09/2018,"13,69","2,11","2,31","-6,36",,"0,22",,,,,,,,,,228810.0,,0.0326,BBDC4
26,30/06/2018,"13,11","1,82","1,86","-6,89",,"0,20",,,,,,,,,,195780.0,,0.0379,BBDC4
27,31/03/2018,"15,50","2,05","1,91","45,29",,"0,22",,,,,,,,,,225720.0,,0.0327,BBDC4
28,31/12/2017,"14,18","2,06","1,51","6,82",,"0,20",,,,,,,,,,237850.0,,0.0319,BBDC4
29,30/09/2017,"14,20","1,86","1,39","3,52",,"0,19",,,,,,,,,,200070.0,,0.021400000000000002,BBDC4
30,30/06/2017,"12,25","1,70","1,22","2,62",,"0,17",,,,,,,,,,180700.0,,0.0447,BBDC4
31,31/03/2017,"13,61","1,96","1,33","2,66",,"0,19",,,,,,,,,,202330.0,,0.0397,BBDC4
32,31/12/2016,"9,68","1,65","0,95","3,21",,"0,15",,,,,,,,,,173330.0,,0.0425,BBDC4
33,30/09/2016,"10,17","1,63","1,14","21,88",,"0,17",,,,,,,,,,160500.0,,0.0622,BBDC4
34,30/06/2016,"9,13","1,58","1,12","-2,81",,"0,16",,,,,,,,,,155950.0,,0.0425,BBDC4
35,31/03/2016,"7,76","1,42","1,02","-1,51",,"0,14",,,,,,,,,,138310.0,,0.0438,BBDC4
36,31/12/2015,"4,84","0,97","0,66","-1,50",,"0,09",,,,,,,,,,92390.0,,0.0799,BBDC4
37,30/09/2015,"6,31","1,23","0,90","-5,84",,"0,11",,,,,,,,,,112440.0,,0.051399999999999994,BBDC4
38,30/06/2015,"8,23","1,57","1,19","2,82",,"0,14",,,,,,,,,,137020.0,,0.0398,BBDC4
39,31/03/2015,"10,07","1,91","1,44","2,30",,"0,16",,,,,,,,,,155900.0,,0.0333,BBDC4
40,31/12/2014,"9,55","1,78","1,26","1,80",,"0,16",,,,,,,,,,144580.0,,0.0379,BBDC4
41,30/09/2014,"10,70","1,91","1,57","3,52",,"0,16",,,,,,,,,,149020.0,,0.028399999999999998,BBDC4
42,30/06/2014,"10,90","1,90","1,55","123,48",,"0,16",,,,,,,,,,147230.0,,0.0296,BBDC4
43,31/03/2014,"11,28","1,93","1,56","1,34",,"0,16",,,,,,,,,,144250.0,,0.0305,BBDC4
44,31/12/2013,"8,73","1,51","1,17","1,08",,"0,13",,,,,,,,,,113640.0,,0.0339,BBDC4
45,30/09/2013,"11,60","2,05","1,55","1,51",,"0,16",,,,,,,,,,144770.0,,0.031400000000000004,BBDC4
46,30/06/2013,"10,42","1,83","1,41","1,52",,"0,14",,,,,,,,,,128130.0,,0.0354,BBDC4
47,31/03/2013,"11,81","1,96","1,59","4,53",,"0,16",,,,,,,,,,138840.0,,0.030600000000000002,BBDC4
48,31/12/2012,"12,39","1,97","1,40","2,71",,"0,17",,,,,,,,,,137670.0,,0.0285,BBDC4
49,30/09/2012,"10,83","1,84","1,37","1,95",,"0,15",,,,,,,,,,111320.0,,0.0346,BBDC4
50,30/06/2012,"9,96","1,74","1,21","4,25",,"0,14",,,,,,,,,,101150.0,,0.037200000000000004,BBDC4
51,31/03/2012,"10,46","2,00","1,28","-8,34",,"0,15",,,,,,,,,,107290.0,,0.034,BBDC4
52,31/12/2011,"10,96","2,03","1,29","-3,24",,"0,17",,,,,,,,,,109660.0,,0.0342,BBDC4
53,30/09/2011,"10,33","2,17","1,38","-1,11",,"0,16",,,,,,,,,,106080.0,,0.0317,BBDC4
54,30/06/2011,"10,02","2,09","1,39","-1,34",,"0,16",,,,,,,,,,101590.0,,0.0334,BBDC4
55,31/03/2011,"11,47","2,37","1,63","-2,50",,"0,18",,,,,,,,,,111950.0,,0.0297,BBDC4
56,31/12/2010,"11,66","2,27","1,52","-4,16",,"0,19",,,,,,,,,,103840.0,,0.028399999999999998,BBDC4
57,30/09/2010,"14,39","2,88","1,69","-2,73",,"0,22",,,,,,,,,,117860.0,,0.022400000000000003,BBDC4
58,30/06/2010,"14,25","2,74","1,63","-20,50",,"0,22",,,,,,,,,,108730.0,,0.024300000000000002,BBDC4
59,31/03/2010,"12,76","2,48","1,45","-10,29",,"0,20",,,,,,,,,,96630.0,,0.0269,BBDC4
60,31/12/2009,"13,58","2,61","1,46","51,38",,"0,22",,,,,,,,,,99130.0,,0.0256,BBDC4
61,30/09/2009,"14,46","2,77","1,39","-5,69",,"0,22",,,,,,,,,,97160.0,,0.0277,BBDC4
62,30/06/2009,"12,28","2,48","1,20","-4,48",,"0,19",,,,,,,,,,84810.0,,0.0321,BBDC4
63,31/03/2009,"12,04","2,47","1,18","-1,67",,"0,18",,,,,,,,,,79450.0,,0.0326,BBDC4
64,31/12/2008,"8,16","1,81","0,90","-1,07",,"0,14",,,,,,,,,,58540.0,,0.0466,BBDC4
65,30/09/2008,"7,16","1,72","0,96",NA,,"0,14",,,,,,,,,,54550.0,,0.052300000000000006,BBDC4
66,30/06/2008,"11,54","2,77","1,64",NA,,"0,23",,,,,,,,,,88980.0,,0.0329,BBDC4
67,31/03/2008,"13,37","3,42","2,06",NA,,"0,32",,,,,,,,,,104410.0,,0.0268,BBDC4
68,31/12/2007,"12,39","3,27","1,89",NA,,"0,29",,,,,,,,,,94830.0,,0.0297,BBDC4
69,30/09/2007,"15,00","3,86","2,22",NA,,"0,36",,,,,,,,,,110910.0,,0.0076,BBDC4
70,30/06/2007,"16,45","3,54","1,97",NA,,"0,34",,,,,,,,,,98800.0,,0.023799999999999998,BBDC4
71,31/03/2007,"17,61","3,54","1,92",NA,,"0,33",,,,,,,,,,92110.0,,0.0254,BBDC4
72,31/12/2006,"16,47","3,38","1,77",NA,,"0,31",,,,,,,,,,82250.0,,0.0318,BBDC4
73,30/09/2006,"16,04","3,55","1,65",NA,,"0,32",,,,,,,,,,74750.0,,0.045700000000000005,BBDC4
74,30/06/2006,"11,74","3,30","1,56",NA,,"0,30",,,,,,,,,,68780.0,,0.028999999999999998,BBDC4
75,31/03/2006,"13,77","3,95","1,90",NA,,"0,37",,,,,,,,,,79350.0,,0.0248,BBDC4
76,31/12/2005,"15,60","4,43","2,10",NA,,"0,41",,,,,,,,,,82690.0,,0.0189,BBDC4
77,30/09/2005,"11,74","3,29","1,62",NA,,"0,30",,,,,,,,,,57810.0,,0.0274,BBDC4
78,30/06/2005,"9,83","2,50","1,30",NA,,"0,22",,,,,,,,,,41340.0,,0.0374,BBDC4
79,31/03/2005,"11,54","2,55","1,25",NA,,"0,22",,,,,,,,,,38590.0,,0.0345,BBDC4
80,31/12/2004,"9,95","2,00","0,95",NA,,"0,16",,,,,,,,,,28020.0,,0.0464,BBDC4
81,30/09/2004,"10,24","1,90","0,85",NA,,"0,15",,,,,,,,,,25350.0,,0.0481,BBDC4
82,30/06/2004,"8,80","1,63","0,64",NA,,"0,13",,,,,,,,,,20350.0,,0.0601,BBDC4
83,31/03/2004,"7,90","1,40","0,59",NA,,"0,12",,,,,,,,,,17280.0,,0.0754,BBDC4
84,31/12/2003,"10,18","1,73","0,73",NA,,"0,13",,,,,,,,,,21480.0,,,BBDC4
85,30/09/2003,"8,32","1,47","0,69",NA,,"0,12",,,,,,,,,,17180.0,,,BBDC4
86,30/06/2003,"8,30","1,42","0,51",NA,,"0,12",,,,,,,,,,16120.000000000002,,,BBDC4
87,31/03/2003,"8,89","1,60","0,49",NA,,"0,13",,,,,,,,,,17110.0,,,BBDC4
88,31/12/2002,"7,18","1,34","0,41",NA,,"0,10",,,,,,,,,,13350.0,,,BBDC4
89,30/09/2002,"15,96","1,32","0,46",NA,,"0,10",,,,,,,,,,12680.0,,,BBDC4
90,30/06/2002,"13,68","1,31","0,59",NA,,"0,11",,,,,,,,,,12750.0,,,BBDC4
91,31/03/2002,"8,80","1,93","1,16",NA,,"0,22",,,,,,,,,,17560.0,,,BBDC4
92,31/12/2001,"8,03","1,78","1,08",NA,,"0,21",,,,,,,,,,15990.0,,,BBDC4
93,30/06/2001,"9,15","1,82","1,21",NA,,"0,21",,,,,,,,,,15180.0,,0.0509,BBDC4
94,31/03/2001,"11,04","1,92","1,31",NA,,"0,23",,,,,,,,,,15700.0,,0.0528,BBDC4
95,31/12/2000,"9,51","2,04","1,45",NA,,"0,26",,,,,,,,,,15080.0,,0.051500000000000004,BBDC4
96,30/09/2000,"8,03","1,88","1,27",NA,,"0,21",,,,,,,,,,11670.0,,,BBDC4
97,30/06/2000,"11,21","2,57","1,72",NA,,"0,29",,,,,,,,,,15890.0,,,BBDC4
98,31/03/2000,"9,66","2,14","0,90",NA,,"0,18",,,,,,,,,,12730.0,,,BBDC4
0,01/01/2025,"8,50","5,91","0,00","18,04",,"3,77",,,,,,,,,,72360.0,,0.0733,BBSE3
1,30/09/2024,"8,14","5,65","0,00","17,28",,"3,61",,,,,,,,,,69280.0,,0.0766,BBSE3
2,30/06/2024,"8,25","6,88","0,00","17,72",,"3,64",,,,,,,,,,69200.0,,0.08289999999999999,BBSE3
3,31/03/2024,"8,17","5,53","0,00","16,89",,"3,73",,,,,,,,,,66520.0,,0.0863,BBSE3
4,31/12/2023,"8,69","7,04","0,00","18,69",,"3,78",,,,,,,,,,69100.0,,0.1009,BBSE3
5,30/09/2023,"8,51","5,96","0,00","18,19",,"3,91",,,,,,,,,,63540.0,,0.1097,BBSE3
6,30/06/2023,"9,14","7,21","0,00","19,25",,"3,80",,,,,,,,,,64519.99999999999,,0.09029999999999999,BBSE3
7,31/03/2023,"9,64","6,40","0,00","20,63",,"4,46",,,,,,,,,,64280.0,,0.0907,BBSE3
8,31/12/2022,"11,62","9,24","0,00","21,44",,"4,35",,,,,,,,,,70220.0,,0.055999999999999994,BBSE3
9,30/09/2022,"11,01","6,36","0,00","19,35",,"4,32",,,,,,,,,,60180.0,,0.0653,BBSE3
10,30/06/2022,"12,32","7,59","0,00","20,95",,"4,30",,,,,,,,,,58980.0,,0.0492,BBSE3
11,31/03/2022,"12,27","6,01","0,00","19,10",,"4,19",,,,,,,,,,50760.0,,0.0572,BBSE3
12,31/12/2021,"12,27","6,63","0,00","17,09",,"3,63",,,,,,,,,,48280.0,,0.041299999999999996,BBSE3
13,30/09/2021,"12,60","5,86","0,00","14,81",,"3,94",,,,,,,,,,45640.0,,0.0437,BBSE3
14,30/06/2021,"11,22","6,09","0,00","14,63",,"3,69",,,,,,,,,,42000.0,,0.0644,BBSE3
15,31/03/2021,"11,29","6,22","0,00","17,46",,"4,31",,,,,,,,,,44540.0,,0.060700000000000004,BBSE3
16,31/12/2020,"14,59","8,79","0,00","24,59",,"5,15",,,,,,,,,,56180.0,,0.0992,BBSE3
17,30/09/2020,"12,04","7,76","0,00","26,16",,"5,12",,,,,,,,,,49360.0,,0.1677,BBSE3
18,30/06/2020,"8,83","10,57","0,00","76,29",,"5,66",,,,,,,,,,56540.0,,0.1472,BBSE3
19,31/03/2020,"7,75","8,30","0,00","51,68",,"4,34",,,,,,,,,,50600.0,,0.16449999999999998,BBSE3
20,31/12/2019,"10,76","13,65","0,00","77,42",,"4,80",,,,,,,,,,71640.0,,0.0819,BBSE3
21,30/09/2019,"10,83","6,36","0,00","93,41",,"4,48",,,,,,,,,,67240.0,,0.0873,BBSE3
22,30/06/2019,"17,57","9,09","0,00","37,57",,"5,53",,,,,,,,,,64720.0,,0.0873,BBSE3
23,31/03/2019,"15,56","7,32","0,00","36,15",,"5,58",,,,,,,,,,57040.0,,0.099,BBSE3
24,31/12/2018,"16,70","8,65","0,00","40,19",,"4,32",,,,,,,,,,59100.0,,0.1048,BBSE3
25,30/09/2018,"15,09","5,55","0,00","31,80",,"4,38",,,,,,,,,,56300.0,,0.062,BBSE3
26,30/06/2018,"12,35","5,40","0,00","28,09",,"3,77",,,,,,,,,,50000.0,,0.07,BBSE3
27,31/03/2018,"13,37","5,38","0,00","30,23",,"4,39",,,,,,,,,,52700.0,,0.0664,BBSE3
28,31/12/2017,"14,96","6,81","0,00","36,24",,"4,54",,,,,,,,,,60560.0,,0.026099999999999998,BBSE3
29,30/09/2017,"13,70","5,71","0,00","49,57",,"4,50",,,,,,,,,,56500.0,,0.0582,BBSE3
30,30/06/2017,"13,75","6,21","0,00","56,73",,"4,29",,,,,,,,,,53880.0,,0.06269999999999999,BBSE3
31,31/03/2017,"14,75","6,43","0,00","42,13",,"5,23",,,,,,,,,,59720.0,,0.056600000000000004,BBSE3
32,31/12/2016,"14,22","6,88","0,00","34,22",,"4,55",,,,,,,,,,57060.0,,0.0587,BBSE3
33,30/09/2016,"15,22","6,85","0,00","38,26",,"5,33",,,,,,,,,,61560.0,,0.054400000000000004,BBSE3
34,30/06/2016,"14,66","7,51","0,00","36,64",,"4,99",,,,,,,,,,59940.0,,0.0574,BBSE3
35,31/03/2016,"13,12","6,49","0,00","56,70",,"5,18",,,,,,,,,,55300.0,,0.0623,BBSE3
36,31/12/2015,"12,00","6,66","0,00","49,27",,"4,39",,,,,,,,,,50500.0,,0.035,BBSE3
37,30/09/2015,"12,94","6,80","0,00","52,17",,"5,38",,,,,,,,,,56080.0,,0.06,BBSE3
38,30/06/2015,"15,75","8,97","0,00","47,15",,"5,85",,,,,,,,,,65000.0,,0.0433,BBSE3
39,31/03/2015,"19,22","9,31","0,00","46,23",,"7,42",,,,,,,,,,72200.0,,0.039,BBSE3
40,31/12/2014,"16,96","7,40","0,00","38,43",,"5,65",,,,,,,,,,58620.0,,0.0409,BBSE3
41,30/09/2014,"20,47","9,09","0,00","48,65",,"7,34",,,,,,,,,,65900.0,,0.0364,BBSE3
42,30/06/2014,"22,75","9,21","0,00","40,96",,"7,16",,,,,,,,,,67000.0,,0.03,BBSE3
43,31/03/2014,"21,13","8,27","0,00","38,22",,"6,76",,,,,,,,,,56000.0,,0.0359,BBSE3
44,31/12/2013,"19,81","7,06","0,00","43,89",,"5,58",,,,,,,,,,49000.0,,0.0169,BBSE3
45,30/09/2013,"30,14","7,41","0,00","57,34",,"6,05",,,,,,,,,,47320.0,,0.0175,BBSE3
46,30/06/2013,"38,17","5,85","0,00","177,88",,"4,67",,,,,,,,,,39020.0,,0.0,BBSE3
47,31/03/2013,"76,28","5,88","0,00","-489,88",,"4,75",,,,,,,,,,36000.0,,0.0,BBSE3
48,31/12/2012,"0,00","1,39","0,00","0,00",,"1,07",,,,,,,,,,7810.0,,0.0,BBSE3
0,01/01/2025,"2.332,88","4,15","0,10","0,62","0,73","0,09","1,39","0,26","-0,13","10,44","8,31","0,79","4,69","5,45","0,65",3090.0,23210.0,0.0,BEEF3
1,30/09/2024,"2.704,13","4,81","0,12","0,72","0,84","0,10","1,61","0,30","-0,15","10,66","8,49","0,80","4,79","5,56","0,66",3580.0,23700.0,0.0,BEEF3
2,30/06/2024,"59,56","6,29","0,15","0,99","1,20","0,12","1,96","0,33","-0,20","11,97","9,56","0,92","6,06","7,35","0,74",4210.0,25740.0,0.027999999999999997,BEEF3
3,31/03/2024,"36,80","169,92","0,13","0,91","1,11","0,11","1,74","0,34","-0,17","11,40","9,12","0,88","5,97","7,29","0,74",3690.0,24240.0,0.032,BEEF3
4,31/12/2023,"10,41","25,14","0,16","1,63","2,19","0,15","2,14","0,52","-0,22","10,70","8,56","0,82","8,13","10,94","0,77",4380.0,21930.0,0.07629999999999999,BEEF3
5,30/09/2023,"13,11","7,62","0,17","1,69","2,28","0,18","2,34","0,68","-0,26","10,16","8,10","0,75","7,32","9,89","0,80",4790.0,20780.0,0.0699,BEEF3
6,30/06/2023,"18,60","15,93","0,23","2,37","3,23","0,33","3,00","1,67","-0,42","7,59","6,21","0,57","5,98","8,16","0,83",6530.0,16490.0,0.0536,BEEF3
7,31/03/2023,"8,43","10,39","0,18","2,43","3,53","0,27","2,44","1,10","-0,38","6,66","5,56","0,50","6,62","9,64","0,75",5540.0,15140.0,0.06309999999999999,BEEF3
8,31/12/2022,"10,98","14,14","0,23","2,29","3,02","0,33","2,96","1,48","-0,45","6,48","5,53","0,51","5,01","6,62","0,73",7170.0,15700.0,0.047599999999999996,BEEF3
9,30/09/2022,"10,47","13,99","0,28","3,22","4,41","0,41","3,40","1,46","-0,59","6,99","6,04","0,57","6,61","9,06","0,84",8700.0,17890.0,0.0635,BEEF3
10,30/06/2022,"10,23","11,16","0,25","3,88","5,90","0,40","3,24","1,48","-0,57","6,73","5,80","0,53","8,07","12,26","0,83",7790.0,16200.0,0.053899999999999997,BEEF3
11,31/03/2022,"17,74","16,58","0,28","3,38","4,50","0,46","3,67","1,66","-0,66","7,15","6,15","0,55","6,58","8,78","0,89",8050.000000000001,15700.0,0.0521,BEEF3
12,31/12/2021,"10,22","9,36","0,23","2,36","2,88","0,31","3,01","0,94","-0,48","6,61","5,65","0,50","5,18","6,32","0,67",6120.0,13450.0,0.1069,BEEF3
13,30/09/2021,"10,18","11,86","0,23","3,21","3,98","0,28","2,95","0,83","-0,44","6,85","5,87","0,53","7,44","9,23","0,65",5730.0,13290.0,0.0989,BEEF3
14,30/06/2021,"8,87","11,50","0,21","2,09","2,39","0,28","2,63","1,07","-0,38","6,35","5,43","0,51","5,05","5,78","0,67",4860.0,11750.0,0.1164,BEEF3
15,31/03/2021,"8,07","5,45","0,26","2,16","2,43","0,30","2,93","0,94","-0,49","6,59","5,65","0,59","4,87","5,46","0,68",5530.0,12440.0,0.1024,BEEF3
16,31/12/2020,"7,39","6,13","0,27","1,60","1,78","0,30","2,87","1,05","-0,46","6,65","5,68","0,61","3,70","4,12","0,71",5150.0,11930.0,0.032,BEEF3
17,30/09/2020,"6,52","4,42","0,29","1,49","1,62","0,30","3,02","0,88","-0,50","6,95","5,94","0,67","3,42","3,73","0,69",5390.0,12410.0,0.0,BEEF3
18,30/06/2020,"10,46","8,55","0,40","1,98","2,12","0,42","4,18","1,26","-0,69","8,67","7,42","0,83","4,10","4,41","0,88",7170.0,14870.0,0.0,BEEF3
19,31/03/2020,"18,13","9,97","0,33","1,79","1,97","0,36","3,78","1,17","-0,55","8,46","7,21","0,74","3,99","4,41","0,80",5780.0,12920.0,0.0,BEEF3
20,31/12/2019,"312,25","-17,91","0,29","2,87","3,33","0,38","3,45","1,91","-0,46","8,41","7,13","0,72","7,00","8,12","0,93",5040.0,12300.0,0.0,BEEF3
21,30/09/2019,"-13,76","-5,73","0,26","2,37","2,71","0,37","3,37","1,79","-0,43","8,43","7,01","0,65","5,93","6,79","0,92",4400.0,11020.0,0.0,BEEF3
22,30/06/2019,"-8,82","-8,33","0,19","2,49","2,98","0,28","2,46","1,54","-0,33","7,74","6,52","0,61","7,80","9,37","0,89",3250.0,10210.0,0.0,BEEF3
23,31/03/2019,"-2,58","-8,17","0,19","2,21","2,50","0,25","4,39","1,28","-0,30","14,85","10,96","0,63","7,47","8,45","0,85",3050.0,10320.0,0.0,BEEF3
24,31/12/2018,"-2,03","-8,53","0,16","1,93","2,24","0,20","3,81","1,19","-0,23","14,83","11,16","0,62","7,52","8,71","0,78",2570.0,10000.0,0.0,BEEF3
25,30/09/2018,"-0,84","-0,91","0,08","1,36","1,78","0,10","2,07","0,45","-0,11","16,22","11,97","0,63","10,67","13,98","0,79",1250.0,9770.0,0.0,BEEF3
26,30/06/2018,"-1,27","-1,50","0,11","1,48","1,86","0,13","3,48","0,53","-0,16","20,38","14,27","0,65","8,70","10,92","0,79",1610.0,9460.0,0.0,BEEF3
27,31/03/2018,"-4,41","-27,54","0,13","2,67","4,17","0,15","1,71","0,61","-0,20","8,10","6,94","0,62","12,65","19,78","0,71",1760.0,8330.0,0.0,BEEF3
28,31/12/2017,"-7,61","30,08","0,18","3,63","6,36","0,18","2,16","0,63","-0,25","8,56","7,46","0,70","14,39","25,20","0,71",2140.0,8470.0,0.028399999999999998,BEEF3
29,30/09/2017,"58,21","6,55","0,24","2,35","3,05","0,23","2,90","1,15","-0,31","8,98","8,03","0,75","7,28","9,45","0,73",2590.0,8029.999999999999,0.023399999999999997,BEEF3
30,30/06/2017,"487,86","8,25","0,30","8,61","32,14","0,30","3,47","0,91","-0,47","9,07","8,19","0,80","22,54","84,11","0,78",2980.0,7800.0,0.0204,BEEF3
31,31/03/2017,"16,10","5,49","0,26","5,56","9,63","0,29","2,93","0,92","-0,45","8,17","7,41","0,72","15,50","26,81","0,80",2430.0,6770.0,0.025,BEEF3
32,31/12/2016,"14,22","5,32","0,29","4,76","6,68","0,31","3,12","0,97","-0,50","7,57","6,94","0,70","11,53","16,19","0,75",2770.0,6710.0,0.0,BEEF3
33,30/09/2016,"9,30","3,65","0,24","5,44","8,25","0,26","2,38","0,76","-0,44","6,47","5,97","0,64","14,76","22,39","0,70",2310.0,6280.0,0.0,BEEF3
34,30/06/2016,"-9,31","3,73","0,24","2,29","2,91","0,27","2,28","1,12","-0,40","6,06","5,61","0,63","6,10","7,73","0,73",2280.0,6070.0,0.0,BEEF3
35,31/03/2016,"-12,81","4,62","0,22","2,96","4,53","0,24","2,18","0,95","-0,35","6,70","6,21","0,68","9,11","13,91","0,75",2140.0,6580.0,0.0,BEEF3
36,31/12/2015,"-2,72","-5,67","0,23","2,27","3,31","0,26","2,36","1,11","-0,32","7,80","7,22","0,76","7,50","10,94","0,87",2180.0,7190.0,0.0,BEEF3
37,30/09/2015,"-2,05","-5,18","0,27","2,43","3,71","0,27","3,14","0,82","-0,37","10,33","9,44","0,89","8,01","12,20","0,88",2420.0,7960.0,0.0,BEEF3
38,30/06/2015,"-2,37","9,65","0,26","2,97","4,79","0,28","3,25","0,89","-0,44","10,18","9,27","0,83","9,29","15,01","0,89",2200.0,6880.0,0.0,BEEF3
39,31/03/2015,"-1,33","-48,11","0,19","1,49","2,08","0,18","2,23","0,57","-0,26","9,20","8,38","0,76","6,13","8,58","0,74",1430.0,5900.0,0.0,BEEF3
40,31/12/2014,"-3,80","3,31","0,23","4,65","21,98","0,22","2,68","0,69","-0,36","8,94","8,13","0,76","15,54","73,44","0,73",1590.0,5310.0,0.0,BEEF3
41,30/09/2014,"-7,68","4,55","0,28","4,87","14,12","0,28","3,20","0,74","-0,51","9,28","8,42","0,82","14,14","41,03","0,83",1770.0,5150.0,0.0,BEEF3
42,30/06/2014,"-47,91","3,10","0,29","5,71","20,13","0,30","3,18","0,96","-0,50","8,66","7,83","0,78","15,53","54,78","0,81",1720.0,4680.0,0.0,BEEF3
43,31/03/2014,"-5,97","2,79","0,26","3,85","8,50","0,31","3,02","1,08","-0,51","9,05","8,11","0,79","11,53","25,46","0,92",1500.0,4480.0,0.0,BEEF3
44,31/12/2013,"-4,66","3,30","0,27","3,08","4,73","0,29","3,18","0,97","-0,48","9,09","8,08","0,77","8,80","13,52","0,84",1460.0,4180.0,0.0,BEEF3
45,30/09/2013,"-6,84","2,66","0,27","3,54","5,90","0,30","2,93","1,07","-0,51","8,04","7,21","0,75","9,70","16,18","0,84",1430.0,3920.0,0.0,BEEF3
46,30/06/2013,"-8,01","3,06","0,31","3,86","6,15","0,33","3,29","1,19","-0,54","8,78","7,85","0,83","10,31","16,43","0,89",1510.0,4040.0,0.0,BEEF3
47,31/03/2013,"-14,21","2,42","0,38","5,30","9,11","0,43","3,97","1,62","-0,78","8,48","7,57","0,80","11,33","19,46","0,93",1740.0,3730.0,0.0,BEEF3
48,31/12/2012,"-9,51","2,45","0,42","4,42","6,33","0,42","4,41","1,48","-0,78","9,66","8,61","0,92","9,69","13,87","0,93",1840.0,4040.0,0.0,BEEF3
49,30/09/2012,"-8,45","3,68","0,32","7,86","19,39","0,35","3,40","1,41","-0,53","8,87","7,88","0,82","20,46","50,49","0,91",1350.0,3520.0,0.0254,BEEF3
50,30/06/2012,"-6,25","2,98","0,24","9,32","-31,09","0,28","3,03","0,95","-0,45","9,17","8,03","0,74","28,25","-94,22","0,84",1020.0,3080.0,0.032799999999999996,BEEF3
51,31/03/2012,"-25,10","1,84","0,21","65,00","-6,13","0,23","2,78","0,77","-0,41","8,43","7,35","0,63","197,11","-18,58","0,71",844.67,2560.0,0.0398,BEEF3
52,31/12/2011,"15,32","1,30","0,17","-65,63","-4,05","0,20","2,46","0,96","-0,31","8,86","7,63","0,63","-236,20","-14,59","0,71",694.77,2500.0,0.0,BEEF3
53,30/09/2011,"8,70","0,71","0,14","-2,70",NA,"0,15","2,15","0,64","-0,26","10,02","8,58","0,63","-12,58",NA,"0,69",508.05,2370.0,0.0132,BEEF3
54,30/06/2011,"9,00","1,14","0,16","-9,34",NA,"0,19","2,50","0,79","-0,31","10,19","8,78","0,65","-38,06",NA,"0,76",576.58,2350.0,0.0116,BEEF3
55,31/03/2011,"12,17","1,40","0,20","-20,71",NA,"0,25","3,14","1,01","-0,43","10,45","9,34","0,66","-68,83",NA,"0,82",707.76,2350.0,0.0095,BEEF3
56,31/12/2010,"32,49","1,34","0,20","-13,72",NA,"0,26","3,10","0,90","-0,49","9,87","8,72","0,63","-43,70",NA,"0,82",678.14,2160.0,0.009899999999999999,BEEF3
57,30/09/2010,"69,84","1,30","0,20","38,02",NA,"0,28","3,30","0,70","-0,75","8,13",NA,"0,50","93,75",NA,"0,70",660.86,1630.0,0.0,BEEF3
58,30/06/2010,"-168,39","1,55","0,25","4,79",NA,"0,33","4,15","0,82","-0,86","9,26",NA,"0,56","10,69",NA,"0,74",761.31,1700.0,0.0,BEEF3
59,31/03/2010,"11,85","1,37","0,25","2,81",NA,"0,31","4,32","0,74","-0,91","9,89",NA,"0,57","6,43",NA,"0,72",685.65,1570.0,0.0,BEEF3
60,31/12/2009,"8,58","1,33","0,27","2,47",NA,"0,34","4,93","1,02","-0,81","10,57",NA,"0,58","5,29",NA,"0,72",698.25,1500.0,0.0,BEEF3
61,30/09/2009,"-5,82","1,27","0,28","-12,92",NA,"0,33","5,65","1,22","-0,69","12,50",NA,"0,63","-28,59",NA,"0,73",674.12,1490.0,0.0,BEEF3
62,30/06/2009,"-2,07","0,99","0,16","-3,88",NA,"0,18","3,24","0,79","-0,32","11,53",NA,"0,56","-13,80",NA,"0,66",366.75,1300.0,0.0,BEEF3
63,31/03/2009,"-1,17","0,80","0,11","-0,81",NA,"0,13","2,09","0,42","-0,23","10,30",NA,"0,55","-3,98",NA,"0,62",250.5,1240.0,0.0,BEEF3
64,31/12/2008,"-0,58","0,40","0,06","-0,32",NA,"0,06","0,99","0,19","-0,12","8,41",NA,"0,50","-2,74",NA,"0,53",125.25,1070.0,0.0733,BEEF3
65,30/09/2008,"-7,97","0,34","0,08",NA,NA,"0,08","1,21","0,22","-0,21","4,98",NA,"0,33",NA,NA,"0,33",168.0,693.56,0.0547,BEEF3
66,30/06/2008,"28,95","1,19","0,35",NA,NA,"0,42","7,29","0,98","-1,91","12,28",NA,"0,59",NA,NA,"0,71",655.5,1100.0,0.013999999999999999,BEEF3
67,31/03/2008,"33,12","1,49","0,49",NA,NA,"0,55","11,20","1,02","-5,87","15,15",NA,"0,66",NA,NA,"0,74",788.25,1070.0,0.011699999999999999,BEEF3
68,31/12/2007,"17,49","1,15","0,42",NA,NA,"0,44","10,84","0,88","-4,15","13,69",NA,"0,52",NA,NA,"0,56",607.5,767.63,0.0,BEEF3
69,30/09/2007,"23,37","2,00","0,76",NA,NA,"0,77","19,16","1,30","-29,14","20,97",NA,"0,83",NA,NA,"0,84",1050.0,1150.0,0.0,BEEF3
70,30/06/2007,"18,55","6,46","0,84",NA,NA,"1,07","12,02","2,14","-3,17","16,89",NA,"1,18",NA,NA,"1,50",1070.0,1510.0,0.0,BEEF3
71,31/03/2007,"5,88","1,74","0,27",NA,NA,"0,31","3,05","0,60","-0,98","6,36",NA,"0,57",NA,NA,"0,64",346.39,721.46,0.0,BEEF3
72,31/12/2006,"6,46","1,84","0,29",NA,NA,"0,38","3,21","2,05","-0,64","6,47",NA,"0,59",NA,NA,"0,78",346.39,699.67,0.0,BEEF3
0,01/01/2025,"9,47","1,78","2,85","27,19",,"0,17",,,,,,,,,,131460.0,,0.0316,BPAC11
1,30/09/2024,"11,80","2,21","3,55","33,88",,"0,21",,,,,,,,,,152620.0,,0.0232,BPAC11
2,30/06/2024,"12,36","2,42","3,77","-11,73",,"0,22",,,,,,,,,,158430.0,,0.0225,BPAC11
3,31/03/2024,"12,48","2,40","3,74","-86,79",,"0,23",,,,,,,,,,160540.0,,0.0229,BPAC11
4,31/12/2023,"14,21","2,73","4,21","-8,60",,"0,29",,,,,,,,,,167620.0,,0.021099999999999997,BPAC11
5,30/09/2023,"15,67","2,57","3,97","8,84",,"0,26",,,,,,,,,,154050.0,,0.0222,BPAC11
6,30/06/2023,"16,04","2,57","3,96","20,20",,"0,26",,,,,,,,,,151300.0,,0.0226,BPAC11
7,31/03/2023,"12,30","1,98","2,93","18,91",,"0,20",,,,,,,,,,112640.0,,0.027200000000000002,BPAC11
8,31/12/2022,"10,78","1,81","2,64","3,86",,"0,18",,,,,,,,,,101550.0,,0.030899999999999997,BPAC11
9,30/09/2022,"12,28","2,39","4,10","4,64",,"0,25",,,,,,,,,,139840.0,,0.0184,BPAC11
10,30/06/2022,"10,86","2,09","3,89","4,09",,"0,20",,,,,,,,,,118180.0,,0.0217,BPAC11
11,31/03/2022,"10,63","2,05","4,13","9,14",,"0,22",,,,,,,,,,111880.0,,0.017,BPAC11
12,31/12/2021,"13,53","2,39","5,88","5,96",,"0,27",,,,,,,,,,131830.0,,0.0152,BPAC11
13,30/09/2021,"13,51","2,42","5,61","-4,50",,"0,26",,,,,,,,,,128930.0,,0.014199999999999999,BPAC11
14,30/06/2021,"19,52","3,39","7,26","-4,47",,"0,39",,,,,,,,,,164400.0,,0.0105,BPAC11
15,31/03/2021,"21,14","3,38","6,62","-2,91",,"0,34",,,,,,,,,,129650.0,,0.011000000000000001,BPAC11
16,31/12/2020,"23,51","3,56","4,50","-4,51",,"0,42",,,,,,,,,,116030.0,,0.010700000000000001,BPAC11
17,30/09/2020,"24,07","2,64","4,52","12,40",,"0,25",,,,,,,,,,88350.0,,0.0159,BPAC11
18,30/06/2020,"32,29","3,09","5,15","-12,43",,"0,32",,,,,,,,,,107960.0,,0.0139,BPAC11
19,31/03/2020,"14,41","1,46","2,21","4,63",,"0,14",,,,,,,,,,45700.0,,0.0366,BPAC11
20,31/12/2019,"17,05","3,17","4,63","-7,17",,"0,41",,,,,,,,,,81830.0,,0.0171,BPAC11
21,30/09/2019,"19,12","2,84","4,93","-2,55",,"0,33",,,,,,,,,,66610.0,,0.021,BPAC11
22,30/06/2019,"20,66","2,76","5,27","5,29",,"0,30",,,,,,,,,,60780.0,,0.0325,BPAC11
23,31/03/2019,"20,66","2,76","5,27","5,29",,"0,30",,,,,,,,,,60780.0,,0.0325,BPAC11
24,31/12/2018,"24,85","1,82","3,85","17,10",,"0,19",,,,,,,,,,47130.0,,0.034,BPAC11
25,30/09/2018,"21,61","0,96","2,43","1,19",,"0,10",,,,,,,,,,20600.0,,0.066,BPAC11
26,30/06/2018,"13,44","0,91","2,30","9,12",,"0,10",,,,,,,,,,21980.0,,0.0352,BPAC11
27,31/03/2018,"11,66","1,04","2,86","1,72",,"0,13",,,,,,,,,,22740.0,,0.0629,BPAC11
28,31/12/2017,"8,67","1,10","1,96","5,32",,"0,18",,,,,,,,,,21590.0,,0.0596,BPAC11
29,30/09/2017,"7,49","0,96","1,74","1,53",,"0,12",,,,,,,,,,22170.0,,0.034300000000000004,BPAC11
30,30/06/2017,"5,71","0,76","2,01","0,80",,"0,10",,,,,,,,,,26430.0,,0.0458,BPAC11
31,31/03/2017,"5,31","0,95","1,46","1,00",,"0,11",,,,,,,,,,16300.0,,0.0,BPAC11
32,31/12/2016,"4,21","1,17","1,37","1,08",,"0,18",,,,,,,,,,23530.0,,0.0,BPAC11
33,30/09/2016,"4,67","0,94","2,16","1,06",,"0,14",,,,,,,,,,23530.0,,0.0,BPAC11
34,30/06/2016,"2,91","0,76","0,95","7,73",,"0,11",,,,,,,,,,17240.0,,0.0,BPAC11
35,31/03/2016,"2,76","0,77","1,30","26,26",,"0,11",,,,,,,,,,12400.0,,0.0,BPAC11
36,31/12/2015,"21,82","0,80","1,11","-1,83",,"0,07",,,,,,,,,,12680.0,,0.0,BPAC11
37,30/09/2015,"3,40","0,87","1,00","-0,81",,"0,09",,,,,,,,,,12950.0,,0.0,BPAC11
38,30/06/2015,"4,18","0,97","1,40","-1,71",,"0,10",,,,,,,,,,12490.0,,0.0,BPAC11
39,31/03/2015,"4,70","1,02","1,18","-9,10",,"0,10",,,,,,,,,,12490.0,,0.0,BPAC11
40,31/12/2014,"7,48","1,06","1,09","22,25",,"0,10",,,,,,,,,,12490.0,,0.0,BPAC11
41,30/09/2014,"4,64","1,11","1,46","-2,08",,"0,12",,,,,,,,,,12490.0,,0.0,BPAC11
42,30/06/2014,"4,91","1,18","1,39","-2,70",,"0,14",,,,,,,,,,12490.0,,0.0,BPAC11
43,31/03/2014,"5,12","1,22","1,56","-0,62",,"0,13",,,,,,,,,,12490.0,,0.0,BPAC11
44,31/12/2013,"6,39","1,27","1,38","-0,79",,"0,13",,,,,,,,,,12490.0,,0.0,BPAC11
45,30/09/2013,"6,30","1,37","1,68","-0,68",,"0,13",,,,,,,,,,12490.0,,0.0,BPAC11
46,30/06/2013,"6,81","1,44","1,98","-0,88",,"0,13",,,,,,,,,,12490.0,,0.0,BPAC11
47,31/03/2013,"7,52","1,50","1,99","-1,02",,"0,15",,,,,,,,,,12490.0,,0.0,BPAC11
48,31/12/2012,"7,42","1,53","1,56","-3,61",,"0,13",,,,,,,,,,12490.0,,0.0,BPAC11
49,30/09/2012,"6,95","1,65","2,12","6,05",,"0,18",,,,,,,,,,12180.0,,0.0,BPAC11
50,30/06/2012,"7,84","1,73","2,21","-3,56",,"0,19",,,,,,,,,,12180.0,,0.0,BPAC11
51,31/03/2012,"8,36","2,08","2,08","-5,81",,"0,19",,,,,,,,,,11040.0,,0.0,BPAC11
52,31/12/2011,"10,49","2,21","2,20","-0,84",,"0,17",,,,,,,,,,11040.0,,0.0,BPAC11
53,30/09/2011,"16,53","2,48","2,41","-1,82",,"0,24",,,,,,,,,,11040.0,,0.0,BPAC11
54,30/06/2011,"15,40","2,40","2,70","-0,89",,"0,27",,,,,,,,,,11040.0,,0.0,BPAC11
55,31/03/2011,"17,03","2,50","3,23","-2,00",,"0,33",,,,,,,,,,11040.0,,0.0,BPAC11
56,31/12/2010,"17,26","2,50","3,96","-0,80",,"0,30",,,,,,,,,,11040.0,,0.0,BPAC11
0,01/01/2025,"3,61","0,74","0,00","5,77","5,77","0,73","3,73","14,51","19,29","3,34","3,34","0,00","5,17","5,18","0,66",6400.0,5850.0,0.1382,BRAP4
1,30/09/2024,"3,84","0,79","0,00","6,13","6,13","0,78","3,96","15,42","20,50","3,57","3,57","0,00","5,52","5,52","0,70",6790.0,6240.0,0.1685,BRAP4
2,30/06/2024,"3,90","0,85","0,00","6,44","6,44","0,84","4,04","29,73","38,91","3,81","3,81","0,00","6,08","6,08","0,79",7040.0,6750.0,0.1632,BRAP4
3,31/03/2024,"5,33","0,95","0,00","7,26","7,26","0,95","5,56","12,00","13,23","4,99","4,99","0,00","6,50","6,51","0,85",7740.0,7030.0,0.14880000000000002,BRAP4
4,31/12/2023,"4,23","1,02","0,00","8,11","8,11","1,02","4,39","42,17","59,95","4,21","4,21","0,00","7,78","7,78","0,98",7950.0,7700.0,0.1481,BRAP4
5,30/09/2023,"4,54","1,20","0,00","13,13","13,13","1,18","4,68","20,97","27,34","4,33","4,33","0,00","12,13","12,13","1,09",9400.0,8900.0,0.0574,BRAP4
6,30/06/2023,"3,24","1,18","0,00","8,74","8,74","1,17","3,34","43,69","60,10","3,15","3,15","0,00","8,24","8,24","1,10",8680.0,8420.0,0.129,BRAP4
7,31/03/2023,"2,40","1,15","0,00","8,37","8,37","1,07","2,46","42,59","-22,43","2,20","2,20","0,00","7,48","7,49","0,96",8440.0,7660.0,0.13449999999999998,BRAP4
8,31/12/2022,"2,71","1,35","0,00","8,02","8,03","1,25","2,77","153,53","-19,47","2,57","2,57","0,00","7,45","7,45","1,16",9790.0,9380.0,0.1272,BRAP4
9,30/09/2022,"1,63","1,23","0,00","8,20","8,20","1,22","1,64","12,11","13,73","1,44","1,44","0,00","7,20","7,20","1,07",9320.0,8480.0,0.3722,BRAP4
10,30/06/2022,"1,51","1,18","0,00","3,01","3,01","1,18","1,54","35,42","44,48","1,43","1,43","0,00","2,79","2,79","1,09",8820.0,8510.0,0.3268,BRAP4
11,31/03/2022,"1,42","1,35","0,00","2,82","2,82","1,34","1,43","12,14","12,92","1,26","1,26","0,00","2,48","2,48","1,18",10030.0,9130.0,0.34850000000000003,BRAP4
12,31/12/2021,"1,60","1,72","0,00","3,04","3,04","1,71","1,61","52,89","66,82","1,52","1,52","0,00","2,86","2,86","1,61",12450.0,12160.0,0.32409999999999994,BRAP4
13,30/09/2021,"3,49","1,31","0,00","4,54","4,54","1,30","3,54","7,45","7,57","2,98","2,98","0,00","3,82","3,82","1,10",18550.0,15990.0,0.1323,BRAP4
14,30/06/2021,"4,77","1,80","0,00","8,62","8,62","1,79","4,76","32,99","35,72","4,39","4,39","0,00","7,94","7,94","1,65",22980.0,22230.0,0.1042,BRAP4
15,31/03/2021,"8,06","2,06","0,00","11,62","11,62","1,88","8,08","236,28","-22,89","7,30","7,30","0,00","10,51","10,51","1,70",23930.0,22690.0,0.0755,BRAP4
16,31/12/2020,"14,67","1,91","0,00","22,00","22,00","1,91","14,74","56,63","63,86","14,01","14,01","0,00","20,91","20,91","1,81",20520.0,20460.0,0.032400000000000005,BRAP4
17,30/09/2020,"21,60","1,35","0,00","16,14","16,14","1,32","20,09","26,39","63,09","18,53","18,53","0,00","14,89","14,89","1,21",15740.0,15000.0,0.06,BRAP4
18,30/06/2020,"47,36","1,37","0,00","1.549,80","1.549,80","1,31","48,35","322,50","-32,39","46,78","46,78","0,00","1.499,34","1.499,34","1,27",14540.0,14570.0,0.018500000000000003,BRAP4
19,31/03/2020,"1.996,26","1,07","0,00","200,44","200,86","1,02","-3.033,11","40,64","-48,47","-2.942,30","-2.942,30","0,00","194,44","194,84","0,99",10900.0,10920.0,0.024700000000000003,BRAP4
20,31/12/2019,"-24,52","1,03","0,00","81,59","81,67","0,98","-23,79","41,18","-32,41","-23,31","-23,31","0,00","79,94","80,02","0,96",9670.0,9690.0,0.049100000000000005,BRAP4
21,30/09/2019,"5,69","1,09","0,00","95,59","8,47","1,06","5,64","64,25","-130,77","5,44","5,44","0,00","92,32","8,18","1,03",10720.0,10740.0,0.0388,BRAP4
22,30/06/2019,"6,00","1,08","0,00","-11,33","35,82","1,05","6,01","65,37","-106,24","5,83","5,83","0,00","-10,99","34,74","1,02",9960.0,9990.0,0.04190000000000001,BRAP4
23,31/03/2019,"9,24","1,07","0,00","-10,84","42,43","1,02","9,21","105,31","-29,26","8,72","8,72","0,00","-10,26","40,17","0,97",9900.0,9790.0,0.0417,BRAP4
24,31/12/2018,"8,94","1,07","0,00","-13,60",NA,"1,00","8,62","99,56","-18,75","8,00","8,00","0,00","-12,62",NA,"0,93",10130.0,9880.0,0.06309999999999999,BRAP4
25,30/09/2018,"21,48","1,30","0,00","-11,22","-20,11","0,97","16,20","-12,71","-2,88","14,42","14,42","0,00","-9,99","-17,90","0,86",11430.0,10630.0,0.0653,BRAP4
26,30/06/2018,"8,78","1,13","0,00","-209,85","23,19","0,87","7,32","-8,80","-2,61","7,98","7,98","0,00","-228,85","25,29","0,95",9440.0,10720.0,0.0793,BRAP4
27,31/03/2018,"7,54","1,44","0,00","74,72","19,29","1,08","6,44","-20,03","-3,56","6,17","6,17","0,00","71,52","18,46","1,03",11590.0,11710.0,0.064,BRAP4
28,31/12/2017,"4,83","1,28","0,00","-201,42",NA,"0,99","4,31","-16,40","-3,51","4,13","4,13","0,00","-192,95",NA,"0,95",10740.0,10780.0,0.0444,BRAP4
29,30/09/2017,"7,97","0,94","0,00","30,49","13,30","0,74","6,95","-22,26","-3,05","7,56","7,56","0,00","33,21","14,48","0,81",7880.0,9080.0,0.0245,BRAP4
30,30/06/2017,"19,73","1,00","0,00","29,63","13,08","0,78","13,92","6,53","-7,92","15,26","15,26","0,00","32,48","14,34","0,85",7910.0,9080.0,0.0246,BRAP4
31,31/03/2017,"8,82","0,77","0,00","88,17","14,89","0,60","7,25","5,95","-4,77","8,38","8,38","0,00","101,93","17,21","0,69",6150.0,7320.0,0.0322,BRAP4
32,31/12/2016,"11,59","0,92","0,00","119,37",NA,"0,71","9,33","4,62","-9,27","10,42","10,42","0,00","133,44",NA,"0,79",7040.0,8150.0,0.0053,BRAP4
33,30/09/2016,"-3,55","0,62","0,00","25,85","22,58","0,49","-3,97","13,89","-2,87","-4,64","-4,64","0,00","30,20","26,38","0,58",4740.0,5840.0,0.0,BRAP4
34,30/06/2016,"-2,10","0,47","0,00","19,57","17,03","0,38","-2,28","10,20","-2,26","-2,84","-2,84","0,00","24,33","21,17","0,47",3500.0,4560.0,0.038900000000000004,BRAP4
35,31/03/2016,"-1,53","0,32","0,00","6,70","6,24","0,26","-1,66","7,42","-1,66","-2,23","-2,23","0,00","9,01","8,41","0,35",2470.0,3480.0,0.0552,BRAP4
36,31/12/2015,"-0,80","0,26","0,00","5,36",NA,"0,21","-0,84","6,03","-1,45","-1,19","-1,19","0,00","7,65",NA,"0,31",1990.0,2960.0,0.1743,BRAP4
37,30/09/2015,"-2,63","0,25","0,00","4,18","6,04","0,21","-2,94","2,79","-3,00","-3,94","-3,94","0,00","5,59","8,07","0,28",2370.0,3340.0,0.1446,BRAP4
38,30/06/2015,"-4,93","0,37","0,00","7,56","12,72","0,31","-4,58","-8,83","-1,59","-5,64","-5,64","0,00","9,31","15,67","0,38",3270.0,4200.0,0.1553,BRAP4
39,31/03/2015,"-5,13","0,44","0,00","6,86","9,89","0,37","-4,87","-14,25","-2,05","-5,74","-5,74","0,00","8,08","11,65","0,44",3940.0,4840.0,0.129,BRAP4
40,31/12/2014,"38,89","0,44","0,00","6,60",NA,"0,37","68,52","-14,84","-2,05","80,82","80,82","0,00","7,78",NA,"0,44",3800.0,4650.0,0.152,BRAP4
41,30/09/2014,"-10,71","0,52","0,00","11,47","11,47","0,44","-9,61","203,22","-3,06","-11,10","-11,10","0,00","13,25","13,25","0,51",4720.0,5640.0,0.12279999999999999,BRAP4
42,30/06/2014,"160,88","0,84","0,00","13,23","13,23","0,69","57,53","6,06","-10,67","60,09","60,09","0,00","13,81","13,81","0,72",7090.0,7840.0,0.07150000000000001,BRAP4
43,31/03/2014,"-97,34","0,78","0,00","17,08","17,08","0,65","1.537,89","6,38","-9,78","1.631,55","1.631,55","0,00","18,12","18,12","0,69",6760.0,7570.0,0.0753,BRAP4
44,31/12/2013,"-140,16","0,74","0,00","16,12","16,12","0,62","341,27","6,17","-9,03","362,49","362,49","0,00","17,13","17,13","0,65",6320.0,7100.0,0.0712,BRAP4
45,30/09/2013,"17,20","0,86","0,00","17,41","17,41","0,73","15,67","6,93","-16,07","16,08","16,08","0,00","17,86","17,86","0,75",8119.999999999999,8870.0,0.055,BRAP4
46,30/06/2013,"36,50","0,93","0,00","17,57","17,57","0,79","30,64","48,20","-5,61","31,18","31,18","0,00","17,88","17,88","0,80",8340.0,9080.0,0.051,BRAP4
47,31/03/2013,"18,14","0,87","0,00","14,61","14,61","0,74","15,15","-107,00","-4,53","15,99","15,99","0,00","15,42","15,42","0,78",7920.0,8630.0,0.0556,BRAP4
48,31/12/2012,"19,25","0,98","0,00","16,47","16,47","0,83","16,09","-71,42","-4,90","17,31","17,31","0,00","17,72","17,72","0,89",9180.0,9870.0,0.0706,BRAP4
49,30/09/2012,"7,68","1,00","0,00","18,52","18,52","0,85","7,14","-101,10","-5,09","7,64","7,64","0,00","19,81","19,81","0,90",9930.0,10600.0,0.0653,BRAP4
50,30/06/2012,"6,80","1,09","0,00","15,60","15,60","0,91","6,38","24,67","-7,28","6,88","6,88","0,00","16,83","16,83","0,98",10590.0,11260.0,0.0655,BRAP4
51,31/03/2012,"6,28","1,24","0,00","17,32","17,32","1,01","5,81","624,64","-5,40","6,23","6,23","0,00","18,59","18,59","1,08",11410.0,12020.0,0.0611,BRAP4
52,31/12/2011,"6,11","1,42","0,00","19,38","19,38","1,15","5,70","-287,43","-5,86","6,13","6,13","0,00","20,83","20,83","1,24",12700.0,13290.0,0.0481,BRAP4
53,30/09/2011,"5,88","1,40","2,52","5,38","11,11","1,19","4,27","48,82","-9,44","4,63","4,15","2,74","5,84","12,07","1,29",12640.0,13240.0,0.0487,BRAP4
54,30/06/2011,"5,37","1,55","2,48","5,56","12,13","1,29","3,98","-34,65","-6,30","4,33","3,90","2,70","6,05","13,20","1,40",12320.0,13050.0,0.042300000000000004,BRAP4
55,31/03/2011,"5,79","1,73","2,38","5,05","9,20","0,88","4,25","6,18","-2,52","4,26","3,84","2,39","5,06","9,23","0,88",13510.0,12940.0,0.0394,BRAP4
56,31/12/2010,"8,35","2,17","3,04","7,00","15,76","1,03","5,99","7,84","-2,61","7,02","6,18","3,57","8,20","18,47","1,21",14760.0,17230.0,0.0242,BRAP4
57,30/09/2010,"11,47","2,53","3,96","10,70","17,41","1,21","8,52","24,57","-2,57","8,37",NA,"3,89","10,51","17,10","1,19",15670.0,15360.0,0.0227,BRAP4
58,30/06/2010,"14,14","2,35","4,10","15,19","25,12","1,07","10,44","12,40","-2,34","10,46",NA,"4,11","15,22","25,17","1,07",13260.0,13240.0,0.027200000000000002,BRAP4
59,31/03/2010,"12,80","2,32","4,39","19,28","38,23","1,06","9,28","9,00","-2,48","8,79",NA,"4,16","18,27","36,23","1,00",12270.0,11650.0,0.0292,BRAP4
60,31/12/2009,"16,09","3,04","5,44","20,77","38,05","1,38","11,40","10,99","-3,28","12,79",NA,"6,10","23,31","42,69","1,55",14980.0,17200.0,0.0265,BRAP4
61,30/09/2009,"15,78","2,48","0,00","20,90","20,90","2,10","13,82","71,81","-16,99","14,51",NA,"0,00","21,94","21,94","2,21",13080.0,13620.0,0.0313,BRAP4
62,30/06/2009,"7,70","2,00","0,00","15,69","15,69","1,71","7,01","-18,99","-7,33","6,79",NA,"0,00","15,20","15,20","1,66",10150.0,9960.0,0.0432,BRAP4
63,31/03/2009,"8,23","1,89","0,00","21,02","21,02","1,42","7,60","-18,71","-4,44","7,67",NA,"0,00","21,19","21,18","1,44",9180.0,9570.0,0.046799999999999994,BRAP4
64,31/12/2008,"7,11","1,62","1,95","3,95","8,52","0,67","5,42","6,43","-1,39","5,72",NA,"2,06","4,17","8,99","0,71",7730.0,8450.0,0.0495,BRAP4
65,30/09/2008,"4,94","1,33","0,00",NA,NA,"1,02","4,91","-6,42","-2,57","4,58",NA,"0,00",NA,NA,"0,95",6570.0,6180.0,0.059800000000000006,BRAP4
66,30/06/2008,"12,34","2,52","0,00",NA,NA,"2,46","12,72","36,89","58,61","12,37",NA,"0,00",NA,NA,"2,39",10800.0,10500.0,0.028300000000000002,BRAP4
67,31/03/2008,"19,43","4,58","0,00",NA,NA,"4,28","19,87","114,41","-157,69","19,47",NA,"0,00",NA,NA,"4,20",18120.0,17810.0,0.0168,BRAP4
68,31/12/2007,"14,82","4,17","4,38",NA,NA,"1,91","10,52","33,25","-3,96","11,61",NA,"4,84",NA,NA,"2,11",16140.0,17730.0,0.017,BRAP4
69,30/09/2007,"8,25","2,21","0,00",NA,NA,"2,15","8,44","55,96","187,54","8,40",NA,"0,00",NA,NA,"2,14",8780.0,8640.0,0.0229,BRAP4
70,30/06/2007,"12,53","3,37","0,00",NA,NA,"3,27","12,92","80,96","272,60","12,96",NA,"0,00",NA,NA,"3,28",12620.0,12490.0,0.028900000000000002,BRAP4
71,31/03/2007,"14,46","3,84","0,00",NA,NA,"3,66","14,99","78,55","3.883,37","14,79",NA,"0,00",NA,NA,"3,62",13110.0,12930.0,0.0274,BRAP4
72,31/12/2006,"7,00","1,70","1,53",NA,NA,"0,67","4,28","5,69","-1,37","5,79",NA,"2,07",NA,NA,"0,90",5340.0,7230.0,0.0321,BRAP4
73,30/09/2006,"10,14","2,36","0,00",NA,NA,"2,29","10,43","29,14","46,54","10,08",NA,"0,00",NA,NA,"2,21",7640.0,7350.0,0.028900000000000002,BRAP4
74,30/06/2006,"9,18","2,20","0,00",NA,NA,"2,13","9,34","26,25","42,12","8,96",NA,"0,00",NA,NA,"2,04",6720.0,6440.0,0.035,BRAP4
75,31/03/2006,"11,51","2,64","0,00",NA,NA,"2,48","11,64","-136,93","-32,57","11,54",NA,"0,00",NA,NA,"2,46",7260.0,7240.0,0.0321,BRAP4
76,31/12/2005,"9,63","2,32","2,00",NA,NA,"0,97","6,01","83,41","-1,69","7,48",NA,"2,49",NA,NA,"1,20",6090.0,7640.0,0.0168,BRAP4
77,30/09/2005,"8,69","1,83","0,00",NA,NA,"1,80","8,90","-295,06","-90,85","8,97",NA,"0,00",NA,NA,"1,82",4980.0,4970.0,0.037599999999999995,BRAP4
78,30/06/2005,"8,76","1,64","0,00",NA,NA,"1,62","9,02","106,33","3.207,04","9,00",NA,"0,00",NA,NA,"1,61",4180.0,4170.0,0.019799999999999998,BRAP4
79,31/03/2005,"5,39","0,73","0,00",NA,NA,"0,72","5,62","40,43","321,69","5,54",NA,"0,00",NA,NA,"0,71",1710.0,1700.0,0.0241,BRAP4
80,31/12/2004,"24,33","1,88","1,56",NA,NA,"0,72","5,45","10,51","-1,30","7,58",NA,"2,18",NA,NA,"1,00",4260.0,5870.0,0.0196,BRAP4
81,30/09/2004,"67,36","2,07","0,00",NA,NA,"2,00","78,97","-304,49","-49,45","78,93",NA,"0,00",NA,NA,"2,00",2450.0,2430.0,0.0,BRAP4
82,30/06/2004,"765.028,79","88.537,67","0,00",NA,NA,"87.365,78","819.210,60","-17.676.924,88","-4.806.008,75","786.981,05",NA,"0,00",NA,NA,"83.928,61",94160000.0,94160000.0,0.0,BRAP4
83,31/03/2004,"-94,10","1,61","0,00",NA,NA,"1,58","-62,49","-239,32","-74,80","-60,81",NA,"0,00",NA,NA,"1,54",1690.0,1690.0,0.0,BRAP4
84,31/12/2003,"-15,74","1,94","0,70",NA,NA,"0,35","3,16","4,43","-0,48","7,01",NA,"1,54",NA,NA,"0,78",1970.0,4580.0,0.0,BRAP4
85,30/09/2003,"2,43","1,18","0,00",NA,NA,"1,17","2,32","-2.324,92","-90,06","2,15",NA,"0,00",NA,NA,"1,08",1250.0,1240.0,0.0,BRAP4
86,30/06/2003,"4,90","1,09","0,00",NA,NA,"1,07","3,82","-603,93","-52,31","3,62",NA,"0,00",NA,NA,"1,02",1020.0,1010.0,0.0,BRAP4
87,31/03/2003,"-3,75","0,88","0,00",NA,NA,"0,87","-5,83","3.162,82","-123,07","-5,39",NA,"0,00",NA,NA,"0,81",895.66,892.69,0.0,BRAP4
88,31/12/2002,"-3,95","0,81","0,42",NA,NA,"0,13","1,30","14,23","-0,15","7,16",NA,"2,29",NA,NA,"0,70",888.0,5310.0,0.0,BRAP4
89,30/09/2002,"-0,82","1,22","0,00",NA,NA,"0,50","-0,95","7,87","-0,95","-0,80",NA,"0,00",NA,NA,"0,42",654.76,599.14,0.0,BRAP4
90,30/06/2002,"-1,04","0,99","0,00",NA,NA,"0,48","-1,23","8,48","-1,06","-1,06",NA,"0,00",NA,NA,"0,42",707.64,651.52,0.0,BRAP4
91,31/03/2002,"-6,98","0,68","0,00",NA,NA,"0,43","-24,76","10,53","-1,35","-23,32",NA,"0,00",NA,NA,"0,41",873.44,865.81,0.0,BRAP4
92,31/12/2001,"-9,63","0,81","0,56",NA,NA,"0,17","2,42","5,89","-0,22","10,11",NA,"2,35",NA,NA,"0,71",1090.0,4860.0,,BRAP4
93,31/03/2001,"80,86","0,95","0,00",NA,NA,"0,61","54,11","59,78","-1,77","50,87",NA,"0,00",NA,NA,"0,58",1350.0,1330.0,,BRAP4
94,31/12/2000,"11,96","1,05","0,90",NA,NA,"0,15","1,82","3,57","-0,18","8,00",NA,"3,94",NA,NA,"0,65",1030.0,4880.0,0.0,BRAP4
95,30/09/2000,"-10,61","1,25","0,00",NA,NA,"1,24","-10,46","-132,10","-64,64","-9,83",NA,"0,00",NA,NA,"1,17",1050.0,1050.0,0.0,BRAP4
96,30/06/2000,"-28,18","1,50","0,00",NA,NA,"1,50","-27,80","-351,90","-165,19","-27,02",NA,"0,00",NA,NA,"1,45",1380.0,1380.0,0.0,BRAP4
97,31/03/2000,"387,61","1,52","0,00",NA,NA,"1,52","387,61","0,00","0,00","367,76",NA,"0,00",NA,NA,"1,44",1440.0,1440.0,0.0,BRAP4
98,29/02/2000,"0,00","1,53","0,00",NA,NA,"0,25","0,00","-15,80","-0,29","0,00",NA,"0,00",NA,NA,"0,73",1440.0,4420.0,0.0,BRAP4
