,caixa_equivalentes_caixa,ativo_total,divida_curto_prazo,divida_longo_prazo,divida_bruta,divida_liquida,patrimonio_liquido,valor_patrimonial_acao,acoes_ordinarias,acoes_preferenciais,total,datas,tic
0,167.7,2640.0,240.38,494.59,734.97,567.27,1150.0,9.70,118.292.816,0,118.292.816,30/09/2024,AALR3
1,254.48,2690.0,273.79,567.38,841.17,586.69,1090.0,9.21,118.292.816,0,118.292.816,30/06/2024,AALR3
2,97.79,2570.0,255.89,611.85,867.74,769.95,969.19,8.19,118.292.816,0,118.292.816,31/03/2024,AALR3
3,218.6,2670.0,375.98,669.31,1050.0,826.69,917.46,7.76,118.292.816,0,118.292.816,31/12/2023,AALR3
4,294.61,2750.0,516.89,534.5,1050.0,756.77,1020.0,8.58,118.292.816,0,118.292.816,30/09/2023,AALR3
5,95.52,2520.0,407.44,583.71,991.15,895.63,865.38,7.32,118.292.816,0,118.292.816,30/06/2023,AALR3
6,154.61,2570.0,405.23,609.61,1010.0,860.23,906.95,7.67,118.292.816,0,118.292.816,31/03/2023,AALR3
7,218.74,2620.0,424.49,610.47,1030.0,816.21,949.7,8.03,118.292.816,0,118.292.816,31/12/2022,AALR3
8,247.83,2630.0,314.72,595.44,910.16,662.33,1070.0,9.07,118.292.816,0,118.292.816,30/09/2022,AALR3
9,240.19,2570.0,307.01,501.79,808.8,568.61,1150.0,9.68,118.292.816,0,118.292.816,30/06/2022,AALR3
10,81.63,2540.0,284.61,476.95,761.56,679.93,1160.0,9.80,118.292.816,0,118.292.816,31/03/2022,AALR3
11,127.31,2540.0,366.56,411.43,777.99,650.68,1180.0,9.94,118.292.816,0,118.292.816,31/12/2021,AALR3
12,152.4,2600.0,355.11,412.42,767.53,615.13,1210.0,10.19,118.292.816,0,118.292.816,30/09/2021,AALR3
13,217.48,2630.0,237.11,549.07,786.18,568.7,1210.0,10.25,118.292.816,0,118.292.816,30/06/2021,AALR3
14,228.65,2570.0,276.5,515.15,791.65,563.0,1200.0,10.15,118.292.816,0,118.292.816,31/03/2021,AALR3
15,229.09,2540.0,262.98,530.86,793.84,564.75,1190.0,10.06,118.292.816,0,118.292.816,31/12/2020,AALR3
16,212.85,2550.0,390.22,411.89,802.1,589.25,1180.0,9.95,118.292.816,0,118.292.816,30/09/2020,AALR3
17,325.32,2620.0,547.7,354.04,901.73,576.41,1180.0,9.97,118.292.816,0,118.292.816,30/06/2020,AALR3
18,256.04,2620.0,458.08,365.48,823.56,567.52,1260.0,10.68,118.292.816,0,118.292.816,31/03/2020,AALR3
19,88.3,2400.0,249.78,364.99,614.77,526.47,1280.0,10.84,118.292.816,0,118.292.816,31/12/2019,AALR3
20,97.43,2470.0,267.26,375.05,642.31,544.88,1290.0,10.89,118.292.816,0,118.292.816,30/09/2019,AALR3
21,61.19,2420.0,257.87,341.65,599.53,538.34,1270.0,10.76,118.292.816,0,118.292.816,30/06/2019,AALR3
22,64.27,2430.0,238.73,369.53,608.26,544.0,1260.0,10.69,118.292.816,0,118.292.816,31/03/2019,AALR3
23,73.17,2210.0,232.56,372.95,605.51,532.35,1260.0,10.63,118.292.816,0,118.292.816,31/12/2018,AALR3
24,46.97,2260.0,223.49,395.15,618.64,571.67,1250.0,10.56,118.292.816,0,118.292.816,30/09/2018,AALR3
25,63.46,2260.0,206.5,402.71,609.21,545.75,1240.0,10.45,118.292.816,0,118.292.816,30/06/2018,AALR3
26,68.52,2270.0,201.43,429.91,631.34,562.81,1230.0,10.40,118.292.816,0,118.292.816,31/03/2018,AALR3
27,91.6,2280.0,167.04,432.21,599.25,507.66,1220.0,10.31,118.292.816,0,118.292.816,31/12/2017,AALR3
28,50.81,2310.0,267.89,246.08,513.96,463.16,1230.0,10.40,118.292.816,0,118.292.816,30/09/2017,AALR3
29,51.16,2270.0,230.07,267.42,497.5,446.34,1220.0,10.30,118.292.816,0,118.292.816,30/06/2017,AALR3
30,53.51,2220.0,208.76,275.33,484.09,430.58,1180.0,10.30,114.898.767,0,114.898.767,31/03/2017,AALR3
31,159.33,2170.0,202.83,302.82,505.65,346.31,1170.0,10.21,114.898.767,0,114.898.767,31/12/2016,AALR3
32,44.72,1930.0,190.56,361.74,552.3,507.58,880.69,8.81,49.923.660,50.032.820,99.956.480,30/09/2016,AALR3
33,23.85,1870.0,155.56,350.15,505.71,481.86,883.45,8.85,49.923.660,49.923.660,99.847.320,30/06/2016,AALR3
34,25.18,1840.0,149.67,346.54,496.2,471.02,893.45,8.95,49.923.660,49.923.660,99.847.320,31/03/2016,AALR3
35,21.92,1540.0,79.65,385.79,465.44,443.52,733.0,7.34,49.923.660,49.923.660,99.847.320,31/12/2015,AALR3
0,19780.0,147290.0,1210.0,2170.0,3380.0,-16400.0,98140.0,6.23,15.757.657.000,0,15.757.657.000,30/09/2024,ABEV3
1,14150.0,143440.0,1240.0,2210.0,3460.0,-10700.0,95260.0,6.05,15.757.657.000,0,15.757.657.000,30/06/2024,ABEV3
2,12840.0,133820.0,1650.0,2170.0,3820.0,-9030.0,86590.0,5.50,15.757.657.000,0,15.757.657.000,31/03/2024,ABEV3
3,16059.999999999998,132640.0,1300.0,2200.0,3500.0,-12560.0,78970.0,5.01,15.753.833.000,0,15.753.833.000,31/12/2023,ABEV3
4,17410.0,137910.0,1240.0,2480.0,3720.0,-13700.0,90250.0,5.73,15.753.833.000,0,15.753.833.000,30/09/2023,ABEV3
5,12120.0,133290.0,1320.0,2670.0,3990.0,-8119.999999999999,85070.0,5.40,15.753.833.000,0,15.753.833.000,30/06/2023,ABEV3
6,12210.0,135470.0,1140.0,2650.0,3790.0,-8420.0,85000.0,5.40,15.753.833.000,0,15.753.833.000,31/03/2023,ABEV3
7,14930.0,137960.0,982.57,2790.0,3770.0,-11160.0,81960.0,5.20,15.750.217.000,0,15.750.217.000,31/12/2022,ABEV3
8,17710.0,142060.0,761.51,2220.0,2980.0,-14730.0,90180.0,5.73,15.750.217.000,0,15.750.217.000,30/09/2022,ABEV3
9,14130.0,136630.0,894.36,2300.0,3200.0,-10930.0,86260.0,5.48,15.750.217.000,0,15.750.217.000,30/06/2022,ABEV3
10,12890.0,127400.0,815.86,2170.0,2990.0,-9900.0,78920.0,5.01,15.750.217.000,0,15.750.217.000,31/03/2022,ABEV3
11,16630.0,138600.0,847.12,2250.0,3100.0,-13530.0,82640.0,5.25,15.744.452.000,0,15.744.452.000,31/12/2021,ABEV3
12,17960.0,135130.0,889.26,2140.0,3030.0,-14930.0,86770.0,5.51,15.741.455.000,0,15.741.455.000,30/09/2021,ABEV3
13,13270.0,124440.0,854.76,2140.0,2990.0,-10280.0,78890.0,5.01,15.741.455.000,0,15.741.455.000,30/06/2021,ABEV3
14,17290.0,133420.0,2600.0,2430.0,5030.0,-12260.0,82040.0,5.21,15.739.243.000,0,15.739.243.000,31/03/2021,ABEV3
15,17090.0,125200.0,2740.0,2050.0,4790.0,-12300.0,73820.0,4.69,15.735.118.000,0,15.735.118.000,31/12/2020,ABEV3
16,21660.0,127060.0,4320.0,2540.0,6860.0,-14810.0,78010.0,4.96,15.735.118.000,0,15.735.118.000,30/09/2020,ABEV3
17,17440.0,121390.0,4120.0,2660.0,6780.0,-10660.0,73920.0,4.70,15.735.118.000,0,15.735.118.000,30/06/2020,ABEV3
18,13200.0,113690.0,780.09,2690.0,3470.0,-9730.0,70360.0,4.47,15.735.118.000,0,15.735.118.000,31/03/2020,ABEV3
19,11900.0,101740.0,653.15,2410.0,3060.0,-8840.0,61280.0,3.89,15.733.575.000,0,15.733.575.000,31/12/2019,ABEV3
20,15020.0,102480.0,1720.0,2370.0,4090.0,-10930.0,65750.0,4.18,15.733.575.000,0,15.733.575.000,30/09/2019,ABEV3
21,14230.0,98740.0,2560.0,2330.0,4900.0,-9340.0,61630.0,3.92,15.727.523.000,0,15.727.523.000,30/06/2019,ABEV3
22,12820.0,96910.0,2660.0,2430.0,5090.0,-7740.0,59110.0,3.76,15.726.842.000,0,15.726.842.000,31/03/2019,ABEV3
23,11460.0,94130.0,1560.0,862.14,2420.0,-9040.0,56340.0,3.58,15.722.147.000,0,15.722.147.000,31/12/2018,ABEV3
24,12230.0,95690.0,3740.0,1250.0,4980.0,-7250.0,58960.0,3.75,15.722.147.000,0,15.722.147.000,30/09/2018,ABEV3
25,10620.0,90920.0,3720.0,1140.0,4860.0,-5760.0,52260.0,3.32,15.722.147.000,0,15.722.147.000,30/06/2018,ABEV3
26,7950.0,82380.0,3280.0,1190.0,4470.0,-3490.0,48820.0,3.11,15.722.147.000,0,15.722.147.000,31/03/2018,ABEV3
27,10350.0,86850.0,1320.0,1230.0,2550.0,-7800.0,46010.0,2.93,15.717.615.000,0,15.717.615.000,31/12/2017,ABEV3
28,8340.0,83020.0,1970.0,1360.0,3330.0,-5010.0,47170.0,3.00,15.717.615.000,0,15.717.615.000,30/09/2017,ABEV3
29,8760.0,84120.0,3590.0,1330.0,4920.0,-3840.0,47770.0,3.04,15.717.615.000,0,15.717.615.000,30/06/2017,ABEV3
30,7230.0,80730.0,3470.0,1660.0,5130.0,-2100.0,46840.0,2.98,15.717.615.000,0,15.717.615.000,31/03/2017,ABEV3
31,7880.0,83840.0,3630.0,1770.0,5400.0,-2480.0,44830.0,2.85,15.717.615.000,0,15.717.615.000,31/12/2016,ABEV3
32,7290.0,79110.0,2520.0,1690.0,4210.0,-3080.0,47430.0,3.02,15.717.615.000,0,15.717.615.000,30/09/2016,ABEV3
33,5730.0,76660.0,1670.0,1970.0,3630.0,-2100.0,44300.0,2.82,15.717.615.000,0,15.717.615.000,30/06/2016,ABEV3
34,6010.0,80250.0,1670.0,2290.0,3960.0,-2050.0,47080.0,3.00,15.717.615.000,0,15.717.615.000,31/03/2016,ABEV3
35,13620.0,90180.0,1280.0,2320.0,3600.0,-10020.0,48330.0,3.08,15.717.615.000,0,15.717.615.000,31/12/2015,ABEV3
36,9680.0,88040.0,997.33,1990.0,2990.0,-6700.0,48270.0,3.07,15.717.615.000,0,15.717.615.000,30/09/2015,ABEV3
37,6900.0,74440.0,1060.0,1610.0,2670.0,-4230.0,44190.0,2.81,15.717.615.000,0,15.717.615.000,30/06/2015,ABEV3
38,6970.0,75100.0,994.52,1700.0,2690.0,-4280.0,44320.0,2.82,15.717.615.000,0,15.717.615.000,31/03/2015,ABEV3
39,9720.0,72140.0,988.06,1630.0,2620.0,-7100.0,42220.0,2.69,15.712.619.000,0,15.712.619.000,31/12/2014,ABEV3
40,5750.0,65129.99999999999,794.89,1720.0,2510.0,-3230.0,42400.0,2.70,15.699.508.000,0,15.699.508.000,30/09/2014,ABEV3
41,6270.0,62990.0,869.69,1790.0,2660.0,-3620.0,40810.0,2.60,15.670.883.000,0,15.670.883.000,30/06/2014,ABEV3
42,7300.0,63300.0,922.27,1830.0,2750.0,-4540.0,38920.0,2.48,15.666.170.000,0,15.666.170.000,31/03/2014,ABEV3
43,11290.0,68670.0,1040.0,1850.0,2890.0,-8390.0,42840.0,2.74,15.644.280.000,0,15.644.280.000,31/12/2013,ABEV3
44,4840.0,59620.0,897.85,2100.0,3000.0,-1840.0,38630.0,3.99,9.693.598.000,0,9.693.598.000,30/09/2013,ABEV3
45,4480.0,58740.0,897.0,2110.0,3010.0,-1470.0,26630.0,2.75,9.693.598.000,0,9.693.598.000,30/06/2013,ABEV3
46,74.2,1340.0,,,,-74.2,958.63,3.85,249.061.000,0,249.061.000,31/03/2013,ABEV3
47,48.16,1350.0,,,,-48.16,977.21,3.92,249.061.000,0,249.061.000,31/12/2012,ABEV3
0,21.14,314.21,,,,-21.14,247.46,3.92,63.085.000,0,63.085.000,30/09/2024,AFLT3
1,24.53,309.59,,,,-24.49,241.4,3.83,63.085.000,0,63.085.000,30/06/2024,AFLT3
2,13.75,298.41,,,,-13.66,261.49,4.15,63.085.000,0,63.085.000,31/03/2024,AFLT3
3,2.94,289.79,,,,-2.8,254.15,4.03,63.085.000,0,63.085.000,31/12/2023,AFLT3
4,11.97,312.77,,,,-11.78,261.6,0.41,630.850.000,0,630.850.000,30/09/2023,AFLT3
5,7.31,306.6,,,,-7.07,250.01,3.96,63.085.000,0,63.085.000,30/06/2023,AFLT3
6,19.17,308.21,,,,-18.89,271.17,4.30,63.085.000,0,63.085.000,31/03/2023,AFLT3
7,21.33,300.72,,,,-21.0,260.73,4.13,63.085.000,0,63.085.000,31/12/2022,AFLT3
8,31.32,314.64,,,,-30.93,271.49,4.30,63.085.000,0,63.085.000,30/09/2022,AFLT3
9,26.0,305.27,,,,-25.56,261.49,4.15,63.085.000,0,63.085.000,30/06/2022,AFLT3
10,20.61,280.18,,,,-20.13,256.22,4.06,63.085.000,0,63.085.000,31/03/2022,AFLT3
11,17.62,275.95,,,,-17.08,247.52,3.92,63.085.000,0,63.085.000,31/12/2021,AFLT3
12,19.76,196.43,,,,-19.17,178.67,2.83,63.085.000,0,63.085.000,30/09/2021,AFLT3
13,12.71,189.32,,,,-12.07,171.74,2.72,63.085.000,0,63.085.000,30/06/2021,AFLT3
14,35.14,211.45,,,,-34.46,193.54,3.07,63.085.000,0,63.085.000,31/03/2021,AFLT3
15,31.21,207.78,,,,-30.47,187.46,2.97,63.085.000,0,63.085.000,31/12/2020,AFLT3
16,36.66,210.5,,,,-35.87,186.71,2.96,63.085.000,0,63.085.000,30/09/2020,AFLT3
17,64.04,236.71,,,,-63.16,225.32,3.57,63.085.000,0,63.085.000,30/06/2020,AFLT3
18,57.77,230.89,,,1.07,-56.71,220.26,3.49,63.085.000,0,63.085.000,31/03/2020,AFLT3
19,51.75,225.66,,,1.25,-50.5,214.35,3.40,63.085.000,0,63.085.000,31/12/2019,AFLT3
20,52.48,227.66,,,1.43,-51.05,216.85,3.44,63.084.700,0,63.084.700,30/09/2019,AFLT3
21,44.07,218.33,,,1.61,-42.46,208.22,3.30,63.084.700,0,63.084.700,30/06/2019,AFLT3
22,38.32,212.93,,1.06,1.79,-36.52,202.19,3.21,63.085.000,0,63.085.000,31/03/2019,AFLT3
23,31.21,206.2,,1.25,1.98,-29.24,195.75,3.10,63.085.000,0,63.085.000,31/12/2018,AFLT3
24,31.58,62.46,,1.43,2.16,-29.42,51.84,0.82,63.085.000,0,63.085.000,30/09/2018,AFLT3
25,24.61,56.76,,1.61,2.34,-22.27,46.67,0.74,63.085.000,0,63.085.000,30/06/2018,AFLT3
26,25.19,58.53,,1.79,2.52,-22.67,43.02,0.68,63.085.000,0,63.085.000,31/03/2018,AFLT3
27,18.95,54.79,,1.97,2.71,-16.24,44.94,0.71,63.085.000,0,63.085.000,31/12/2017,AFLT3
28,14.26,52.5,,2.15,2.89,-11.37,42.74,0.68,63.085.000,0,63.085.000,30/09/2017,AFLT3
29,,57.8,,2.34,3.07,3.04,47.85,1.45,33.085.000,0,33.085.000,30/06/2017,AFLT3
30,42.79,93.0,,2.52,3.25,-39.54,52.06,0.83,63.085.000,0,63.085.000,31/03/2017,AFLT3
31,35.31,87.62,,2.7,3.43,-31.87,76.21,1.21,63.085.000,0,63.085.000,31/12/2016,AFLT3
32,33.69,83.44,,2.88,3.62,-30.07,74.74,1.18,63.085.000,0,63.085.000,30/09/2016,AFLT3
33,35.59,83.77,,3.06,3.77,-31.82,76.92,1.22,63.085.000,0,63.085.000,30/06/2016,AFLT3
34,46.15,91.9,,3.24,3.9,-42.24,81.83,1.30,63.085.000,0,63.085.000,31/03/2016,AFLT3
35,42.26,89.37,,3.43,4.04,-38.23,78.42,1.24,63.085.000,0,63.085.000,31/12/2015,AFLT3
36,40.86,86.61,,3.61,4.17,-36.7,79.33,1.26,63.085.000,0,63.085.000,30/09/2015,AFLT3
37,34.51,84.36,,3.76,4.3,-30.21,77.81,1.23,63.085.000,0,63.085.000,30/06/2015,AFLT3
38,35.51,88.01,,3.89,4.43,-31.08,80.87,1.28,63.085.000,0,63.085.000,31/03/2015,AFLT3
39,29.28,83.91,,4.02,4.56,-24.72,76.65,1.22,63.085.000,0,63.085.000,31/12/2014,AFLT3
40,36.19,90.63,,4.15,4.69,-31.5,73.91,1.17,63.085.000,0,63.085.000,30/09/2014,AFLT3
41,28.49,86.69,,2.68,3.21,-25.28,74.74,1.18,63.085.000,0,63.085.000,30/06/2014,AFLT3
42,33.42,86.96,,2.81,3.34,-30.08,81.88,1.30,63.085.000,0,63.085.000,31/03/2014,AFLT3
43,29.01,83.4,,2.94,3.47,-25.54,77.5,1.23,63.085.000,0,63.085.000,31/12/2013,AFLT3
44,23.51,78.19,,3.07,3.6,-19.91,72.79,1.15,63.095.000,0,63.095.000,30/09/2013,AFLT3
45,28.13,82.13,,3.2,3.73,-24.4,76.79,1.22,63.095.000,0,63.095.000,30/06/2013,AFLT3
46,40.96,94.91,,3.33,3.87,-37.09,84.27,1.34,63.085.000,0,63.085.000,31/03/2013,AFLT3
47,36.98,93.21,,3.47,4.0,-32.98,79.67,1.26,63.085.000,0,63.085.000,31/12/2012,AFLT3
48,35.76,86.75,,3.6,4.13,-31.63,80.4,1.27,63.085.000,0,63.085.000,30/09/2012,AFLT3
49,25.68,82.28,,3.73,4.25,-21.43,75.76,1.20,63.085.000,0,63.085.000,30/06/2012,AFLT3
50,27.28,97.97,,3.86,4.25,-23.03,86.26,1.37,63.085.000,0,63.085.000,31/03/2012,AFLT3
51,,92.6,,3.99,4.25,4.18,81.26,1.29,63.085.000,0,63.085.000,31/12/2011,AFLT3
52,34.31,86.45,,4.12,4.25,-30.06,80.19,1.27,63.085.000,0,63.085.000,30/09/2011,AFLT3
53,29.17,81.13,,4.21,4.25,-24.92,75.24,1.19,63.085.000,0,63.085.000,30/06/2011,AFLT3
54,43.52,92.28,,4.21,4.25,-39.27,81.73,1.30,63.085.000,0,63.085.000,31/03/2011,AFLT3
55,37.22,84.98,,,,-37.22,76.35,1.21,63.085.000,0,63.085.000,31/12/2010,AFLT3
56,32.26,78.34,,,,-32.26,76.88,1.22,63.085.000,0,63.085.000,30/09/2010,AFLT3
57,29.62,74.0,,,,-29.62,72.83,1.15,63.085.000,0,63.085.000,30/06/2010,AFLT3
58,28.01,77.17,,,,-28.01,75.84,1.20,63.085.000,0,63.085.000,31/03/2010,AFLT3
0,157.84,3860.0,291.95,891.13,1180.0,1030.0,2270.0,22.10,102.683.444,0,102.683.444,30/09/2024,AGRO3
1,170.95,3610.0,254.77,789.23,1040.0,873.05,2180.0,21.23,102.683.444,0,102.683.444,30/06/2024,AGRO3
2,201.15,3340.0,340.48,724.27,1060.0,863.6,1960.0,19.06,102.683.444,0,102.683.444,31/03/2024,AGRO3
3,196.11,3280.0,280.86,767.06,1050.0,851.81,1980.0,19.24,102.683.444,0,102.683.444,31/12/2023,AGRO3
4,344.64,3460.0,256.21,608.11,864.32,519.68,2250.0,21.92,102.683.444,0,102.683.444,30/09/2023,AGRO3
5,383.84,3510.0,253.72,618.26,871.97,488.13,2200.0,21.46,102.377.008,0,102.377.008,30/06/2023,AGRO3
6,225.04,3330.0,279.59,630.05,909.64,684.6,2040.0,19.91,102.377.008,0,102.377.008,31/03/2023,AGRO3
7,294.12,3370.0,269.52,613.98,883.49,589.38,2050.0,20.04,102.377.008,0,102.377.008,31/12/2022,AGRO3
8,435.84,3480.0,110.32,560.04,670.36,234.52,2270.0,22.21,102.377.008,0,102.377.008,30/09/2022,AGRO3
9,435.49,3350.0,141.99,560.2,702.19,266.7,2220.0,21.65,102.377.009,0,102.377.009,30/06/2022,AGRO3
10,584.26,3490.0,150.89,501.42,652.31,68.05,2470.0,24.12,102.377.008,0,102.377.008,31/03/2022,AGRO3
11,899.71,3630.0,289.23,497.87,787.1,-112.61,2450.0,23.95,102.377.008,0,102.377.008,31/12/2021,AGRO3
12,1190.0,3570.0,342.47,456.16,798.63,-394.15,2320.0,22.71,102.377.008,0,102.377.008,30/09/2021,AGRO3
13,1060.0,3430.0,352.59,509.59,862.18,-196.93,2180.0,21.32,102.377.008,0,102.377.008,30/06/2021,AGRO3
14,387.16,2860.0,391.51,279.89,671.4,284.23,1730.0,21.09,82.104.301,0,82.104.301,31/03/2021,AGRO3
15,163.82,2180.0,237.39,414.0,651.39,487.57,1150.0,18.48,62.104.301,0,62.104.301,31/12/2020,AGRO3
16,224.17,2140.0,237.54,384.67,622.22,398.05,1200.0,19.40,62.104.301,0,62.104.301,30/09/2020,AGRO3
17,171.05,2040.0,243.12,423.35,666.48,495.43,1120.0,18.06,62.104.301,0,62.104.301,30/06/2020,AGRO3
18,72.7,1930.0,164.15,461.44,625.58,552.88,1100.0,17.77,62.104.301,0,62.104.301,31/03/2020,AGRO3
19,89.61,1520.0,142.44,315.87,458.31,368.7,942.97,16.58,56.888.916,0,56.888.916,31/12/2019,AGRO3
20,112.46,1470.0,131.73,257.8,389.52,277.06,938.85,16.50,56.888.916,0,56.888.916,30/09/2019,AGRO3
21,106.63,1360.0,76.86,230.19,307.05,200.42,880.53,15.48,56.888.916,0,56.888.916,30/06/2019,AGRO3
22,55.0,1310.0,88.28,213.19,301.46,246.46,888.38,15.62,56.888.916,0,56.888.916,31/03/2019,AGRO3
23,66.24,1290.0,78.9,206.05,284.95,218.71,882.81,15.52,56.888.916,0,56.888.916,31/12/2018,AGRO3
24,67.83,1300.0,45.73,203.01,248.74,180.91,900.16,15.82,56.888.916,0,56.888.916,30/09/2018,AGRO3
25,104.31,1180.0,70.09,205.93,276.02,171.71,755.86,13.29,56.888.916,0,56.888.916,30/06/2018,AGRO3
26,16.78,975.08,89.58,86.86,176.44,159.66,716.98,12.60,56.888.916,0,56.888.916,31/03/2018,AGRO3
27,21.42,920.31,88.82,78.45,167.27,145.84,693.77,12.20,56.888.916,0,56.888.916,31/12/2017,AGRO3
28,27.01,885.41,54.84,51.83,106.67,79.65,684.07,12.02,56.888.916,0,56.888.916,30/09/2017,AGRO3
29,43.8,883.29,56.62,55.56,112.18,68.38,667.47,11.73,56.888.916,0,56.888.916,30/06/2017,AGRO3
30,18.61,848.55,54.4,65.55,119.95,101.35,656.97,11.55,56.888.916,0,56.888.916,31/03/2017,AGRO3
31,39.59,820.75,69.07,39.13,108.2,68.6,656.43,11.54,56.888.916,0,56.888.916,31/12/2016,AGRO3
32,52.33,852.82,56.67,40.38,97.04,44.72,691.54,12.16,56.888.916,0,56.888.916,30/09/2016,AGRO3
33,54.2,853.53,51.62,48.23,99.85,45.64,686.02,11.78,58.226.600,0,58.226.600,30/06/2016,AGRO3
34,90.92,896.65,54.24,48.52,102.75,11.83,733.36,12.59,58.226.600,0,58.226.600,31/03/2016,AGRO3
35,119.44,913.04,18.18,50.25,68.43,-51.02,774.82,13.31,58.226.600,0,58.226.600,31/12/2015,AGRO3
36,124.33,1000.0,15.06,51.21,66.27,-58.07,818.26,14.05,58.226.600,0,58.226.600,30/09/2015,AGRO3
37,75.62,1020.0,50.9,59.18,110.08,34.46,752.11,12.92,58.226.600,0,58.226.600,30/06/2015,AGRO3
38,34.67,867.51,66.36,67.57,133.93,99.26,634.12,10.89,58.226.600,0,58.226.600,31/03/2015,AGRO3
39,21.88,807.65,69.0,54.26,123.26,101.38,599.92,10.27,58.422.400,0,58.422.400,31/12/2014,AGRO3
40,28.56,790.38,39.42,51.94,91.36,62.8,592.93,10.15,58.422.400,0,58.422.400,30/09/2014,AGRO3
41,86.75,828.38,62.25,57.91,120.16,33.42,583.91,9.99,58.422.400,0,58.422.400,30/06/2014,AGRO3
42,44.19,809.97,61.23,57.79,119.02,74.83,581.77,9.96,58.422.400,0,58.422.400,31/03/2014,AGRO3
43,63.52,793.94,57.97,43.09,101.06,37.54,584.32,10.00,58.422.400,0,58.422.400,31/12/2013,AGRO3
44,111.01,759.22,45.47,51.31,96.78,-14.23,583.29,9.98,58.422.400,0,58.422.400,30/09/2013,AGRO3
45,75.69,770.83,44.93,56.92,101.85,26.16,586.99,10.05,58.422.400,0,58.422.400,30/06/2013,AGRO3
46,79.16,730.72,42.98,49.11,92.09,12.94,569.32,9.74,58.422.400,0,58.422.400,31/03/2013,AGRO3
47,44.57,729.16,29.89,49.58,79.46,34.89,573.08,9.81,58.422.400,0,58.422.400,31/12/2012,AGRO3
48,53.82,729.37,39.19,52.63,91.82,38.0,556.5,9.53,58.422.400,0,58.422.400,30/09/2012,AGRO3
49,67.46,735.76,43.07,51.29,94.36,26.9,558.97,9.57,58.422.400,0,58.422.400,30/06/2012,AGRO3
50,99.7,748.48,31.59,52.37,83.96,-15.74,583.63,9.99,58.422.400,0,58.422.400,31/03/2012,AGRO3
51,88.3,735.27,16.9,53.51,70.41,-17.89,586.48,10.04,58.422.400,0,58.422.400,31/12/2011,AGRO3
52,121.73,763.29,44.57,58.75,103.33,-18.41,587.26,10.05,58.422.400,0,58.422.400,30/09/2011,AGRO3
53,135.62,751.27,37.9,55.44,93.34,-42.28,570.32,9.76,58.422.400,0,58.422.400,30/06/2011,AGRO3
54,138.79,739.88,33.85,55.93,89.78,-49.01,459.36,7.86,58.422.400,0,58.422.400,31/03/2011,AGRO3
55,150.36,713.39,4.35,59.34,63.69,-86.68,449.31,7.69,58.422.400,0,58.422.400,31/12/2010,AGRO3
56,176.75,713.59,30.51,51.41,81.92,-94.83,446.77,7.65,58.422.400,0,58.422.400,30/09/2010,AGRO3
57,206.2,733.8,28.69,49.3,77.99,-128.21,560.92,9.60,58.422.400,0,58.422.400,30/06/2010,AGRO3
58,219.6,727.7,28.27,31.5,59.77,-159.83,575.98,9.86,58.422.400,0,58.422.400,31/03/2010,AGRO3
59,224.22,681.3,3.46,31.04,34.49,-189.73,576.8,9.87,58.422.400,0,58.422.400,31/12/2009,AGRO3
60,203.9,669.25,2.51,9.17,11.68,-192.22,577.71,9.89,58.422.400,0,58.422.400,30/09/2009,AGRO3
61,264.37,679.0,15.49,9.76,25.25,-239.12,576.75,9.87,58.422.400,0,58.422.400,30/06/2009,AGRO3
62,254.66,697.98,15.24,9.78,25.01,-229.65,575.03,9.84,58.422.400,0,58.422.400,31/03/2009,AGRO3
63,267.49,702.05,14.23,10.64,24.86,-242.62,570.57,9.77,58.422.400,0,58.422.400,31/12/2008,AGRO3
64,311.49,710.12,1.42,7.42,8.84,-302.64,575.9,9.86,58.422.400,0,58.422.400,30/09/2008,AGRO3
65,331.76,715.71,,1.34,1.77,-329.99,586.93,10.05,58.422.400,0,58.422.400,30/06/2008,AGRO3
66,396.81,718.38,,1.69,1.69,-395.12,575.46,9.85,58.422.400,0,58.422.400,31/03/2008,AGRO3
67,443.52,745.57,,1.61,1.61,-441.91,573.68,9.82,58.422.400,0,58.422.400,31/12/2007,AGRO3
68,476.91,703.41,,1.51,1.51,-475.4,574.8,983.87,584.224,0,584.224,30/09/2007,AGRO3
69,501.73,674.52,,,,-501.73,574.79,983.85,584.224,0,584.224,30/06/2007,AGRO3
70,527.71,638.34,,,,-527.71,577.39,988.29,584.224,0,584.224,31/03/2007,AGRO3
71,536.85,609.92,,,,-536.85,,NA,584.224,0,584.224,31/12/2006,AGRO3
72,556.28,574.36,,,,-556.28,566.82,970.20,584.224,0,584.224,30/09/2006,AGRO3
73,537.55,554.96,,,,-537.55,553.31,947.09,584.224,0,584.224,30/06/2006,AGRO3
74,,2.57,,,,,,1.00,785.000,0,785.000,31/03/2006,AGRO3
75,,1.76,,,,,,1.00,347.360,0,347.360,31/12/2005,AGRO3
0,393.26,6510.0,806.93,635.08,1440.0,1050.0,705.14,2.77,254.543.576,0,254.543.576,30/06/2024,AGXY3
1,352.59,7990.0,874.13,616.23,1490.0,1140.0,838.1,4.91,170.824.989,0,170.824.989,31/03/2024,AGXY3
2,738.31,7710.0,1540.0,96.12,1640.0,901.7,1110.0,6.52,170.824.989,0,170.824.989,31/12/2023,AGXY3
3,607.77,7830.0,1500.0,273.62,1770.0,1170.0,1020.0,6.00,170.824.989,0,170.824.989,30/09/2023,AGXY3
4,873.15,8760.0,1530.0,576.06,2110.0,1240.0,1060.0,6.18,170.824.989,0,170.824.989,30/06/2023,AGXY3
5,624.27,11110.0,1530.0,481.11,2009.9999999999998,1390.0,1440.0,8.45,170.824.989,0,170.824.989,31/03/2023,AGXY3
6,1080.0,9910.0,1620.0,442.42,2060.0,981.62,1490.0,8.69,170.824.989,0,170.824.989,31/12/2022,AGXY3
7,743.16,8710.0,1350.0,593.54,1950.0,1200.0,1280.0,7.51,170.824.989,0,170.824.989,30/09/2022,AGXY3
8,390.36,7840.0,1440.0,309.0,1750.0,1360.0,1260.0,7.35,170.824.989,0,170.824.989,30/06/2022,AGXY3
9,510.31,8980.0,1280.0,319.06,1600.0,1090.0,1400.0,8.20,170.824.989,0,170.824.989,31/03/2022,AGXY3
10,643.56,6770.0,1050.0,345.22,1390.0,746.92,1460.0,8.54,170.824.989,0,170.824.989,31/12/2021,AGXY3
11,541.39,5970.0,823.48,515.48,1340.0,797.57,1360.0,7.99,170.824.989,0,170.824.989,30/09/2021,AGXY3
12,269.6,4510.0,882.2,207.87,1090.0,820.46,988.8,6.80,145.370.444,0,145.370.444,30/06/2021,AGXY3
13,221.26,5410.0,751.07,172.94,924.01,702.74,986.33,6.95,141.968.923,0,141.968.923,31/03/2021,AGXY3
14,301.11,4260.0,841.78,66.49,908.27,607.16,1020.0,7.34,138.328.524,0,138.328.524,31/12/2020,AGXY3
15,60.51,1350.0,330.18,55.34,385.51,325.0,185.77,1.03,181.027.330,0,181.027.330,30/09/2020,AGXY3
16,39.33,1200.0,243.61,104.49,348.09,308.77,187.79,1.04,181.027.330,0,181.027.330,30/06/2020,AGXY3
17,134.51,1570.0,179.11,134.85,313.96,179.45,189.79,1.05,181.027.330,0,181.027.330,31/03/2020,AGXY3
18,118.92,1410.0,208.9,65.06,273.96,155.04,192.06,1.06,181.027.330,0,181.027.330,31/12/2019,AGXY3
0,73.5,515.82,1.57,3.05,4.62,-68.88,160.22,18.76,8.407.000,135.000,8.542.000,30/09/2024,AHEB3
1,86.06,509.84,1.17,2.1,3.27,-82.8,134.28,15.72,8.407.000,135.000,8.542.000,30/06/2024,AHEB3
2,112.75,513.38,1.15,2.4,3.55,-109.2,113.78,13.32,8.407.000,135.000,8.542.000,31/03/2024,AHEB3
3,58.01,449.98,,2.98,3.83,-54.18,80.54,9.43,8.407.000,135.000,8.542.000,31/12/2023,AHEB3
4,6.9,371.54,1.12,2.98,4.1,-2.8,16.7,1.96,8.407.000,135.000,8.542.000,30/09/2023,AHEB3
5,36.88,367.48,1.1,3.27,4.37,-32.51,8.58,1.00,8.407.000,135.000,8.542.000,30/06/2023,AHEB3
6,44.99,361.86,1.17,3.55,4.72,-40.27,7.24,0.85,8.407.000,135.000,8.542.000,31/03/2023,AHEB3
7,46.93,331.42,1.07,3.83,4.9,-42.04,-5.69,-  0.67,8.407.000,135.000,8.542.000,31/12/2022,AHEB3
8,3.24,290.09,,3.35,4.05,,-80.88,-  9.47,8.407.000,136.000,8.543.000,30/09/2022,AHEB3
9,26.54,310.83,4.21,,4.21,-22.33,-66.64,-  7.80,8.407.000,136.000,8.543.000,30/06/2022,AHEB3
10,14.59,299.85,,,,-14.59,-58.87,-  6.89,8.407.000,136.000,8.543.000,31/03/2022,AHEB3
11,22.9,313.58,,,,-22.9,-70.71,-  8.28,8.407.000,136.000,8.543.000,31/12/2021,AHEB3
12,6.65,281.96,,,,-6.65,-48.06,-  5.63,8.407.000,136.000,8.543.000,30/09/2021,AHEB3
13,3.49,279.24,,,,-3.49,-42.76,-  5.00,8.407.000,136.000,8.543.000,30/06/2021,AHEB3
14,15.87,281.48,,,,-15.87,-25.05,-  2.93,8.407.000,136.000,8.543.000,31/03/2021,AHEB3
15,50.89,303.49,,,,-50.89,3.61,0.42,8.407.000,136.000,8.543.000,31/12/2020,AHEB3
16,20.53,257.29,,,,-20.53,12.17,1.42,8.407.000,136.000,8.543.000,30/09/2020,AHEB3
17,11.53,245.93,,,,-11.53,9.17,1.07,8.407.000,135.000,8.542.000,30/06/2020,AHEB3
18,25.71,268.0,,,,-25.71,21.68,2.88,7.390.000,131.000,7.521.000,31/03/2020,AHEB3
19,27.23,262.64,,,,-27.23,27.22,3.62,7.390.000,131.000,7.521.000,31/12/2019,AHEB3
20,10.76,240.83,,,,-10.76,14.71,1.96,7.390.000,131.000,7.521.000,30/09/2019,AHEB3
21,7.91,247.07,,,,-7.91,16.27,2.16,7.390.000,131.000,7.521.000,30/06/2019,AHEB3
22,7.99,245.57,,,,-7.99,17.34,2.31,7.390.000,131.000,7.521.000,31/03/2019,AHEB3
23,14.39,255.27,,,,-14.39,40.05,5.32,7.390.000,132.000,7.522.000,31/12/2018,AHEB3
24,19.07,268.9,,,,-19.07,70.73,9.40,7.390.000,132.000,7.522.000,30/09/2018,AHEB3
25,11.81,260.3,,,,-11.81,57.35,11.08,5.064.000,113.000,5.177.000,30/06/2018,AHEB3
26,28.67,277.92,,,,-28.67,71.83,13.88,5.064.000,113.000,5.177.000,31/03/2018,AHEB3
27,33.22,285.12,,,,-33.22,87.56,16.91,5.064.000,113.000,5.177.000,31/12/2017,AHEB3
28,6.8,268.15,,,,-6.8,47.87,9.25,5.064.000,113.000,5.177.000,30/09/2017,AHEB3
29,7.1,259.05,,,,-7.1,40.07,7.74,5.064.000,113.000,5.177.000,30/06/2017,AHEB3
30,16.35,264.02,,,,-16.35,38.83,7.50,5.064.000,113.000,5.177.000,31/03/2017,AHEB3
31,14.27,266.61,,,,-14.27,54.02,10.43,5.064.000,113.000,5.177.000,31/12/2016,AHEB3
32,1.41,271.48,,,,-1.41,103.78,20.05,5.064.000,113.000,5.177.000,30/09/2016,AHEB3
33,1.34,272.39,,,,-1.34,119.64,23.11,5.064.000,113.000,5.177.000,30/06/2016,AHEB3
34,19.66,282.22,,,,-19.66,101.59,19.62,5.064.000,113.000,5.177.000,31/03/2016,AHEB3
35,31.18,363.27,,,,-31.18,116.14,22.43,5.064.000,113.000,5.177.000,31/12/2015,AHEB3
36,28.65,477.13,,,,-28.65,123.18,23.79,5.064.000,113.000,5.177.000,30/09/2015,AHEB3
37,23.94,472.86,,,,-23.94,123.25,23.81,5.064.000,113.000,5.177.000,30/06/2015,AHEB3
38,35.82,486.9,,,,-35.82,84.32,16.29,5.064.000,113.000,5.177.000,31/03/2015,AHEB3
39,37.73,311.78,,,,-37.73,88.46,17.09,5.064.000,113.000,5.177.000,31/12/2014,AHEB3
40,25.43,299.96,,,,-25.43,72.86,14.07,5.064.000,113.000,5.177.000,30/09/2014,AHEB3
41,2.96,290.75,,,,-2.96,69.07,13.34,5.064.000,113.000,5.177.000,30/06/2014,AHEB3
42,2.36,303.29,,,,-2.36,71.82,15.71,4.460.000,113.000,4.573.000,31/03/2014,AHEB3
43,7.34,300.05,,,,-7.34,83.31,18.22,4.460.000,113.000,4.573.000,31/12/2013,AHEB3
44,9.14,298.22,,,,-9.14,68.46,14.97,4.460.000,113.000,4.573.000,30/09/2013,AHEB3
45,1.9,272.05,,,,-1.9,62.25,13.61,4.460.000,113.000,4.573.000,30/06/2013,AHEB3
46,1.91,274.49,,,,-1.91,65.69,14.36,4.460.000,113.000,4.573.000,31/03/2013,AHEB3
47,10.22,288.3,,,,-10.22,75.9,16.60,4.460.000,113.000,4.573.000,31/12/2012,AHEB3
48,2.81,283.86,,,,-2.81,56.5,12.35,4.460.000,114.000,4.574.000,30/09/2012,AHEB3
49,1.88,272.51,,,,-1.88,60.47,13.28,4.455.000,98.000,4.553.000,30/06/2012,AHEB3
50,7.16,267.91,,,,-7.16,70.87,15.56,4.455.000,98.000,4.553.000,31/03/2012,AHEB3
51,10.95,278.92,,,,-10.95,78.6,18.74,4.080.000,114.000,4.194.000,31/12/2011,AHEB3
52,7.46,282.51,,,,-7.46,74.59,17.78,4.080.000,114.000,4.194.000,30/09/2011,AHEB3
53,7.46,282.51,,,,-7.46,74.59,17.78,4.080.000,114.000,4.194.000,30/06/2011,AHEB3
54,5.69,275.11,,,,-5.69,69.79,16.64,4.080.000,114.000,4.194.000,31/03/2011,AHEB3
55,13.38,287.45,,,,-13.38,77.9,18.57,4.080.000,114.000,4.194.000,31/12/2010,AHEB3
56,17.66,317.77,,,,-17.66,69.89,16.64,4.081.000,118.000,4.199.000,30/09/2010,AHEB3
57,6.88,279.4,,,,-6.88,69.4,16.63,4.076.000,98.000,4.174.000,30/06/2010,AHEB3
58,8.24,270.18,,,,-8.24,64.06,15.26,4.081.000,117.000,4.198.000,31/03/2010,AHEB3
59,18.95,287.73,1.02,42.75,43.77,24.82,70.39,16.78,4.080.000,114.000,4.194.000,31/12/2009,AHEB3
60,18.51,285.91,1.02,42.38,43.4,24.88,56.32,13.42,4.081.000,117.000,4.198.000,30/09/2009,AHEB3
61,8.3,271.73,,42.52,43.06,34.76,56.51,13.46,4.081.000,117.000,4.198.000,30/06/2009,AHEB3
62,17.39,267.37,,42.15,42.7,25.3,56.54,13.47,4.081.000,117.000,4.198.000,31/03/2009,AHEB3
63,22.54,273.6,,42.05,42.6,20.06,61.33,14.61,4.081.000,117.000,4.198.000,31/12/2008,AHEB3
64,21.57,299.47,,41.96,42.44,20.86,59.23,61.26,850.000,117.000,967.000,30/09/2008,AHEB3
65,24.42,272.62,,41.62,42.09,17.67,56.29,58.21,850.000,117.000,967.000,30/06/2008,AHEB3
66,32.87,270.3,,41.46,41.93,9.06,56.74,58.67,850.000,117.000,967.000,31/03/2008,AHEB3
67,32.87,270.3,,41.46,41.93,9.06,56.74,58.67,850.000,117.000,967.000,31/12/2007,AHEB3
68,3.26,240.76,,41.01,41.48,38.22,40.21,41.58,850.000,117.000,967.000,30/09/2007,AHEB3
69,1.81,237.3,,40.68,41.16,39.34,42.85,44.31,850.000,117.000,967.000,30/06/2007,AHEB3
70,2.94,239.75,,40.33,40.8,37.87,44.12,45.63,850.000,117.000,967.000,31/03/2007,AHEB3
71,3.61,242.16,,39.96,40.43,36.83,46.6,48.19,850.000,117.000,967.000,31/12/2006,AHEB3
72,20.29,205.11,,39.54,40.01,19.73,-4.02,-  4.16,850.000,117.000,967.000,30/09/2006,AHEB3
73,4.25,183.27,,39.11,39.58,35.33,-3.07,-  3.17,850.000,117.000,967.000,30/06/2006,AHEB3
74,4.25,183.27,,39.11,39.58,35.33,-3.07,-  3.17,850.000,117.000,967.000,31/03/2006,AHEB3
75,5.5,190.39,,38.11,38.58,33.08,10.74,11.10,850.000,117.000,967.000,31/12/2005,AHEB3
76,5.5,190.39,,38.11,38.58,33.08,10.74,11.10,850.000,117.000,967.000,30/09/2005,AHEB3
77,2.19,193.69,,36.88,37.35,35.16,21.3,22.03,850.000,117.000,967.000,30/06/2005,AHEB3
78,2.0,195.39,,36.29,36.76,34.76,23.75,24.56,850.000,117.000,967.000,31/03/2005,AHEB3
79,2.94,184.84,,35.7,36.18,33.24,28.88,29.87,850.000,117.000,967.000,31/12/2004,AHEB3
80,3.2,183.68,,34.66,35.13,31.94,41.98,43.41,850.000,117.000,967.000,30/09/2004,AHEB3
81,2.91,185.51,,33.98,34.45,31.55,43.56,45.05,850.000,117.000,967.000,30/06/2004,AHEB3
82,,169.37,,33.43,33.91,33.1,34.17,35.34,850.000,117.000,967.000,31/03/2004,AHEB3
83,,174.2,,33.03,33.51,33.11,41.34,42.75,850.000,117.000,967.000,31/12/2003,AHEB3
84,1.99,177.11,,32.47,32.96,30.98,58.97,60.98,850.000,117.000,967.000,30/09/2003,AHEB3
85,6.56,174.61,,27.37,27.85,21.3,61.59,63.69,850.000,117.000,967.000,30/06/2003,AHEB3
86,5.96,172.84,,26.44,26.92,20.96,63.67,65.84,850.000,117.000,967.000,31/03/2003,AHEB3
87,4.65,171.56,,,,-4.65,69.83,72.21,850.000,117.000,967.000,31/12/2002,AHEB3
88,6.25,169.0,,,,-6.25,74.58,77.12,850.000,117.000,967.000,30/09/2002,AHEB3
89,4.42,164.79,,,,-4.42,75.39,77.97,850.000,117.000,967.000,30/06/2002,AHEB3
90,5.82,163.92,,,,-5.82,66.08,68.34,850.000,117.000,967.000,31/03/2002,AHEB3
91,2.86,165.07,,,,-2.86,68.14,70.46,850.000,117.000,967.000,31/12/2001,AHEB3
92,2.91,160.82,,,,-2.91,64.75,66.96,850.000,117.000,967.000,30/09/2001,AHEB3
93,2.91,160.82,,,,-2.91,64.75,66.96,850.000,117.000,967.000,30/06/2001,AHEB3
94,2.35,160.01,,,,-2.35,65.02,67.24,850.000,117.000,967.000,31/03/2001,AHEB3
95,2.05,160.43,,,,-2.05,65.42,67.65,850.000,117.000,967.000,31/12/2000,AHEB3
96,,73.59,,,,,-4.1,-  4.24,850.000,117.000,967.000,30/09/2000,AHEB3
97,,73.83,,,,,-2.07,-  2.14,850.000,117.000,967.000,30/06/2000,AHEB3
98,1.39,77.11,,,,-1.39,,0.65,850.000,117.000,967.000,31/03/2000,AHEB3
0,1420.0,6620.0,237.26,1140.0,1370.0,-45.16,3960.0,5.79,339.510.689,343.551.533,683.062.222,30/09/2024,ALPA3
1,1280.0,6560.0,222.73,1190.0,1420.0,140.69,3900.0,5.71,339.510.689,343.551.533,683.062.222,30/06/2024,ALPA3
2,1270.0,6480.0,221.89,1350.0,1570.0,303.77,3780.0,5.54,339.510.689,343.551.533,683.062.222,31/03/2024,ALPA3
3,922.53,6330.0,127.44,1360.0,1490.0,563.08,3730.0,5.46,339.510.689,343.551.533,683.062.222,31/12/2023,ALPA3
4,694.18,7900.0,157.55,1370.0,1520.0,828.54,5390.0,7.89,339.510.689,343.551.533,683.062.222,30/09/2023,ALPA3
5,414.29,7770.0,333.62,1020.0,1350.0,936.86,5310.0,7.77,339.510.689,343.551.533,683.062.222,30/06/2023,ALPA3
6,480.86,8130.000000000001,363.62,1020.0,1380.0,901.11,5510.0,8.07,339.510.689,343.551.533,683.062.222,31/03/2023,ALPA3
7,647.52,8500.0,256.18,1020.0,1280.0,627.73,5760.0,8.43,339.510.689,343.551.533,683.062.222,31/12/2022,ALPA3
8,240.98,7910.0,361.35,19.72,381.07,140.08,5860.0,8.58,339.510.689,343.551.533,683.062.222,30/09/2022,ALPA3
9,273.1,7630.0,223.5,1.14,224.64,-48.46,5730.0,8.39,339.510.689,343.551.533,683.062.222,30/06/2022,ALPA3
10,1730.0,8890.0,116.64,1.85,118.49,-1620.0,5410.0,7.91,339.510.689,343.551.533,683.062.222,31/03/2022,ALPA3
11,583.18,8029.999999999999,107.9,2.61,110.5,-472.67,3400.0,5.77,302.010.689,286.051.533,588.062.222,31/12/2021,ALPA3
12,914.68,5340.0,188.13,60.3,248.44,-666.25,3340.0,5.76,302.010.657,277.007.759,579.018.416,30/09/2021,ALPA3
13,867.11,5070.0,174.35,68.0,242.35,-624.76,3170.0,5.47,302.010.657,277.007.759,579.018.416,30/06/2021,ALPA3
14,924.38,4850.0,168.72,75.7,244.42,-679.96,3070.0,5.23,302.010.689,286.051.533,588.062.222,31/03/2021,ALPA3
15,693.0,4810.0,139.99,103.87,243.86,-449.14,2950.0,5.01,302.010.689,286.051.533,588.062.222,31/12/2020,ALPA3
16,1970.0,6090.0,1380.0,295.01,1670.0,-300.09,2880.0,4.90,302.010.689,286.051.533,588.062.222,30/09/2020,ALPA3
17,2440.0,6650.0,2000.0,500.88,2500.0,59.83,2850.0,4.85,302.010.689,286.051.533,588.062.222,30/06/2020,ALPA3
18,1420.0,5250.0,907.39,195.66,1100.0,-312.13,2780.0,4.73,302.010.689,286.051.533,588.062.222,31/03/2020,ALPA3
19,566.26,4520.0,176.93,101.83,278.75,-287.51,2640.0,4.49,302.010.689,286.051.533,588.062.222,31/12/2019,ALPA3
20,390.24,4360.0,224.75,207.99,432.75,42.51,2540.0,4.31,302.010.689,286.051.533,588.062.222,30/09/2019,ALPA3
21,617.91,4320.0,282.98,214.16,497.14,-120.77,2460.0,4.18,302.010.689,286.051.533,588.062.222,30/06/2019,ALPA3
22,466.21,4210.0,360.71,220.33,581.05,114.84,2420.0,4.12,302.010.689,286.051.533,588.062.222,31/03/2019,ALPA3
23,518.78,3980.0,382.26,230.68,612.93,94.15,2380.0,5.06,241.608.551,228.841.226,470.449.777,31/12/2018,ALPA3
24,553.08,3890.0,271.56,328.39,599.95,46.87,2250.0,4.78,241.608.551,228.841.226,470.449.777,30/09/2018,ALPA3
25,579.38,3680.0,282.51,334.92,617.43,38.05,2130.0,4.53,241.608.551,228.841.226,470.449.777,30/06/2018,ALPA3
26,695.84,3770.0,257.29,341.38,598.67,-97.17,2160.0,4.59,241.608.551,228.841.226,470.449.777,31/03/2018,ALPA3
27,629.24,3850.0,408.94,324.7,733.64,104.41,2190.0,4.65,241.609.000,228.841.000,470.450.000,31/12/2017,ALPA3
28,338.51,3640.0,562.89,,562.89,224.38,2180.0,4.63,241.609.000,228.841.000,470.450.000,30/09/2017,ALPA3
29,370.16,3710.0,384.29,187.54,571.84,201.67,2160.0,4.59,241.609.000,228.841.000,470.450.000,30/06/2017,ALPA3
30,449.87,3730.0,215.69,373.19,588.88,139.02,2130.0,4.52,241.609.000,228.841.000,470.450.000,31/03/2017,ALPA3
31,391.35,3780.0,209.91,382.77,592.67,201.33,1980.0,4.20,241.609.000,228.841.000,470.450.000,31/12/2016,ALPA3
32,319.8,3690.0,183.73,332.86,516.59,196.8,1960.0,4.16,241.609.000,228.841.000,470.450.000,30/09/2016,ALPA3
33,482.46,3780.0,341.13,341.3,682.44,199.97,1900.0,4.03,241.609.000,228.841.000,470.450.000,30/06/2016,ALPA3
34,341.33,3680.0,402.88,168.97,571.85,230.53,1900.0,4.05,241.609.000,228.841.000,470.450.000,31/03/2016,ALPA3
35,394.93,3760.0,495.24,177.45,672.69,277.77,1840.0,3.91,241.609.000,228.841.000,470.450.000,31/12/2015,ALPA3
36,359.48,3950.0,338.58,187.64,526.22,166.75,1920.0,4.09,241.609.000,228.841.000,470.450.000,30/09/2015,ALPA3
37,262.08,3660.0,328.18,177.24,505.42,243.34,1960.0,4.16,241.609.000,228.841.000,470.450.000,30/06/2015,ALPA3
38,435.68,3860.0,388.62,184.69,573.31,137.62,1960.0,4.16,241.609.000,228.841.000,470.450.000,31/03/2015,ALPA3
39,316.61,3650.0,295.93,218.07,514.0,197.39,2000.0,4.25,241.609.000,228.841.000,470.450.000,31/12/2014,ALPA3
40,389.34,3230.0,201.96,197.51,399.47,10.13,1900.0,4.05,241.609.000,228.841.000,470.450.000,30/09/2014,ALPA3
41,384.25,3320.0,164.79,236.47,401.26,17.01,1870.0,3.98,241.609.000,228.841.000,470.450.000,30/06/2014,ALPA3
42,277.65,3430.0,244.85,280.51,525.36,247.71,1900.0,4.44,219.644.000,208.038.000,427.682.000,31/03/2014,ALPA3
43,134.68,3360.0,275.31,281.52,556.83,422.15,1830.0,4.29,219.644.000,208.038.000,427.682.000,31/12/2013,ALPA3
44,160.23,3320.0,263.22,258.19,521.41,361.18,1780.0,4.15,219.644.000,208.038.000,427.682.000,30/09/2013,ALPA3
45,194.04,3110.0,222.97,166.58,389.55,195.51,1750.0,4.08,219.644.000,208.038.000,427.682.000,30/06/2013,ALPA3
46,191.22,2980.0,204.63,125.54,330.17,138.95,1710.0,4.41,199.676.000,189.125.000,388.801.000,31/03/2013,ALPA3
47,122.83,2740.0,188.41,110.35,298.75,175.92,1660.0,4.26,199.676.000,189.125.000,388.801.000,31/12/2012,ALPA3
48,527.81,2760.0,185.04,114.26,299.29,-228.52,1620.0,4.16,199.676.000,189.125.000,388.801.000,30/09/2012,ALPA3
49,466.33,2610.0,146.72,88.82,235.53,-230.8,1570.0,4.04,199.676.000,189.125.000,388.801.000,30/06/2012,ALPA3
50,507.31,2520.0,149.96,91.56,241.52,-265.79,1530.0,4.33,181.524.000,171.932.000,353.456.000,31/03/2012,ALPA3
51,510.47,2440.0,180.08,55.86,235.93,-274.53,1480.0,4.18,181.524.000,171.932.000,353.456.000,31/12/2011,ALPA3
52,270.33,2470.0,255.63,61.74,317.37,47.04,1440.0,4.08,181.524.000,171.932.000,353.456.000,30/09/2011,ALPA3
53,284.4,2310.0,222.49,61.76,284.24,,1370.0,3.87,181.524.000,171.932.000,353.456.000,30/06/2011,ALPA3
54,284.4,2310.0,222.49,61.76,284.24,,1370.0,3.87,181.524.000,171.932.000,353.456.000,31/03/2011,ALPA3
55,482.49,2250.0,226.37,69.59,295.96,-186.53,1310.0,3.71,181.524.000,171.932.000,353.456.000,31/12/2010,ALPA3
56,452.2,2050.0,95.22,71.74,166.96,-285.24,1260.0,3.57,181.524.000,171.932.000,353.456.000,30/09/2010,ALPA3
57,428.23,1960.0,90.47,76.68,167.16,-261.08,1200.0,3.38,181.524.000,171.932.000,353.456.000,30/06/2010,ALPA3
58,428.23,1960.0,90.47,76.68,167.16,-261.08,1200.0,3.38,181.524.000,171.932.000,353.456.000,31/03/2010,ALPA3
59,306.61,1750.0,108.82,130.0,238.83,-67.79,1050.0,59.64,9.076.000,8.597.000,17.673.000,31/12/2009,ALPA3
60,253.21,1720.0,162.33,134.51,296.84,43.62,1000.0,56.60,9.076.000,8.597.000,17.673.000,30/09/2009,ALPA3
61,267.71,1720.0,221.24,146.55,367.79,100.08,958.18,54.22,9.076.000,8.597.000,17.673.000,30/06/2009,ALPA3
62,194.91,1790.0,230.9,160.84,391.73,196.83,969.92,54.88,9.076.000,8.597.000,17.673.000,31/03/2009,ALPA3
63,177.05,1800.0,182.78,186.49,369.27,192.23,971.19,54.95,9.076.000,8.597.000,17.673.000,31/12/2008,ALPA3
64,154.98,1470.0,92.52,174.63,267.15,112.17,860.05,48.66,9.076.000,8.597.000,17.673.000,30/09/2008,ALPA3
65,88.17,1320.0,64.94,115.18,180.12,91.95,867.11,49.06,9.076.000,8.597.000,17.673.000,30/06/2008,ALPA3
66,74.73,1340.0,59.57,120.91,180.48,105.75,874.91,48.54,9.091.000,8.932.000,18.023.000,31/03/2008,ALPA3
67,120.48,1340.0,52.16,118.34,170.5,50.02,880.43,48.85,9.091.000,8.932.000,18.023.000,31/12/2007,ALPA3
68,306.08,1230.0,23.85,79.51,103.36,-202.72,867.69,48.14,9.091.000,8.932.000,18.023.000,30/09/2007,ALPA3
69,278.93,1190.0,18.61,82.53,101.14,-177.79,842.65,46.75,9.091.000,8.932.000,18.023.000,30/06/2007,ALPA3
70,299.98,1180.0,4.54,85.56,90.1,-209.88,820.85,45.12,9.091.000,9.100.000,18.191.000,31/03/2007,ALPA3
71,256.44,1060.0,5.58,54.14,59.72,-196.72,757.56,41.64,9.091.000,9.100.000,18.191.000,31/12/2006,ALPA3
72,277.65,1050.0,3.98,54.52,58.5,-219.15,742.22,39.73,9.208.000,9.475.000,18.683.000,30/09/2006,ALPA3
73,277.65,1050.0,3.98,54.52,58.5,-219.15,742.22,39.73,9.208.000,9.475.000,18.683.000,30/06/2006,ALPA3
74,260.69,1120.0,47.03,68.08,115.11,-145.58,684.19,36.62,9.208.000,9.475.000,18.683.000,31/03/2006,ALPA3
75,299.51,1140.0,45.01,76.31,121.32,-178.19,655.15,35.07,9.208.000,9.475.000,18.683.000,31/12/2005,ALPA3
76,271.23,1140.0,36.15,87.57,123.72,-147.52,642.11,34.37,9.208.000,9.475.000,18.683.000,30/09/2005,ALPA3
77,218.27,1100.0,58.51,71.25,129.76,-88.51,607.13,31.13,9.210.000,10.293.000,19.503.000,30/06/2005,ALPA3
78,192.37,1080.0,58.65,77.59,136.24,-56.13,593.75,0.30,920.979.000,1.029.272.000,1.950.251.000,31/03/2005,ALPA3
79,189.65,1040.0,64.58,78.02,142.6,-47.05,554.29,0.28,920.979.000,1.029.272.000,1.950.251.000,31/12/2004,ALPA3
80,166.71,1010.0,81.67,64.4,146.08,-20.64,550.95,0.28,920.979.000,1.029.272.000,1.950.251.000,30/09/2004,ALPA3
81,150.58,977.49,88.32,82.62,170.95,20.37,517.67,0.27,920.979.000,1.029.272.000,1.950.251.000,30/06/2004,ALPA3
82,147.44,974.04,88.33,88.45,176.78,29.34,508.19,0.26,920.979.000,1.029.272.000,1.950.251.000,31/03/2004,ALPA3
83,156.15,906.45,84.67,80.07,164.74,8.59,493.28,0.25,920.979.000,1.029.272.000,1.950.251.000,31/12/2003,ALPA3
84,120.69,910.48,62.85,95.48,158.33,37.63,480.68,0.25,920.979.000,1.029.272.000,1.950.251.000,30/09/2003,ALPA3
85,86.05,877.42,82.35,79.18,161.53,75.48,467.55,0.24,920.979.000,1.029.272.000,1.950.251.000,30/06/2003,ALPA3
86,96.16,749.17,22.79,55.11,77.9,-18.26,452.27,0.23,920.979.000,1.029.272.000,1.950.251.000,31/03/2003,ALPA3
87,162.18,893.39,94.19,90.48,184.67,22.49,438.39,0.22,920.979.000,1.029.272.000,1.950.251.000,31/12/2002,ALPA3
88,103.75,731.06,23.27,70.17,93.44,-10.31,440.99,0.23,920.979.000,1.029.272.000,1.950.251.000,30/09/2002,ALPA3
89,61.37,672.8,19.79,47.35,67.14,5.77,435.0,0.22,920.979.000,1.029.272.000,1.950.251.000,30/06/2002,ALPA3
90,67.52,661.48,13.46,47.68,61.14,-6.38,427.25,0.22,920.979.000,1.029.272.000,1.950.251.000,31/03/2002,ALPA3
91,103.3,736.84,68.01,56.44,124.46,21.16,417.89,0.21,920.979.000,1.029.272.000,1.950.251.000,31/12/2001,ALPA3
92,89.96,613.44,23.86,49.69,73.54,-16.41,418.57,0.21,920.979.000,1.029.272.000,1.950.251.000,30/06/2001,ALPA3
93,108.62,621.03,28.11,49.94,78.05,-30.57,412.51,0.21,920.979.000,1.029.272.000,1.950.251.000,31/03/2001,ALPA3
94,134.37,687.79,75.94,59.37,135.31,,401.38,0.21,920.979.000,1.029.272.000,1.950.251.000,31/12/2000,ALPA3
95,76.1,559.9,25.79,47.24,73.02,-3.08,394.45,0.20,920.979.000,1.029.272.000,1.950.251.000,30/09/2000,ALPA3
96,71.26,543.3,24.11,48.17,72.28,1.02,377.38,0.19,920.979.000,1.029.272.000,1.950.251.000,30/06/2000,ALPA3
97,86.13,538.29,27.01,53.04,80.05,-6.08,365.23,0.19,920.979.000,1.029.272.000,1.950.251.000,31/03/2000,ALPA3
0,1420.0,6620.0,237.26,1140.0,1370.0,-45.16,3960.0,5.79,339.510.689,343.551.533,683.062.222,30/09/2024,ALPA4
1,1280.0,6560.0,222.73,1190.0,1420.0,140.69,3900.0,5.71,339.510.689,343.551.533,683.062.222,30/06/2024,ALPA4
2,1270.0,6480.0,221.89,1350.0,1570.0,303.77,3780.0,5.54,339.510.689,343.551.533,683.062.222,31/03/2024,ALPA4
3,922.53,6330.0,127.44,1360.0,1490.0,563.08,3730.0,5.46,339.510.689,343.551.533,683.062.222,31/12/2023,ALPA4
4,694.18,7900.0,157.55,1370.0,1520.0,828.54,5390.0,7.89,339.510.689,343.551.533,683.062.222,30/09/2023,ALPA4
5,414.29,7770.0,333.62,1020.0,1350.0,936.86,5310.0,7.77,339.510.689,343.551.533,683.062.222,30/06/2023,ALPA4
6,480.86,8130.000000000001,363.62,1020.0,1380.0,901.11,5510.0,8.07,339.510.689,343.551.533,683.062.222,31/03/2023,ALPA4
7,647.52,8500.0,256.18,1020.0,1280.0,627.73,5760.0,8.43,339.510.689,343.551.533,683.062.222,31/12/2022,ALPA4
8,240.98,7910.0,361.35,19.72,381.07,140.08,5860.0,8.58,339.510.689,343.551.533,683.062.222,30/09/2022,ALPA4
9,273.1,7630.0,223.5,1.14,224.64,-48.46,5730.0,8.39,339.510.689,343.551.533,683.062.222,30/06/2022,ALPA4
10,1730.0,8890.0,116.64,1.85,118.49,-1620.0,5410.0,7.91,339.510.689,343.551.533,683.062.222,31/03/2022,ALPA4
11,583.18,8029.999999999999,107.9,2.61,110.5,-472.67,3400.0,5.77,302.010.689,286.051.533,588.062.222,31/12/2021,ALPA4
12,914.68,5340.0,188.13,60.3,248.44,-666.25,3340.0,5.76,302.010.657,277.007.759,579.018.416,30/09/2021,ALPA4
13,867.11,5070.0,174.35,68.0,242.35,-624.76,3170.0,5.47,302.010.657,277.007.759,579.018.416,30/06/2021,ALPA4
14,924.38,4850.0,168.72,75.7,244.42,-679.96,3070.0,5.23,302.010.689,286.051.533,588.062.222,31/03/2021,ALPA4
15,693.0,4810.0,139.99,103.87,243.86,-449.14,2950.0,5.01,302.010.689,286.051.533,588.062.222,31/12/2020,ALPA4
16,693.0,4810.0,139.99,103.87,243.86,-449.14,2950.0,5.01,302.010.689,286.051.533,588.062.222,30/09/2020,ALPA4
17,2440.0,6650.0,2000.0,500.88,2500.0,59.83,2850.0,4.85,302.010.689,286.051.533,588.062.222,30/06/2020,ALPA4
18,1420.0,5250.0,907.39,195.66,1100.0,-312.13,2780.0,4.73,302.010.689,286.051.533,588.062.222,31/03/2020,ALPA4
19,566.26,4520.0,176.93,101.83,278.75,-287.51,2640.0,4.49,302.010.689,286.051.533,588.062.222,31/12/2019,ALPA4
20,390.24,4360.0,224.75,207.99,432.75,42.51,2540.0,4.31,302.010.689,286.051.533,588.062.222,30/09/2019,ALPA4
21,617.91,4320.0,282.98,214.16,497.14,-120.77,2460.0,4.18,302.010.689,286.051.533,588.062.222,30/06/2019,ALPA4
22,466.21,4210.0,360.71,220.33,581.05,114.84,2420.0,4.12,302.010.689,286.051.533,588.062.222,31/03/2019,ALPA4
23,518.78,3980.0,382.26,230.68,612.93,94.15,2380.0,5.06,241.608.551,228.841.226,470.449.777,31/12/2018,ALPA4
24,553.08,3890.0,271.56,328.39,599.95,46.87,2250.0,4.78,241.608.551,228.841.226,470.449.777,30/09/2018,ALPA4
25,579.38,3680.0,282.51,334.92,617.43,38.05,2130.0,4.53,241.608.551,228.841.226,470.449.777,30/06/2018,ALPA4
26,695.84,3770.0,257.29,341.38,598.67,-97.17,2160.0,4.59,241.608.551,228.841.226,470.449.777,31/03/2018,ALPA4
27,629.24,3850.0,408.94,324.7,733.64,104.41,2190.0,4.65,241.609.000,228.841.000,470.450.000,31/12/2017,ALPA4
28,338.51,3640.0,562.89,,562.89,224.38,2180.0,4.63,241.609.000,228.841.000,470.450.000,30/09/2017,ALPA4
29,370.16,3710.0,384.29,187.54,571.84,201.67,2160.0,4.59,241.609.000,228.841.000,470.450.000,30/06/2017,ALPA4
30,449.87,3730.0,215.69,373.19,588.88,139.02,2130.0,4.52,241.609.000,228.841.000,470.450.000,31/03/2017,ALPA4
31,391.35,3780.0,209.91,382.77,592.67,201.33,1980.0,4.20,241.609.000,228.841.000,470.450.000,31/12/2016,ALPA4
32,391.35,3780.0,209.91,382.77,592.67,201.33,1980.0,4.20,241.609.000,228.841.000,470.450.000,30/09/2016,ALPA4
33,482.46,3780.0,341.13,341.3,682.44,199.97,1900.0,4.03,241.609.000,228.841.000,470.450.000,30/06/2016,ALPA4
34,341.33,3680.0,402.88,168.97,571.85,230.53,1900.0,4.05,241.609.000,228.841.000,470.450.000,31/03/2016,ALPA4
35,394.93,3760.0,495.24,177.45,672.69,277.77,1840.0,3.91,241.609.000,228.841.000,470.450.000,31/12/2015,ALPA4
36,359.48,3950.0,338.58,187.64,526.22,166.75,1920.0,4.09,241.609.000,228.841.000,470.450.000,30/09/2015,ALPA4
37,262.08,3660.0,328.18,177.24,505.42,243.34,1960.0,4.16,241.609.000,228.841.000,470.450.000,30/06/2015,ALPA4
38,435.68,3860.0,388.62,184.69,573.31,137.62,1960.0,4.16,241.609.000,228.841.000,470.450.000,31/03/2015,ALPA4
39,316.61,3650.0,295.93,218.07,514.0,197.39,2000.0,4.25,241.609.000,228.841.000,470.450.000,31/12/2014,ALPA4
40,389.34,3230.0,201.96,197.51,399.47,10.13,1900.0,4.05,241.609.000,228.841.000,470.450.000,30/09/2014,ALPA4
41,384.25,3320.0,164.79,236.47,401.26,17.01,1870.0,3.98,241.609.000,228.841.000,470.450.000,30/06/2014,ALPA4
42,277.65,3430.0,244.85,280.51,525.36,247.71,1900.0,4.44,219.644.000,208.038.000,427.682.000,31/03/2014,ALPA4
43,134.68,3360.0,275.31,281.52,556.83,422.15,1830.0,4.29,219.644.000,208.038.000,427.682.000,31/12/2013,ALPA4
44,160.23,3320.0,263.22,258.19,521.41,361.18,1780.0,4.15,219.644.000,208.038.000,427.682.000,30/09/2013,ALPA4
45,194.04,3110.0,222.97,166.58,389.55,195.51,1750.0,4.08,219.644.000,208.038.000,427.682.000,30/06/2013,ALPA4
46,191.22,2980.0,204.63,125.54,330.17,138.95,1710.0,4.41,199.676.000,189.125.000,388.801.000,31/03/2013,ALPA4
47,122.83,2740.0,188.41,110.35,298.75,175.92,1660.0,4.26,199.676.000,189.125.000,388.801.000,31/12/2012,ALPA4
48,527.81,2760.0,185.04,114.26,299.29,-228.52,1620.0,4.16,199.676.000,189.125.000,388.801.000,30/09/2012,ALPA4
49,527.81,2760.0,185.04,114.26,299.29,-228.52,1620.0,4.16,199.676.000,189.125.000,388.801.000,30/06/2012,ALPA4
50,507.31,2520.0,149.96,91.56,241.52,-265.79,1530.0,4.33,181.524.000,171.932.000,353.456.000,31/03/2012,ALPA4
51,510.47,2440.0,180.08,55.86,235.93,-274.53,1480.0,4.18,181.524.000,171.932.000,353.456.000,31/12/2011,ALPA4
52,270.33,2470.0,255.63,61.74,317.37,47.04,1440.0,4.08,181.524.000,171.932.000,353.456.000,30/09/2011,ALPA4
53,284.4,2310.0,222.49,61.76,284.24,,1370.0,3.87,181.524.000,171.932.000,353.456.000,30/06/2011,ALPA4
54,370.61,2330.0,220.83,65.61,286.44,-84.17,1360.0,3.85,181.524.000,171.932.000,353.456.000,31/03/2011,ALPA4
55,482.49,2250.0,226.37,69.59,295.96,-186.53,1310.0,3.71,181.524.000,171.932.000,353.456.000,31/12/2010,ALPA4
56,452.2,2050.0,95.22,71.74,166.96,-285.24,1260.0,3.57,181.524.000,171.932.000,353.456.000,30/09/2010,ALPA4
57,428.23,1960.0,90.47,76.68,167.16,-261.08,1200.0,3.38,181.524.000,171.932.000,353.456.000,30/06/2010,ALPA4
58,405.79,1870.0,94.47,81.38,175.85,-229.94,1140.0,3.22,181.524.000,171.932.000,353.456.000,31/03/2010,ALPA4
59,306.61,1750.0,108.82,130.0,238.83,-67.79,1050.0,59.64,9.076.000,8.597.000,17.673.000,31/12/2009,ALPA4
60,306.61,1750.0,108.82,130.0,238.83,-67.79,1050.0,59.64,9.076.000,8.597.000,17.673.000,30/09/2009,ALPA4
61,267.71,1720.0,221.24,146.55,367.79,100.08,958.18,54.22,9.076.000,8.597.000,17.673.000,30/06/2009,ALPA4
62,194.91,1790.0,230.9,160.84,391.73,196.83,969.92,54.88,9.076.000,8.597.000,17.673.000,31/03/2009,ALPA4
63,177.05,1800.0,182.78,186.49,369.27,192.23,971.19,54.95,9.076.000,8.597.000,17.673.000,31/12/2008,ALPA4
64,154.98,1470.0,92.52,174.63,267.15,112.17,860.05,48.66,9.076.000,8.597.000,17.673.000,30/09/2008,ALPA4
65,88.17,1320.0,64.94,115.18,180.12,91.95,867.11,49.06,9.076.000,8.597.000,17.673.000,30/06/2008,ALPA4
66,74.73,1340.0,59.57,120.91,180.48,105.75,874.91,48.54,9.091.000,8.932.000,18.023.000,31/03/2008,ALPA4
67,120.48,1340.0,52.16,118.34,170.5,50.02,880.43,48.85,9.091.000,8.932.000,18.023.000,31/12/2007,ALPA4
68,306.08,1230.0,23.85,79.51,103.36,-202.72,867.69,48.14,9.091.000,8.932.000,18.023.000,30/09/2007,ALPA4
69,278.93,1190.0,18.61,82.53,101.14,-177.79,842.65,46.75,9.091.000,8.932.000,18.023.000,30/06/2007,ALPA4
70,299.98,1180.0,4.54,85.56,90.1,-209.88,820.85,45.12,9.091.000,9.100.000,18.191.000,31/03/2007,ALPA4
71,256.44,1060.0,5.58,54.14,59.72,-196.72,757.56,41.64,9.091.000,9.100.000,18.191.000,31/12/2006,ALPA4
72,277.65,1050.0,3.98,54.52,58.5,-219.15,742.22,39.73,9.208.000,9.475.000,18.683.000,30/09/2006,ALPA4
73,226.49,1070.0,36.02,49.46,85.48,-141.02,702.26,37.59,9.208.000,9.475.000,18.683.000,30/06/2006,ALPA4
74,260.69,1120.0,47.03,68.08,115.11,-145.58,684.19,36.62,9.208.000,9.475.000,18.683.000,31/03/2006,ALPA4
75,299.51,1140.0,45.01,76.31,121.32,-178.19,655.15,35.07,9.208.000,9.475.000,18.683.000,31/12/2005,ALPA4
76,271.23,1140.0,36.15,87.57,123.72,-147.52,642.11,34.37,9.208.000,9.475.000,18.683.000,30/09/2005,ALPA4
77,218.27,1100.0,58.51,71.25,129.76,-88.51,607.13,31.13,9.210.000,10.293.000,19.503.000,30/06/2005,ALPA4
78,192.37,1080.0,58.65,77.59,136.24,-56.13,593.75,0.30,920.979.000,1.029.272.000,1.950.251.000,31/03/2005,ALPA4
79,189.65,1040.0,64.58,78.02,142.6,-47.05,554.29,0.28,920.979.000,1.029.272.000,1.950.251.000,31/12/2004,ALPA4
80,166.71,1010.0,81.67,64.4,146.08,-20.64,550.95,0.28,920.979.000,1.029.272.000,1.950.251.000,30/09/2004,ALPA4
81,150.58,977.49,88.32,82.62,170.95,20.37,517.67,0.27,920.979.000,1.029.272.000,1.950.251.000,30/06/2004,ALPA4
82,147.44,974.04,88.33,88.45,176.78,29.34,508.19,0.26,920.979.000,1.029.272.000,1.950.251.000,31/03/2004,ALPA4
83,156.15,906.45,84.67,80.07,164.74,8.59,493.28,0.25,920.979.000,1.029.272.000,1.950.251.000,31/12/2003,ALPA4
84,120.69,910.48,62.85,95.48,158.33,37.63,480.68,0.25,920.979.000,1.029.272.000,1.950.251.000,30/09/2003,ALPA4
85,86.05,877.42,82.35,79.18,161.53,75.48,467.55,0.24,920.979.000,1.029.272.000,1.950.251.000,30/06/2003,ALPA4
86,96.16,749.17,22.79,55.11,77.9,-18.26,452.27,0.23,920.979.000,1.029.272.000,1.950.251.000,31/03/2003,ALPA4
87,162.18,893.39,94.19,90.48,184.67,22.49,438.39,0.22,920.979.000,1.029.272.000,1.950.251.000,31/12/2002,ALPA4
88,103.75,731.06,23.27,70.17,93.44,-10.31,440.99,0.23,920.979.000,1.029.272.000,1.950.251.000,30/09/2002,ALPA4
89,61.37,672.8,19.79,47.35,67.14,5.77,435.0,0.22,920.979.000,1.029.272.000,1.950.251.000,30/06/2002,ALPA4
90,67.52,661.48,13.46,47.68,61.14,-6.38,427.25,0.22,920.979.000,1.029.272.000,1.950.251.000,31/03/2002,ALPA4
91,103.3,736.84,68.01,56.44,124.46,21.16,417.89,0.21,920.979.000,1.029.272.000,1.950.251.000,31/12/2001,ALPA4
92,89.96,613.44,23.86,49.69,73.54,-16.41,418.57,0.21,920.979.000,1.029.272.000,1.950.251.000,30/06/2001,ALPA4
93,108.62,621.03,28.11,49.94,78.05,-30.57,412.51,0.21,920.979.000,1.029.272.000,1.950.251.000,31/03/2001,ALPA4
94,134.37,687.79,75.94,59.37,135.31,,401.38,0.21,920.979.000,1.029.272.000,1.950.251.000,31/12/2000,ALPA4
95,76.1,559.9,25.79,47.24,73.02,-3.08,394.45,0.20,920.979.000,1.029.272.000,1.950.251.000,30/09/2000,ALPA4
96,71.26,543.3,24.11,48.17,72.28,1.02,377.38,0.19,920.979.000,1.029.272.000,1.950.251.000,30/06/2000,ALPA4
97,86.13,538.29,27.01,53.04,80.05,-6.08,365.23,0.19,920.979.000,1.029.272.000,1.950.251.000,31/03/2000,ALPA4
0,271.69,2640.0,333.44,1180.0,1520.0,1250.0,356.52,1.64,217.024.025,0,217.024.025,30/09/2024,ALPK3
1,304.4,2660.0,348.08,1200.0,1550.0,1240.0,355.26,1.64,217.024.025,0,217.024.025,30/06/2024,ALPK3
2,135.56,2490.0,274.79,1110.0,1390.0,1250.0,351.78,1.62,217.024.025,0,217.024.025,31/03/2024,ALPK3
3,189.52,2520.0,328.15,1080.0,1410.0,1220.0,367.31,1.69,217.024.025,0,217.024.025,31/12/2023,ALPK3
4,231.15,2570.0,323.13,1120.0,1440.0,1210.0,380.47,1.77,214.426.523,0,214.426.523,30/09/2023,ALPK3
5,296.34,2670.0,364.9,1150.0,1510.0,1220.0,366.52,1.71,214.426.523,0,214.426.523,30/06/2023,ALPK3
6,306.63,2710.0,331.88,1190.0,1520.0,1210.0,382.99,1.79,214.426.523,0,214.426.523,31/03/2023,ALPK3
7,137.41,2560.0,556.46,813.6,1370.0,1230.0,414.75,1.93,214.426.523,0,214.426.523,31/12/2022,ALPK3
8,118.34,2610.0,350.33,1040.0,1390.0,1270.0,459.5,2.14,214.426.523,0,214.426.523,30/09/2022,ALPK3
9,52.9,2570.0,452.31,891.5,1340.0,1290.0,494.6,2.31,214.426.523,0,214.426.523,30/06/2022,ALPK3
10,37.35,2530.0,443.59,879.36,1320.0,1290.0,511.5,2.44,209.231.726,0,209.231.726,31/03/2022,ALPK3
11,96.4,2580.0,415.14,950.52,1370.0,1270.0,555.37,2.65,209.231.726,0,209.231.726,31/12/2021,ALPK3
12,64.83,2600.0,511.16,959.06,1470.0,1410.0,504.59,2.60,193.941.206,0,193.941.206,30/09/2021,ALPK3
13,72.2,2660.0,577.6,926.44,1500.0,1430.0,553.25,2.86,193.771.106,0,193.771.106,30/06/2021,ALPK3
14,105.32,2730.0,526.44,1030.0,1560.0,1450.0,613.95,3.17,193.771.106,0,193.771.106,31/03/2021,ALPK3
15,42.11,2700.0,612.69,867.5,1480.0,1440.0,678.19,3.50,193.771.106,0,193.771.106,31/12/2020,ALPK3
16,316.08,3480.0,476.71,1430.0,1910.0,1590.0,694.44,3.58,193.771.000,0,193.771.000,30/09/2020,ALPK3
17,287.93,3140.0,449.99,1200.0,1650.0,1360.0,766.58,3.96,193.771.000,0,193.771.000,30/06/2020,ALPK3
18,89.4,2400.0,396.96,1190.0,1590.0,1500.0,545.49,3.38,161.335.000,0,161.335.000,31/03/2020,ALPK3
19,120.2,2420.0,344.29,1200.0,1550.0,1430.0,569.14,3.53,161.335.153,0,161.335.153,31/12/2019,ALPK3
0,315.82,3430.0,121.41,430.63,552.04,236.22,1530.0,16.27,93.834.000,0,93.834.000,30/09/2024,ALLD3
1,421.62,3640.0,153.58,447.01,600.59,178.97,1600.0,17.01,93.834.000,0,93.834.000,30/06/2024,ALLD3
2,401.23,3470.0,137.71,462.57,600.27,199.04,1580.0,16.98,93.221.000,0,93.221.000,31/03/2024,ALLD3
3,535.62,3400.0,81.66,462.05,543.71,8.09,1600.0,17.15,93.221.000,0,93.221.000,31/12/2023,ALLD3
4,339.18,3460.0,284.71,306.23,590.94,251.77,1550.0,16.66,93.221.000,0,93.221.000,30/09/2023,ALLD3
5,356.85,3580.0,260.52,328.43,588.95,232.09,1530.0,16.44,93.221.000,0,93.221.000,30/06/2023,ALLD3
6,315.42,3680.0,239.91,408.96,648.87,333.45,1520.0,16.26,93.221.000,0,93.221.000,31/03/2023,ALLD3
7,141.94,3690.0,221.19,408.4,629.58,487.64,1500.0,16.09,93.221.000,0,93.221.000,31/12/2022,ALLD3
8,103.3,3740.0,168.97,466.17,635.14,531.84,1510.0,16.22,93.221.000,0,93.221.000,30/09/2022,ALLD3
9,303.75,4190.0,169.88,465.79,635.67,331.91,1510.0,16.15,93.221.000,0,93.221.000,30/06/2022,ALLD3
10,110.57,3970.0,169.29,230.96,400.25,289.68,1530.0,16.45,93.221.000,0,93.221.000,31/03/2022,ALLD3
11,733.97,4530.0,165.23,230.61,395.84,-338.13,1510.0,16.22,93.221.000,0,93.221.000,31/12/2021,ALLD3
12,461.12,4150.0,115.43,288.59,404.02,-57.1,1520.0,16.35,93.204.000,0,93.204.000,30/09/2021,ALLD3
13,172.25,3950.0,115.78,288.24,404.02,231.77,1470.0,16.07,91.774.000,0,91.774.000,30/06/2021,ALLD3
14,276.57,3750.0,81.69,344.79,426.48,149.91,1150.0,12.70,90.485.000,0,90.485.000,31/03/2021,ALLD3
15,382.31,3720.0,98.94,344.43,443.37,61.05,1130.0,14.06,80.415.000,0,80.415.000,31/12/2020,ALLD3
16,315.04,3630.0,92.19,363.89,456.08,141.04,1070.0,13.42,79.622.000,0,79.622.000,30/09/2020,ALLD3
17,651.53,3310.0,96.68,383.35,480.02,-171.51,978.85,12.29,79.622.000,0,79.622.000,30/06/2020,ALLD3
18,455.22,3060.0,97.78,402.52,500.29,45.07,976.52,12.26,79.622.000,0,79.622.000,31/03/2020,ALLD3
19,292.27,3180.0,78.22,424.03,502.25,209.98,970.12,1.52,636.973.000,0,636.973.000,31/12/2019,ALLD3
