,datas,retorno_sobre_capital_tangivel_inicial,retorno_sobre_capital_investido_inicial,retorno_sobre_capital_tangivel_inicial_pre_impostos,retorno_sobre_capital_investido_inicial_pre_impostos,retorno_sobre_patrimonio_liquido_inicial,retorno_sobre_ativo_inicial,margem_bruta,margem_liquida,margem_ebit,margem_ebitda,giro_do_ativo_inicial,alavancagem_financeira,passivo_patrimonio_liquido,divida_liquida_ebitda,tic
0,30/06/2024,0.3184,0.16510000000000002,0.4824,0.2502,0.16920000000000002,0.10800000000000001,0.5083,0.17850000000000002,0.23879999999999998,0.3153,0.60,1.51,0.51,-0.42,ABEV3
1,31/03/2024,0.313,0.16079999999999997,0.4743,0.24359999999999998,0.17059999999999997,0.10710000000000001,0.5065999999999999,0.1825,0.2347,0.31170000000000003,0.59,1.55,0.55,-0.36,ABEV3
2,31/12/2023,0.36560000000000004,0.17379999999999998,0.5539999999999999,0.2634,0.1769,0.1051,0.5072,0.1819,0.23379999999999998,0.3093,0.58,1.68,0.68,-0.51,ABEV3
3,30/09/2023,0.3126,0.1629,0.4736,0.2469,0.1672,0.10619999999999999,0.503,0.18289999999999998,0.2259,0.2999,0.58,1.53,0.53,-0.55,ABEV3
4,30/06/2023,0.2962,0.1558,0.4489,0.2361,0.1655,0.1045,0.49950000000000006,0.1726,0.215,0.287,0.61,1.57,0.57,-0.34,ABEV3
5,31/03/2023,0.3442,0.1757,0.5216,0.2662,0.1868,0.1157,0.4971,0.18030000000000002,0.22460000000000002,0.2938,0.64,1.59,0.59,-0.35,ABEV3
6,31/12/2022,0.3547,0.1686,0.5375,0.2555,0.17489999999999997,0.1043,0.4929,0.1814,0.22149999999999997,0.2902,0.58,1.68,0.68,-0.48,ABEV3
7,30/09/2022,0.30870000000000003,0.1593,0.4678,0.2414,0.151,0.0969,0.4947,0.16570000000000001,0.2195,0.2872,0.58,1.58,0.58,-0.65,ABEV3
8,30/06/2022,0.31920000000000004,0.1663,0.4836,0.252,0.17170000000000002,0.10880000000000001,0.4991,0.17600000000000002,0.22469999999999998,0.2928,0.62,1.58,0.58,-0.49,ABEV3
9,31/03/2022,0.3154,0.16219999999999998,0.4779,0.2457,0.16399999999999998,0.1009,0.5027,0.18030000000000002,0.2297,0.2991,0.56,1.61,0.61,-0.44,ABEV3
10,31/12/2021,0.3762,0.182,0.57,0.2758,0.17170000000000002,0.1012,0.5105,0.1739,0.2329,0.3031,0.58,1.68,0.68,-0.61,ABEV3
11,30/09/2021,0.4236,0.20149999999999998,0.6418,0.3053,0.2032,0.1247,0.5193,0.2284,0.278,0.35090000000000005,0.55,1.56,0.56,-0.61,ABEV3
12,30/06/2021,0.4086,0.19690000000000002,0.6191,0.2983,0.1971,0.12,0.5259,0.2191,0.2838,0.3588,0.55,1.58,0.58,-0.43,ABEV3
13,31/03/2021,0.3862,0.1838,0.5851,0.2784,0.18350000000000002,0.11359999999999999,0.5295000000000001,0.2069,0.2705,0.35119999999999996,0.55,1.63,0.63,-0.56,ABEV3
14,31/12/2020,0.435,0.2005,0.6591,0.3038,0.1857,0.1118,0.5364,0.1949,0.2729,0.3582,0.57,1.70,0.70,-0.59,ABEV3
15,30/09/2020,0.35479999999999995,0.1664,0.5376,0.2522,0.1322,0.0848,0.5466,0.1561,0.2483,0.33630000000000004,0.54,1.63,0.63,-0.79,ABEV3
16,30/06/2020,0.3674,0.1689,0.5567,0.2559,0.1447,0.09029999999999999,0.5569,0.1714,0.2572,0.3506,0.53,1.64,0.64,-0.58,ABEV3
17,31/03/2020,0.4267,0.1931,0.6465000000000001,0.2925,0.1727,0.1054,0.5774,0.1942,0.2859,0.3743,0.54,1.62,0.62,-0.49,ABEV3
18,31/12/2019,0.5496,0.22399999999999998,0.8327,0.3394,0.2091,0.1252,0.5879,0.22399999999999998,0.30519999999999997,0.3912,0.56,1.66,0.66,-0.43,ABEV3
19,30/09/2019,0.5263,0.2148,0.7974,0.32549999999999996,0.18780000000000002,0.1157,0.5951,0.20980000000000001,0.319,0.3956,0.55,1.56,0.56,-0.52,ABEV3
20,30/06/2019,0.6003000000000001,0.24280000000000002,0.9095,0.3679,0.2181,0.12539999999999998,0.6047,0.21969999999999998,0.3298,0.4065,0.57,1.60,0.60,-0.44,ABEV3
21,31/03/2019,0.5972,0.251,0.9048999999999999,0.3803,0.22899999999999998,0.13570000000000002,0.6111,0.2182,0.33659999999999995,0.4131,0.62,1.64,0.64,-0.37,ABEV3
22,31/12/2018,0.8591,0.29350000000000004,1.3015999999999999,0.4447,0.2396,0.12689999999999999,0.6164000000000001,0.2195,0.3382,0.41479999999999995,0.58,1.67,0.67,-0.43,ABEV3
23,30/09/2018,0.6378,0.2669,0.9664,0.4044,0.2286,0.12990000000000002,0.6302,0.21899999999999997,0.34619999999999995,0.42210000000000003,0.59,1.62,0.62,-0.35,ABEV3
24,30/06/2018,0.6873,0.25980000000000003,1.0414,0.3937,0.16649999999999998,0.09449999999999999,0.6302,0.1605,0.34909999999999997,0.42119999999999996,0.59,1.74,0.74,-0.28,ABEV3
25,31/03/2018,0.6224000000000001,0.24609999999999999,0.943,0.3729,0.16329999999999997,0.0947,0.6277,0.15839999999999999,0.3455,0.41850000000000004,0.60,1.69,0.69,-0.17,ABEV3
26,31/12/2017,0.7195999999999999,0.256,1.0902,0.38789999999999997,0.1636,0.0875,0.6233,0.1531,0.3429,0.4157,0.57,1.89,0.89,-0.39,ABEV3
27,30/09/2017,0.5999,0.2444,0.909,0.3703,0.1873,0.11230000000000001,0.6164999999999999,0.1929,0.3567,0.43060000000000004,0.58,1.76,0.76,-0.25,ABEV3
28,30/06/2017,0.6475,0.2493,0.9811,0.3778,0.2697,0.1558,0.6149,0.2645,0.353,0.42710000000000004,0.59,1.76,0.76,-0.20,ABEV3
29,31/03/2017,0.5967,0.23739999999999997,0.9041,0.35969999999999996,0.2544,0.1493,0.6192,0.2646,0.3578,0.43200000000000005,0.56,1.72,0.72,-0.11,ABEV3
30,31/12/2016,0.9687,0.29460000000000003,1.4677,0.4464,0.2596,0.1391,0.6343,0.2751,0.375,0.44939999999999997,0.51,1.87,0.87,-0.12,ABEV3
31,30/09/2016,0.7890999999999999,0.2837,1.1956,0.42979999999999996,0.2492,0.1366,0.6437999999999999,0.252,0.37450000000000006,0.4451,0.54,1.67,0.67,-0.14,ABEV3
32,30/06/2016,0.8376,0.3132,1.2691,0.4746,0.2697,0.16010000000000002,0.6556000000000001,0.2484,0.39520000000000005,0.4635,0.64,1.73,0.73,-0.09,ABEV3
33,31/03/2016,0.8831,0.3097,1.338,0.4693,0.2793,0.1648,0.6547,0.2605,0.3954,0.46149999999999997,0.63,1.70,0.70,-0.09,ABEV3
34,31/12/2015,1.2004000000000001,0.3529,1.8188,0.5347999999999999,0.2943,0.1722,0.6562,0.2659,0.402,0.4654,0.65,1.87,0.87,-0.46,ABEV3
35,30/09/2015,0.7756000000000001,0.3,1.1752,0.4546,0.30210000000000004,0.1967,0.6577,0.2934,0.4077,0.4714,0.67,1.82,0.82,-0.33,ABEV3
36,30/06/2015,0.8245,0.303,1.2493,0.45909999999999995,0.3105,0.20120000000000002,0.6592,0.30510000000000004,0.4111,0.4742,0.66,1.68,0.68,-0.21,ABEV3
37,31/03/2015,0.9845999999999999,0.321,1.4919,0.4864,0.31679999999999997,0.1948,0.6628000000000001,0.3098,0.4201,0.48100000000000004,0.63,1.69,0.69,-0.22,ABEV3
38,31/12/2014,0.9495,0.3036,1.4386,0.46,0.2816,0.1757,0.6635,0.31679999999999997,0.41609999999999997,0.47619999999999996,0.55,1.71,0.71,-0.39,ABEV3
39,30/09/2014,0.6794,0.2808,1.0295,0.4254,0.3152,0.2043,0.6688,0.3319,0.4267,0.4867,0.62,1.54,0.54,-0.18,ABEV3
40,30/06/2014,0.6898000000000001,0.4158,1.0451000000000001,0.63,0.4378,0.1985,0.67,0.3184,0.4329,0.48969999999999997,0.62,1.54,0.54,-0.20,ABEV3
41,31/03/2014,,,,,,,0.6748000000000001,0.2955,0.43829999999999997,0.4949,NA,1.63,0.63,-0.25,ABEV3
42,31/12/2013,,,,,,,0.6724,0.2741,0.44189999999999996,0.5,NA,1.60,0.60,-0.48,ABEV3
43,30/09/2013,,,,,,,,,,,NA,1.54,0.54,-1.77,ABEV3
44,30/06/2013,,,,,,,,,,,NA,2.21,1.21,-2.59,ABEV3
45,31/03/2013,0.0194,0.0264,0.029300000000000003,0.04,0.0547,0.0397,1.0,6.9018,4.805,4.805,0.01,1.40,0.40,-1.99,ABEV3
46,31/12/2012,,,,,,,0.0,0.0,0.0,0.0,NA,1.38,0.38,-1.53,ABEV3
0,31/03/2024,0.2699,0.5129,0.409,0.7770999999999999,0.1366,-0.1548,0.2152,-0.1437,0.1223,0.253,1.08,-0.93,-1.93,5.53,AZUL4
1,31/12/2023,0.163,0.3094,0.247,0.46880000000000005,0.1252,-0.1272,0.182,-0.1283,0.0895,0.2191,0.99,-0.96,-1.96,5.65,AZUL4
2,30/09/2023,0.2438,0.5582,0.36939999999999995,0.8458,0.060700000000000004,-0.0667,0.21100000000000002,-0.0675,0.1233,0.2556,0.99,-0.92,-1.92,5.44,AZUL4
3,30/06/2023,0.2007,0.4171,0.304,0.632,0.0895,-0.0875,0.19579999999999997,-0.09230000000000001,0.10890000000000001,0.23920000000000002,0.95,-0.87,-1.87,5.14,AZUL4
4,31/03/2023,0.15839999999999999,0.2732,0.2401,0.414,0.2638,-0.23199999999999998,0.1855,-0.2394,0.1014,0.2256,0.97,-0.88,-1.88,5.83,AZUL4
5,31/12/2022,0.1365,0.26940000000000003,0.20679999999999998,0.4082,0.0394,-0.039,0.1747,-0.0453,0.08960000000000001,0.221,0.86,-0.98,-1.98,6.40,AZUL4
6,30/09/2022,0.30210000000000004,-0.0571,0.4578,-0.08650000000000001,0.12369999999999999,-0.1249,0.1925,-0.1459,0.0635,0.19640000000000002,0.86,-0.91,-1.91,7.61,AZUL4
7,30/06/2022,0.2822,-0.0447,0.4276,-0.0677,0.15259999999999999,-0.1382,0.1893,-0.1771,0.0508,0.1873,0.78,-1.02,-2.02,8.32,AZUL4
8,31/03/2022,0.049699999999999994,-0.0087,0.0753,-0.0132,-0.07339999999999999,0.0817,0.17859999999999998,0.1094,0.013300000000000001,0.16519999999999999,0.75,-1.14,-2.14,10.60,AZUL4
9,31/12/2021,0.016399999999999998,-0.0037,0.0248,-0.005600000000000001,0.2978,-0.2668,0.1856,-0.42229999999999995,0.0055000000000000005,0.1603,0.63,-1.01,-2.01,13.65,AZUL4
10,30/09/2021,-0.1366,-0.1892,-0.207,-0.2867,0.2984,-0.29719999999999996,0.09789999999999999,-0.5185,-0.1079,0.0732,0.57,-0.99,-1.99,11.57,AZUL4
11,30/06/2021,-0.12869999999999998,-0.15539999999999998,-0.195,-0.23550000000000001,0.2505,-0.2089,0.0687,-0.5221,-0.1948,0.056100000000000004,0.40,-1.10,-2.10,16.34,AZUL4
12,31/03/2021,-0.1015,-0.11359999999999999,-0.15380000000000002,-0.1721,0.7744,-0.397,-0.0366,-1.5671000000000002,-0.3784,-0.028399999999999998,0.25,-0.90,-1.90,-40.71,AZUL4
13,31/12/2020,-0.0916,0.56,-0.1388,0.8484999999999999,3.0787999999999998,-0.5644,0.049699999999999994,-1.8862,-0.24359999999999998,0.0708,0.30,-1.12,-2.12,10.57,AZUL4
14,30/09/2020,-0.22640000000000002,-1.8888999999999998,-0.3431,-2.862,,-0.6895,-0.31629999999999997,-1.7669,-0.4842,0.0562,0.39,-1.00,-2.00,41.35,AZUL4
15,30/06/2020,-0.1815,-1.034,-0.275,-1.5666,,-0.6853,-0.1523,-1.2812000000000001,-0.289,0.1191,0.53,-1.20,-2.20,15.64,AZUL4
16,31/03/2020,-0.09300000000000001,-0.5477000000000001,-0.1408,-0.8298000000000001,,-0.5179,-0.008100000000000001,-0.7409,-0.1176,0.2043,0.70,-1.95,-2.95,8.42,AZUL4
17,31/12/2019,-0.134,-0.1384,-0.20309999999999997,-0.2097,-0.7595999999999999,-0.20379999999999998,0.0066,-0.21,-0.1045,0.2163,0.97,-5.46,-6.46,0.76,AZUL4
18,30/09/2019,0.1047,0.1104,0.1586,0.1672,0.45520000000000005,0.1173,0.20350000000000001,0.125,0.0904,0.1406,0.94,-28.86,-29.86,1.24,AZUL4
19,30/06/2019,0.0929,0.09630000000000001,0.1408,0.1459,0.6103000000000001,0.1595,0.1985,0.1727,0.0843,0.1325,0.92,-200.57,-201.57,1.37,AZUL4
20,31/03/2019,0.053899999999999997,0.056799999999999996,0.0817,0.086,0.1278,0.0371,0.16829999999999998,0.0406,0.0513,0.09519999999999999,0.91,-35.48,-36.48,2.35,AZUL4
21,31/12/2018,0.059500000000000004,0.062400000000000004,0.0902,0.09449999999999999,0.1483,0.0407,0.1745,0.045899999999999996,0.0574,0.0929,0.89,3.73,2.73,2.98,AZUL4
22,30/09/2018,0.0757,0.0733,0.11470000000000001,0.111,0.2327,0.065,0.1826,0.0661,0.061799999999999994,0.0964,0.98,3.88,2.88,3.35,AZUL4
23,30/06/2018,0.079,0.0758,0.1197,0.1148,0.2942,0.0733,0.1977,0.0799,0.07400000000000001,0.1106,0.92,3.83,2.83,3.20,AZUL4
24,31/03/2018,0.1496,0.1423,0.2267,0.21559999999999999,0.6461,0.0848,0.23629999999999998,0.0842,0.1151,0.15259999999999999,1.01,3.45,2.45,2.14,AZUL4
25,31/12/2017,0.1335,0.1272,0.2023,0.1928,0.528,0.063,0.23190000000000002,0.0679,0.111,0.1495,0.93,3.64,2.64,2.34,AZUL4
26,30/09/2017,0.11259999999999999,0.1073,0.17059999999999997,0.1625,0.2761,0.0329,0.21789999999999998,0.0373,0.0984,0.1418,0.88,3.58,2.58,2.30,AZUL4
27,30/06/2017,0.09970000000000001,0.095,0.15109999999999998,0.14400000000000002,0.0819,0.0098,0.2097,0.0115,0.09029999999999999,0.1341,0.85,4.01,3.01,3.27,AZUL4
28,31/03/2017,0.0837,0.07980000000000001,0.12689999999999999,0.1209,-0.0040999999999999995,-0.0005,0.2059,-0.0006,0.0789,0.12390000000000001,0.82,7.62,6.62,3.85,AZUL4
29,31/12/2016,,,,,,,0.1827,-0.0189,0.0516,0.0968,NA,8.38,7.38,5.40,AZUL4
0,31/03/2024,0.2999,0.1115,0.4545,0.1689,0.1943,0.0872,0.9007999999999999,0.4021,0.5154,0.6272,0.22,2.43,1.43,2.00,B3SA3
1,31/12/2023,0.3319,0.1164,0.5028,0.17629999999999998,0.20379999999999998,0.0868,0.9001,0.4165,0.5291,0.639,0.21,2.44,1.44,1.93,B3SA3
2,30/09/2023,0.4018,0.1255,0.6087,0.1902,0.20670000000000002,0.08650000000000001,0.8998999999999999,0.42219999999999996,0.5412,0.6481,0.20,2.37,1.37,1.30,B3SA3
3,30/06/2023,0.31829999999999997,0.1167,0.48219999999999996,0.1769,0.2022,0.08810000000000001,0.899,0.4168,0.547,0.6511,0.21,2.30,1.30,1.42,B3SA3
4,31/03/2023,0.2828,0.1115,0.4285,0.16899999999999998,0.19329999999999997,0.08310000000000001,0.8993000000000001,0.4203,0.5489999999999999,0.6527,0.20,2.23,1.23,1.49,B3SA3
5,31/12/2022,0.271,0.1081,0.4106,0.1638,0.1886,0.08039999999999999,0.8992,0.418,0.5517,0.6562,0.19,2.35,1.35,1.43,B3SA3
6,30/09/2022,0.2774,0.1131,0.4203,0.17129999999999998,0.191,0.0787,0.8987,0.4325,0.5626,0.6683,0.18,2.39,1.39,1.21,B3SA3
7,30/06/2022,0.3456,0.12359999999999999,0.5236999999999999,0.18719999999999998,0.1966,0.0901,0.8959999999999999,0.4461,0.5745,0.6815000000000001,0.20,2.29,1.29,1.52,B3SA3
8,31/03/2022,0.409,0.1328,0.6198,0.20120000000000002,0.18739999999999998,0.09880000000000001,0.8978,0.4483,0.5911,0.6960999999999999,0.22,2.33,1.33,1.52,B3SA3
9,31/12/2021,0.434,0.13849999999999998,0.6576000000000001,0.20980000000000001,0.1925,0.1018,0.8989,0.4585,0.6144,0.7172,0.22,2.34,1.34,1.58,B3SA3
10,30/09/2021,0.44380000000000003,0.1404,0.6725,0.2127,0.1891,0.1041,0.8995000000000001,0.45439999999999997,0.6255,0.7287,0.23,2.43,1.43,1.34,B3SA3
11,30/06/2021,0.41979999999999995,0.1375,0.636,0.20829999999999999,0.1833,0.106,0.9085,0.4535,0.6319,0.7349,0.23,2.18,1.18,1.05,B3SA3
12,31/03/2021,0.5144,0.1362,0.7794,0.20629999999999998,0.1761,0.1065,0.9037999999999999,0.4464,0.6143,0.7206,0.24,1.90,0.90,0.78,B3SA3
13,31/12/2020,0.4911,0.1264,0.7442,0.19149999999999998,0.1636,0.10369999999999999,0.8987,0.44520000000000004,0.6006,0.7123,0.23,1.89,0.89,0.85,B3SA3
14,30/09/2020,0.3801,0.107,0.5760000000000001,0.16219999999999998,0.1494,0.0925,0.8986,0.4432,0.5825,0.7028,0.21,1.82,0.82,0.93,B3SA3
15,30/06/2020,0.34240000000000004,0.092,0.5188,0.1394,0.1331,0.0839,0.9118999999999999,0.44409999999999994,0.561,0.6955,0.19,1.73,0.73,1.10,B3SA3
16,31/03/2020,0.40049999999999997,0.0872,0.6069,0.1322,0.124,0.0809,0.9059,0.4411,0.5384,0.684,0.18,1.65,0.65,0.90,B3SA3
17,31/12/2019,0.3425,0.073,0.5189,0.1106,0.1084,0.07200000000000001,0.8983,0.4127,0.4915,0.6481,0.17,1.58,0.58,0.91,B3SA3
18,30/09/2019,0.2731,0.0643,0.4138,0.0974,0.10300000000000001,0.0663,0.9801000000000001,0.44530000000000003,0.5153,0.6918000000000001,0.15,1.61,0.61,1.34,B3SA3
19,30/06/2019,0.2548,0.057,0.386,0.0863,0.0933,0.0608,1.0,0.43829999999999997,0.4972,0.6859999999999999,0.14,1.59,0.59,1.44,B3SA3
20,31/03/2019,0.27190000000000003,0.0572,0.4119,0.0866,0.0966,0.0643,1.0,0.46659999999999996,0.5093,0.7005,0.14,1.53,0.53,1.02,B3SA3
21,31/12/2018,0.3097,0.054000000000000006,0.4692,0.0819,0.0859,0.0555,1.0,0.43200000000000005,0.4951,0.6923,0.13,1.50,0.50,1.25,B3SA3
22,30/09/2018,0.256,0.0483,0.38789999999999997,0.0731,0.08259999999999999,0.054400000000000004,1.0,0.4439,0.47869999999999996,0.6862,0.12,1.55,0.55,1.79,B3SA3
23,30/06/2018,0.2452,0.046799999999999994,0.3716,0.0708,0.0783,0.0508,1.0,0.4244,0.4805,0.6895,0.12,1.53,0.53,1.82,B3SA3
24,31/03/2018,0.2047,0.037599999999999995,0.31010000000000004,0.056900000000000006,0.0552,0.028900000000000002,1.0,0.3185,0.4122,0.6336999999999999,0.09,1.50,0.50,2.02,B3SA3
25,31/12/2017,0.0795,0.0405,0.1204,0.0613,0.068,0.0416,1.0,0.3529,0.40399999999999997,0.5988,0.12,1.55,0.55,2.24,B3SA3
26,30/09/2017,0.11359999999999999,0.044500000000000005,0.1721,0.0674,0.09179999999999999,0.0629,1.0,0.5233,0.415,0.5702,0.12,1.52,0.52,2.87,B3SA3
27,30/06/2017,0.0834,0.0329,0.1263,0.049800000000000004,0.08990000000000001,0.0621,1.0,0.6029,0.3619,0.47340000000000004,0.10,1.54,0.54,4.64,B3SA3
28,31/03/2017,0.0834,0.032400000000000005,0.1263,0.0492,0.0742,0.052000000000000005,1.0,0.5865,0.425,0.4677,0.09,1.91,0.91,5.54,B3SA3
29,31/12/2016,0.08349999999999999,0.0355,0.1265,0.0538,0.0788,0.055,1.0,0.6232,0.47159999999999996,0.514,0.09,1.63,0.63,4.31,B3SA3
30,30/09/2016,-0.0584,-0.0192,-0.0885,-0.028999999999999998,0.005600000000000001,0.0036,1.0,0.049400000000000006,-0.24670000000000003,-0.2026,0.07,1.46,0.46,-3.25,B3SA3
31,30/06/2016,0.2028,0.0696,0.3073,0.1054,0.0942,0.0698,1.0,0.8027,0.9751000000000001,1.0188,0.09,1.45,0.45,0.67,B3SA3
32,31/03/2016,0.212,0.0721,0.3212,0.1092,0.1158,0.08539999999999999,1.0,1.0011,1.024,1.0701,0.09,1.43,0.43,0.73,B3SA3
33,31/12/2015,0.23629999999999998,0.0753,0.358,0.11410000000000001,0.11599999999999999,0.0862,1.0,0.9934999999999999,1.0369,1.0869,0.09,1.43,0.43,0.84,B3SA3
34,30/09/2015,0.4192,0.1308,0.6351,0.19820000000000002,0.15,0.11259999999999999,1.0,1.288,1.8043,1.8573,0.09,1.58,0.58,-0.14,B3SA3
35,30/06/2015,0.1681,0.049800000000000004,0.2547,0.0754,0.057300000000000004,0.0437,1.0,0.4962,0.6945999999999999,0.7504000000000001,0.09,1.35,0.35,1.03,B3SA3
36,31/03/2015,0.19440000000000002,0.0499,0.2945,0.0755,0.053099999999999994,0.0385,1.0,0.4851,0.6936,0.7519,0.08,1.36,0.36,1.07,B3SA3
37,31/12/2014,0.1772,0.048499999999999995,0.26839999999999997,0.0736,0.0507,0.0377,1.0,0.48119999999999996,0.7084999999999999,0.7672,0.08,1.35,0.35,0.75,B3SA3
38,30/09/2014,0.15839999999999999,0.0446,0.24,0.0676,0.048,0.0366,1.0,0.469,0.6823999999999999,0.7423000000000001,0.08,1.33,0.33,0.78,B3SA3
39,30/06/2014,0.1423,0.0426,0.2155,0.0646,0.0499,0.0393,1.0,0.4935,0.6774,0.7391,0.08,1.31,0.31,0.81,B3SA3
40,31/03/2014,0.1534,0.0466,0.2324,0.0706,0.054400000000000004,0.0438,1.0,0.5097,0.7018000000000001,0.76,0.09,1.38,0.38,0.05,B3SA3
41,31/12/2013,0.1666,0.0482,0.25239999999999996,0.073,0.0558,0.044800000000000006,1.0,0.5073,0.7064,0.7626000000000001,0.09,1.34,0.34,0.17,B3SA3
42,30/09/2013,0.1656,0.0482,0.2509,0.073,0.057,0.0463,1.0,0.5181,0.705,0.7570999999999999,0.09,1.31,0.31,0.38,B3SA3
43,30/06/2013,0.17420000000000002,0.0487,0.264,0.0737,0.057300000000000004,0.0458,1.0,0.519,0.7093,0.7578,0.09,1.27,0.27,0.74,B3SA3
44,31/03/2013,0.1873,0.048,0.2838,0.0727,0.0558,0.0453,1.0,0.5093,0.7019,0.7494,0.09,1.24,0.24,0.77,B3SA3
45,31/12/2012,0.1815,0.0471,0.2751,0.0713,0.0558,0.0455,1.0,0.5203,0.7027,0.7481,0.09,1.24,0.24,0.80,B3SA3
46,30/09/2012,0.19149999999999998,0.0484,0.2902,0.0733,0.054400000000000004,0.0453,0.9059999999999999,0.46619999999999995,0.6613,0.7023,0.10,1.23,0.23,0.76,B3SA3
47,30/06/2012,0.2016,0.0481,0.3054,0.0729,0.055999999999999994,0.0471,0.9048,0.47909999999999997,0.6554000000000001,0.6954,0.10,1.25,0.25,0.79,B3SA3
48,31/03/2012,0.25239999999999996,0.04769999999999999,0.3825,0.0723,0.0546,0.044000000000000004,0.8998,0.4917,0.6325999999999999,0.6674,0.09,1.23,0.23,0.76,B3SA3
49,31/12/2011,0.175,0.0424,0.2652,0.0643,0.054000000000000006,0.0463,0.9001,0.4953,0.6179,0.6534,0.09,1.23,0.23,0.80,B3SA3
50,30/09/2011,0.3823,0.0479,0.5793,0.0726,0.057,0.049100000000000005,0.8987999999999999,0.5297,0.6096,0.6437,0.09,1.20,0.20,0.74,B3SA3
51,30/06/2011,4.7616000000000005,0.0535,7.2145,0.08109999999999999,0.057699999999999994,0.0525,0.8981,0.5309,0.6069,0.6384000000000001,0.10,1.19,0.19,0.71,B3SA3
52,31/03/2011,-4.4288,0.055,-6.7103,0.0833,0.057999999999999996,0.052300000000000006,0.8986,0.5344,0.6091,0.6411,0.10,1.24,0.24,-0.40,B3SA3
53,31/12/2010,0.6675,0.05,1.0114,0.0758,0.0581,0.054000000000000006,0.8987999999999999,0.5444,0.6157,0.6417,0.10,1.17,0.17,0.70,B3SA3
54,30/09/2010,0.7663,0.049100000000000005,1.161,0.0745,0.056100000000000004,0.051699999999999996,1.0,0.5974,0.6844,,0.09,1.16,0.16,NA,B3SA3
55,30/06/2010,0.5971,0.044800000000000006,0.9047,0.0679,0.054000000000000006,0.0504,1.0,0.6063000000000001,0.6724,,0.08,1.10,0.10,NA,B3SA3
56,31/03/2010,0.8525,0.0426,1.2916999999999998,0.0646,0.0482,0.044199999999999996,1.0,0.5702,0.6627,,0.08,1.11,0.11,NA,B3SA3
57,31/12/2009,0.4147,0.0352,0.6283,0.0533,0.045700000000000005,0.0431,1.0,0.5864,0.6208,,0.07,1.08,0.08,NA,B3SA3
58,30/09/2009,0.3222,0.028399999999999998,0.4882,0.043,0.0408,0.0384,1.0,0.557,0.5305,,0.07,1.08,0.08,NA,B3SA3
59,30/06/2009,0.3432,0.022799999999999997,0.5199,0.0345,0.038,0.035,1.0,0.5114,0.41090000000000004,,0.07,1.07,0.07,NA,B3SA3
60,31/03/2009,0.41369999999999996,0.0275,0.6268,0.0416,0.044500000000000005,0.040999999999999995,1.0,0.4548,0.3762,,0.09,1.09,0.09,NA,B3SA3
61,31/12/2008,,,,,,,1.0,0.40299999999999997,0.3458,,NA,1.06,0.06,NA,B3SA3
62,30/09/2008,,,,,,,,,,,NA,1.06,0.06,NA,B3SA3
63,30/06/2008,,,,,,,,,,,NA,1.08,0.08,NA,B3SA3
0,31/03/2024,,,,,0.1911,0.0149,0.32,0.10710000000000001,,,0.14,13.07,12.07,,BBAS3
1,31/12/2023,,,,,0.18789999999999998,0.0149,0.3056,0.10279999999999999,,,0.14,12.73,11.73,,BBAS3
2,30/09/2023,,,,,0.198,0.014499999999999999,0.2983,0.10310000000000001,,,0.14,13.44,12.44,,BBAS3
3,30/06/2023,,,,,0.19640000000000002,0.0146,0.2922,0.1033,,,0.14,12.77,11.77,,BBAS3
4,31/03/2023,,,,,0.2005,0.0149,0.2873,0.1066,,,0.14,12.80,11.80,,BBAS3
5,31/12/2022,,,,,0.1936,0.014499999999999999,0.2846,0.1058,,,0.14,12.63,11.63,,BBAS3
6,30/09/2022,,,,,,,0.2915,0.115,,,NA,13.69,12.69,,BBAS3
7,30/06/2022,,,,,,,0.3166,0.1142,,,NA,13.48,12.48,,BBAS3
8,31/03/2022,,,,,,,0.3521,0.1104,,,NA,13.47,12.47,,BBAS3
9,31/12/2021,,,,,0.1466,0.0108,0.40149999999999997,0.1234,,,0.09,13.31,12.31,,BBAS3
10,30/09/2021,,,,,0.1552,0.0095,0.3222,0.13949999999999999,,,0.07,14.87,13.87,,BBAS3
11,30/06/2021,,,,,0.15130000000000002,0.0089,0.342,0.1433,,,0.06,14.12,13.12,,BBAS3
12,31/03/2021,,,,,0.1319,0.008100000000000001,0.2412,0.10830000000000001,,,0.07,14.83,13.83,,BBAS3
13,31/12/2020,,,,,0.11,0.008199999999999999,0.4568,0.0977,,,0.08,13.54,12.54,,BBAS3
14,30/09/2020,,,,,0.1588,0.0096,0.11720000000000001,0.09949999999999999,,,0.10,16.41,15.41,,BBAS3
15,30/06/2020,,,,,0.1759,0.0101,0.10369999999999999,0.09939999999999999,,,0.10,16.96,15.96,,BBAS3
16,31/03/2020,,,,,0.18170000000000003,0.0109,0.11939999999999999,0.10460000000000001,,,0.10,16.27,15.27,,BBAS3
17,31/12/2019,,,,,0.1609,0.011699999999999999,0.275,0.1332,,,0.09,13.48,12.48,,BBAS3
18,30/09/2019,,,,,0.1725,0.0104,0.1966,0.10769999999999999,,,0.10,16.60,15.60,,BBAS3
19,30/06/2019,,,,,0.1631,0.009899999999999999,0.2168,0.10279999999999999,,,0.10,17.47,16.47,,BBAS3
20,31/03/2019,,,,,0.1542,0.009399999999999999,0.1815,0.0888,,,0.11,16.71,15.71,,BBAS3
21,31/12/2018,,,,,0.142,0.0102,0.31679999999999997,0.115,,,0.09,13.71,12.71,,BBAS3
22,30/09/2018,,,,,0.1459,0.008199999999999999,0.1586,0.0745,,,0.11,16.59,15.59,,BBAS3
23,30/06/2018,,,,,0.1467,0.0078000000000000005,0.162,0.073,,,0.11,16.53,15.53,,BBAS3
24,31/03/2018,,,,,0.1429,0.0077,0.17079999999999998,0.0706,,,0.11,16.47,15.47,,BBAS3
25,31/12/2017,,,,,0.1231,0.0077,0.2173,0.076,,,0.10,13.90,12.90,,BBAS3
26,30/09/2017,,,,,0.11779999999999999,0.005699999999999999,0.15560000000000002,0.049400000000000006,,,0.11,17.76,16.76,,BBAS3
27,30/06/2017,,,,,0.11289999999999999,0.0053,0.1436,0.043,,,0.12,18.85,17.85,,BBAS3
28,31/03/2017,,,,,0.1096,0.0053,0.16260000000000002,0.043,,,0.12,18.68,17.68,,BBAS3
29,31/12/2016,,,,,0.0851,0.0051,0.19940000000000002,0.0418,,,0.12,16.06,15.06,,BBAS3
30,30/09/2016,,,,,0.1306,0.0063,0.171,0.053200000000000004,,,0.12,20.79,19.79,,BBAS3
31,30/06/2016,,,,,0.1425,0.006999999999999999,0.1153,0.0542,,,0.13,21.38,20.38,,BBAS3
32,31/03/2016,,,,,0.14800000000000002,0.0073,0.0895,0.057300000000000004,,,0.13,20.74,19.74,,BBAS3
33,31/12/2015,,,,,0.172,0.011000000000000001,0.1232,0.0771,,,0.14,16.82,15.82,,BBAS3
34,30/09/2015,,,,,0.1858,0.010700000000000001,0.0723,0.07490000000000001,,,0.14,20.86,19.86,,BBAS3
35,30/06/2015,,,,,0.20670000000000002,0.010700000000000001,0.11900000000000001,0.0825,,,0.13,20.31,19.31,,BBAS3
36,31/03/2015,,,,,0.1989,0.011000000000000001,0.1207,0.08439999999999999,,,0.13,20.19,19.19,,BBAS3
37,31/12/2014,,,,,0.16190000000000002,0.0102,0.23129999999999998,0.086,,,0.12,15.63,14.63,,BBAS3
38,30/09/2014,,,,,0.1787,0.0097,0.1696,0.08070000000000001,,,0.12,17.37,16.37,,BBAS3
39,30/06/2014,,,,,0.1814,0.01,0.1953,0.0873,,,0.11,19.36,18.36,,BBAS3
40,31/03/2014,,,,,0.2587,0.014499999999999999,0.1925,0.1267,,,0.11,18.11,17.11,,BBAS3
41,31/12/2013,,,,,0.1512,0.0092,0.2888,0.0998,,,0.09,15.88,14.88,,BBAS3
42,30/09/2013,,,,,0.2611,0.0165,0.22039999999999998,0.15259999999999999,,,0.11,18.47,17.47,,BBAS3
43,30/06/2013,,,,,0.2708,0.0174,0.2327,0.1589,,,0.11,18.21,17.21,,BBAS3
44,31/03/2013,,,,,0.20629999999999998,0.013500000000000002,0.24480000000000002,0.11800000000000001,,,0.11,17.88,16.88,,BBAS3
45,31/12/2012,,,,,0.17980000000000002,0.0116,0.331,0.1042,,,0.11,16.46,15.46,,BBAS3
46,30/09/2012,,,,,0.20350000000000001,0.013300000000000001,0.24420000000000003,0.10679999999999999,,,0.12,15.82,14.82,,BBAS3
47,30/06/2012,,,,,0.2126,0.0141,0.2223,0.1041,,,0.14,15.53,14.53,,BBAS3
48,31/03/2012,,,,,0.2275,0.0151,0.2353,0.1108,,,0.14,15.28,14.28,,BBAS3
49,31/12/2011,,,,,0.2335,0.0158,0.3455,0.1186,,,0.13,15.46,14.46,,BBAS3
50,30/09/2011,,,,,0.2726,0.0182,0.2519,0.1309,,,0.14,15.27,14.27,,BBAS3
51,30/06/2011,,,,,0.3272,0.018600000000000002,0.2839,0.1384,,,0.13,15.04,14.04,,BBAS3
52,31/03/2011,,,,,0.3258,0.0183,0.2843,0.1394,,,0.13,15.10,14.10,,BBAS3
53,31/12/2010,,,,,0.3127,0.0159,0.4036,0.13269999999999998,,,0.12,14.78,13.78,,BBAS3
54,30/09/2010,,,,,0.3522,0.0173,0.2635,0.1263,,,0.14,16.53,15.53,,BBAS3
55,30/06/2010,,,,,0.3464,0.0187,0.2593,0.1274,,,0.15,19.21,18.21,,BBAS3
56,31/03/2010,,,,,0.35100000000000003,0.0183,0.2452,0.12960000000000002,,,0.14,19.26,18.26,,BBAS3
57,31/12/2009,,,,,0.33899999999999997,0.0195,0.23010000000000003,0.1281,,,0.15,19.62,18.62,,BBAS3
58,30/09/2009,,,,,0.3204,0.0195,0.1725,0.1125,,,0.17,20.37,19.37,,BBAS3
59,30/06/2009,,,,,0.3346,0.0212,0.161,0.113,,,0.19,18.51,17.51,,BBAS3
60,31/03/2009,,,,,0.3196,0.020099999999999996,0.1707,0.1115,,,0.18,19.18,18.18,,BBAS3
61,31/12/2008,,,,,0.3628,0.0246,0.18600000000000003,0.1277,,,0.19,17.41,16.41,,BBAS3
62,30/09/2008,,,,,0.3068,0.0207,0.2619,0.12140000000000001,,,0.17,16.45,15.45,,BBAS3
63,30/06/2008,,,,,0.29469999999999996,0.0197,0.28859999999999997,0.1232,,,0.16,15.79,14.79,,BBAS3
64,31/03/2008,,,,,0.8345,0.042,0.29719999999999996,0.1142,,,0.37,15.94,14.94,,BBAS3
65,31/12/2007,,,,,0.2437,0.0171,0.2991,0.0998,,,0.17,14.75,13.75,,BBAS3
66,30/09/2007,,,,,0.252,0.0181,0.2916,0.1025,,,0.18,14.84,13.84,,BBAS3
67,30/06/2007,,,,,0.2416,0.0169,0.2737,0.0966,,,0.18,14.93,13.93,,BBAS3
68,31/12/2006,,,,,0.35869999999999996,0.0239,0.2348,0.1313,,,0.18,14.28,13.28,,BBAS3
69,30/09/2006,,,,,0.32880000000000004,0.0225,0.212,0.1245,,,0.18,13.94,12.94,,BBAS3
70,30/06/2006,,,,,0.39390000000000003,0.0259,0.2372,0.1377,,,0.19,14.28,13.28,,BBAS3
71,31/03/2006,,,,,0.3704,0.0225,0.2586,0.1298,,,0.17,13.78,12.78,,BBAS3
72,31/12/2005,,,,,0.2945,0.0174,0.2639,0.1014,,,0.17,15.01,14.01,,BBAS3
73,30/09/2005,,,,,0.3041,0.0178,0.3061,0.1039,,,0.17,14.59,13.59,,BBAS3
74,30/06/2005,,,,,0.2785,0.0158,0.2891,0.0934,,,0.17,15.19,14.19,,BBAS3
75,31/03/2005,,,,,0.2659,0.0146,0.2815,0.0885,,,0.16,16.45,15.45,,BBAS3
76,31/12/2004,,,,,0.2484,0.0131,0.2799,0.0809,,,0.16,16.94,15.94,,BBAS3
77,30/09/2004,,,,,0.2473,0.0134,0.2742,0.07769999999999999,,,0.17,17.11,16.11,,BBAS3
78,30/06/2004,,,,,0.2504,0.0132,0.2786,0.0698,,,0.19,17.68,16.68,,BBAS3
79,31/03/2004,,,,,0.2477,0.012,0.2612,0.0654,,,0.18,18.22,17.22,,BBAS3
80,31/12/2003,,,,,0.2589,0.0116,0.25579999999999997,0.060899999999999996,,,0.19,18.91,17.91,,BBAS3
81,30/09/2003,,,,,0.2786,0.011000000000000001,0.2784,0.061,,,0.18,18.41,17.41,,BBAS3
82,30/06/2003,,,,,0.28600000000000003,0.0134,0.20489999999999997,0.053200000000000004,,,0.25,18.93,17.93,,BBAS3
83,31/03/2003,,,,,0.2372,0.0128,0.1938,0.048799999999999996,,,0.26,20.59,19.59,,BBAS3
84,31/12/2002,,,,,0.2318,0.0123,0.196,0.0492,,,0.25,22.25,21.25,,BBAS3
85,30/09/2002,,,,,0.24489999999999998,0.0123,0.17859999999999998,0.0464,,,0.27,25.37,24.37,,BBAS3
86,30/06/2002,,,,,0.2228,0.011200000000000002,0.2036,0.0536,,,0.21,21.28,20.28,,BBAS3
87,31/03/2002,,,,,0.1597,0.0089,0.2528,0.051699999999999996,,,0.17,18.53,17.53,,BBAS3
88,31/12/2001,,,,,0.1358,0.0078000000000000005,0.2101,0.0467,,,0.17,18.88,17.88,,BBAS3
89,31/03/2001,,,,,0.1445,0.0073,0.18489999999999998,0.053200000000000004,,,0.14,17.90,16.90,,BBAS3
90,31/12/2000,,,,,,,0.2398,0.0499,,,NA,17.37,16.37,,BBAS3
91,30/09/2000,,,,,,,,,,,NA,18.02,17.02,,BBAS3
92,30/06/2000,,,,,,,,,,,NA,19.27,18.27,,BBAS3
0,31/03/2024,,,,,0.07980000000000001,0.0070999999999999995,0.2718,0.0526,,,0.13,11.79,10.79,,BBDC3
1,31/12/2023,,,,,0.09,0.0079,0.2708,0.0567,,,0.14,11.59,10.59,,BBDC3
2,30/09/2023,,,,,0.0815,0.0070999999999999995,0.2708,0.052300000000000006,,,0.14,11.40,10.40,,BBDC3
3,30/06/2023,,,,,0.0965,0.0087,0.2754,0.060899999999999996,,,0.14,11.19,10.19,,BBDC3
4,31/03/2023,,,,,0.1193,0.0108,0.29350000000000004,0.0762,,,0.14,11.25,10.25,,BBDC3
5,31/12/2022,,,,,0.1401,0.0125,0.3201,0.09,,,0.14,11.37,10.37,,BBDC3
6,30/09/2022,,,,,,,0.34049999999999997,0.1193,,,NA,11.54,10.54,,BBDC3
7,30/06/2022,,,,,,,0.3791,0.1338,,,NA,11.10,10.10,,BBDC3
8,31/03/2022,,,,,,,0.4299,0.1378,,,NA,11.06,10.06,,BBDC3
9,31/12/2021,,,,,0.1591,0.0144,0.4642,0.153,,,0.09,11.19,10.19,,BBDC3
10,30/09/2021,,,,,0.17629999999999998,0.0172,0.3468,0.2115,,,0.08,9.78,8.78,,BBDC3
11,30/06/2021,,,,,0.1612,0.016399999999999998,0.46299999999999997,0.2007,,,0.08,9.54,8.54,,BBDC3
12,31/03/2021,,,,,0.1491,0.015600000000000001,0.2988,0.1815,,,0.09,9.62,8.62,,BBDC3
13,31/12/2020,,,,,0.11720000000000001,0.0115,0.40409999999999996,0.1284,,,0.09,11.02,10.02,,BBDC3
14,30/09/2020,,,,,0.11539999999999999,0.013999999999999999,0.013500000000000002,0.1574,,,0.09,10.26,9.26,,BBDC3
15,30/06/2020,,,,,0.1318,0.0155,-0.1489,0.1724,,,0.09,9.84,8.84,,BBDC3
16,31/03/2020,,,,,0.159,0.018000000000000002,-0.019799999999999998,0.1867,,,0.10,9.57,8.57,,BBDC3
17,31/12/2019,,,,,0.16920000000000002,0.0161,0.439,0.1405,,,0.11,10.20,9.20,,BBDC3
18,30/09/2019,,,,,0.19690000000000002,0.0209,0.2887,0.19190000000000002,,,0.11,8.27,7.27,,BBDC3
19,30/06/2019,,,,,0.1942,0.021,0.3246,0.1848,,,0.11,8.48,7.48,,BBDC3
20,31/03/2019,,,,,0.1796,0.0197,0.1868,0.18359999999999999,,,0.11,8.82,7.82,,BBDC3
21,31/12/2018,,,,,0.1413,0.013500000000000002,0.4202,0.1216,,,0.11,10.51,9.51,,BBDC3
22,30/09/2018,,,,,0.1613,0.0163,0.1057,0.16899999999999998,,,0.10,9.43,8.43,,BBDC3
23,30/06/2018,,,,,0.1467,0.0148,0.1523,0.142,,,0.10,9.23,8.23,,BBDC3
24,31/03/2018,,,,,0.14400000000000002,0.0139,0.2126,0.1233,,,0.11,9.12,8.12,,BBDC3
25,31/12/2017,,,,,0.1623,0.0143,0.3875,0.10640000000000001,,,0.13,10.43,9.43,,BBDC3
26,30/09/2017,,,,,0.1467,0.0149,0.19079999999999997,0.098,,,0.15,9.87,8.87,,BBDC3
27,30/06/2017,,,,,0.1537,0.0155,0.1442,0.0993,,,0.16,9.95,8.95,,BBDC3
28,31/03/2017,,,,,0.1611,0.015700000000000002,0.2281,0.098,,,0.16,10.35,9.35,,BBDC3
29,31/12/2016,,,,,0.1971,0.0174,0.3922,0.09759999999999999,,,0.18,11.32,10.32,,BBDC3
30,30/09/2016,,,,,0.1837,0.0163,0.3094,0.1117,,,0.15,9.87,8.87,,BBDC3
31,30/06/2016,,,,,0.1923,0.0177,0.1412,0.1226,,,0.14,9.90,8.90,,BBDC3
32,31/03/2016,,,,,0.20329999999999998,0.0175,0.08439999999999999,0.1315,,,0.13,10.23,9.23,,BBDC3
33,31/12/2015,,,,,0.2207,0.0195,0.3261,0.1369,,,0.14,11.31,10.31,,BBDC3
34,30/09/2015,,,,,0.21239999999999998,0.018000000000000002,-0.1557,0.142,,,0.13,11.24,10.24,,BBDC3
35,30/06/2015,,,,,0.21600000000000003,0.018600000000000002,-0.0027,0.1442,,,0.13,10.84,9.84,,BBDC3
36,31/03/2015,,,,,0.2167,0.0176,-0.0217,0.1436,,,0.12,11.62,10.62,,BBDC3
37,31/12/2014,,,,,0.213,0.0183,0.39390000000000003,0.1315,,,0.14,11.32,10.32,,BBDC3
38,30/09/2014,,,,,0.2115,0.0163,0.0796,0.1466,,,0.11,11.78,10.78,,BBDC3
39,30/06/2014,,,,,0.2024,0.015300000000000001,0.1445,0.1421,,,0.11,11.61,10.61,,BBDC3
40,31/03/2014,,,,,0.1805,0.014499999999999999,0.08470000000000001,0.1386,,,0.10,12.33,11.33,,BBDC3
41,31/12/2013,,,,,0.1743,0.0155,0.39390000000000003,0.1344,,,0.12,11.66,10.66,,BBDC3
42,30/09/2013,,,,,0.179,0.0149,0.16219999999999998,0.134,,,0.11,12.98,11.98,,BBDC3
43,30/06/2013,,,,,0.1818,0.0148,0.17579999999999998,0.1353,,,0.11,13.21,12.21,,BBDC3
44,31/03/2013,,,,,0.19820000000000002,0.0152,0.18600000000000003,0.13470000000000001,,,0.11,12.47,11.47,,BBDC3
45,31/12/2012,,,,,0.1909,0.015600000000000001,0.4657,0.113,,,0.14,11.26,10.26,,BBDC3
46,30/09/2012,,,,,0.2087,0.0155,0.161,0.1268,,,0.12,12.02,11.02,,BBDC3
47,30/06/2012,,,,,0.2113,0.0161,0.0802,0.1219,,,0.13,12.32,11.32,,BBDC3
48,31/03/2012,,,,,0.2168,0.0165,0.1207,0.1225,,,0.13,13.07,12.07,,BBDC3
49,31/12/2011,,,,,0.2146,0.0182,0.40869999999999995,0.11789999999999999,,,0.15,12.21,11.21,,BBDC3
50,30/09/2011,,,,,0.24480000000000002,0.0182,0.1207,0.1332,,,0.14,13.48,12.48,,BBDC3
51,30/06/2011,,,,,0.2484,0.019299999999999998,0.2132,0.1388,,,0.14,13.09,12.09,,BBDC3
52,31/03/2011,,,,,0.2465,0.019799999999999998,0.2072,0.142,,,0.14,13.16,12.16,,BBDC3
53,31/12/2010,,,,,0.23809999999999998,0.0196,0.4604,0.1306,,,0.15,11.81,10.81,,BBDC3
54,30/09/2010,,,,,0.237,0.019,0.314,0.1176,,,0.16,13.27,12.27,,BBDC3
55,30/06/2010,,,,,0.228,0.0176,0.3097,0.1144,,,0.15,12.60,11.60,,BBDC3
56,31/03/2010,,,,,0.2377,0.0174,0.2896,0.1137,,,0.15,12.36,11.36,,BBDC3
57,31/12/2009,,,,,0.2339,0.0176,0.2734,0.1075,,,0.16,12.12,11.12,,BBDC3
58,30/09/2009,,,,,0.21760000000000002,0.0176,0.2309,0.09630000000000001,,,0.18,12.49,11.49,,BBDC3
59,30/06/2009,,,,,0.2235,0.0187,0.2026,0.0981,,,0.19,12.94,11.94,,BBDC3
60,31/03/2009,,,,,0.22,0.0204,0.21969999999999998,0.0984,,,0.21,13.66,12.66,,BBDC3
61,31/12/2008,,,,,0.251,0.0223,0.22920000000000001,0.1107,,,0.20,13.26,12.26,,BBDC3
62,30/09/2008,,,,,0.281,0.0258,0.2867,0.134,,,0.19,12.37,11.37,,BBDC3
63,30/06/2008,,,,,0.29469999999999996,0.0279,0.32539999999999997,0.142,,,0.20,11.96,10.96,,BBDC3
64,31/03/2008,,,,,0.32299999999999995,0.0298,0.3367,0.1539,,,0.19,10.80,9.80,,BBDC3
65,31/12/2007,,,,,0.3251,0.0302,0.34409999999999996,0.1528,,,0.20,11.24,10.24,,BBDC3
66,30/09/2007,,,,,0.3454,0.030899999999999997,0.34630000000000005,0.1483,,,0.21,10.87,9.87,,BBDC3
67,30/06/2007,,,,,0.2762,0.0255,0.3418,0.1199,,,0.21,10.56,9.56,,BBDC3
68,31/03/2007,,,,,0.2566,0.0242,0.3272,0.10880000000000001,,,0.22,10.83,9.83,,BBDC3
69,31/12/2006,,,,,0.26039999999999996,0.0242,0.3392,0.1073,,,0.23,10.78,9.78,,BBDC3
70,30/09/2006,,,,,0.2636,0.023799999999999998,0.33140000000000003,0.10289999999999999,,,0.23,11.17,10.17,,BBDC3
71,30/06/2006,,,,,0.3453,0.031,0.34840000000000004,0.133,,,0.23,10.85,9.85,,BBDC3
72,31/03/2006,,,,,0.3531,0.0305,0.371,0.1377,,,0.22,10.62,9.62,,BBDC3
73,31/12/2005,,,,,0.3624,0.0298,0.3599,0.1343,,,0.22,10.75,9.75,,BBDC3
74,30/09/2005,,,,,0.3481,0.028399999999999998,0.3825,0.1382,,,0.21,11.06,10.06,,BBDC3
75,30/06/2005,,,,,0.3246,0.025099999999999997,0.3883,0.1323,,,0.19,11.15,10.15,,BBDC3
76,31/03/2005,,,,,0.26839999999999997,0.0227,0.3494,0.1084,,,0.21,11.57,10.57,,BBDC3
77,31/12/2004,,,,,0.2259,0.0174,0.3494,0.0955,,,0.18,12.15,11.15,,BBDC3
78,30/09/2004,,,,,0.2096,0.0165,0.3454,0.0827,,,0.20,12.24,11.24,,BBDC3
79,30/06/2004,,,,,0.20199999999999999,0.016399999999999998,0.31679999999999997,0.0723,,,0.23,12.91,11.91,,BBDC3
80,31/03/2004,,,,,0.20559999999999998,0.0166,0.32880000000000004,0.0751,,,0.22,11.81,10.81,,BBDC3
81,31/12/2003,,,,,0.2126,0.016200000000000003,0.32189999999999996,0.0719,,,0.22,13.00,12.00,,BBDC3
82,30/09/2003,,,,,0.218,0.0163,0.4282,0.0834,,,0.20,12.68,11.68,,BBDC3
83,30/06/2003,,,,,0.2121,0.0172,0.3455,0.0611,,,0.28,12.34,11.34,,BBDC3
84,31/03/2003,,,,,,,0.3079,0.055,,,NA,12.38,11.38,,BBDC3
85,31/12/2002,,,,,,,0.30579999999999996,0.056799999999999996,,,NA,13.16,12.16,,BBDC3
86,30/09/2002,,,,,0.1288,0.0118,0.23920000000000002,0.0285,,,0.42,13.35,12.35,,BBDC3
87,30/06/2002,,,,,,,0.2609,0.043,,,NA,12.30,11.30,,BBDC3
88,31/03/2002,,,,,0.2489,0.0297,0.21359999999999998,0.1322,,,0.22,8.92,7.92,,BBDC3
89,31/12/2001,,,,,0.2682,0.0337,0.2051,0.13419999999999999,,,0.25,8.54,7.54,,BBDC3
90,30/06/2001,,,,,0.26,0.0296,0.1934,0.1322,,,0.22,8.55,7.55,,BBDC3
91,31/03/2001,,,,,0.2254,0.0262,0.1881,0.1185,,,0.22,8.39,7.39,,BBDC3
92,31/12/2000,,,,,0.2571,0.031,0.19039999999999999,0.152,,,0.20,7.96,6.96,,BBDC3
93,30/09/2000,,,,,0.2396,0.0292,0.1797,0.1576,,,0.19,9.07,8.07,,BBDC3
94,30/06/2000,,,,,0.2364,0.0287,0.16899999999999998,0.1534,,,0.19,8.79,7.79,,BBDC3
95,31/03/2000,,,,,0.2207,0.0203,0.3417,0.0929,,,0.22,11.85,10.85,,BBDC3
0,31/03/2024,,,,,0.07980000000000001,0.0070999999999999995,0.2718,0.0526,,,0.13,11.79,10.79,,BBDC4
1,31/12/2023,,,,,0.09,0.0079,0.2708,0.0567,,,0.14,11.59,10.59,,BBDC4
2,30/09/2023,,,,,0.0815,0.0070999999999999995,0.2708,0.052300000000000006,,,0.14,11.40,10.40,,BBDC4
3,30/06/2023,,,,,0.0965,0.0087,0.2754,0.060899999999999996,,,0.14,11.19,10.19,,BBDC4
4,31/03/2023,,,,,0.1193,0.0108,0.29350000000000004,0.0762,,,0.14,11.25,10.25,,BBDC4
5,31/12/2022,,,,,0.1401,0.0125,0.3201,0.09,,,0.14,11.37,10.37,,BBDC4
6,30/09/2022,,,,,,,0.34049999999999997,0.1193,,,NA,11.54,10.54,,BBDC4
7,30/06/2022,,,,,,,0.3791,0.1338,,,NA,11.10,10.10,,BBDC4
8,31/03/2022,,,,,,,0.4299,0.1378,,,NA,11.06,10.06,,BBDC4
9,31/12/2021,,,,,0.1591,0.0144,0.4642,0.153,,,0.09,11.19,10.19,,BBDC4
10,30/09/2021,,,,,0.17629999999999998,0.0172,0.3468,0.2115,,,0.08,9.78,8.78,,BBDC4
11,30/06/2021,,,,,0.1612,0.016399999999999998,0.46299999999999997,0.2007,,,0.08,9.54,8.54,,BBDC4
12,31/03/2021,,,,,0.1491,0.015600000000000001,0.2988,0.1815,,,0.09,9.62,8.62,,BBDC4
13,31/12/2020,,,,,0.11720000000000001,0.0115,0.40409999999999996,0.1284,,,0.09,11.02,10.02,,BBDC4
14,30/09/2020,,,,,0.11539999999999999,0.013999999999999999,0.013500000000000002,0.1574,,,0.09,10.26,9.26,,BBDC4
15,30/06/2020,,,,,0.1318,0.0155,-0.1489,0.1724,,,0.09,9.84,8.84,,BBDC4
16,31/03/2020,,,,,0.159,0.018000000000000002,-0.019799999999999998,0.1867,,,0.10,9.57,8.57,,BBDC4
17,31/12/2019,,,,,0.16920000000000002,0.0161,0.439,0.1405,,,0.11,10.20,9.20,,BBDC4
18,30/09/2019,,,,,0.19690000000000002,0.0209,0.2887,0.19190000000000002,,,0.11,8.27,7.27,,BBDC4
19,30/06/2019,,,,,0.1942,0.021,0.3246,0.1848,,,0.11,8.48,7.48,,BBDC4
20,31/03/2019,,,,,0.1796,0.0197,0.1868,0.18359999999999999,,,0.11,8.82,7.82,,BBDC4
21,31/12/2018,,,,,0.1413,0.013500000000000002,0.4202,0.1216,,,0.11,10.51,9.51,,BBDC4
22,30/09/2018,,,,,0.1613,0.0163,0.1057,0.16899999999999998,,,0.10,9.43,8.43,,BBDC4
23,30/06/2018,,,,,0.1467,0.0148,0.1523,0.142,,,0.10,9.23,8.23,,BBDC4
24,31/03/2018,,,,,0.14400000000000002,0.0139,0.2126,0.1233,,,0.11,9.12,8.12,,BBDC4
25,31/12/2017,,,,,0.1623,0.0143,0.3875,0.10640000000000001,,,0.13,10.43,9.43,,BBDC4
26,30/09/2017,,,,,0.1467,0.0149,0.19079999999999997,0.098,,,0.15,9.87,8.87,,BBDC4
27,30/06/2017,,,,,0.1537,0.0155,0.1442,0.0993,,,0.16,9.95,8.95,,BBDC4
28,31/03/2017,,,,,0.1611,0.015700000000000002,0.2281,0.098,,,0.16,10.35,9.35,,BBDC4
29,31/12/2016,,,,,0.1971,0.0174,0.3922,0.09759999999999999,,,0.18,11.32,10.32,,BBDC4
30,30/09/2016,,,,,0.1837,0.0163,0.3094,0.1117,,,0.15,9.87,8.87,,BBDC4
31,30/06/2016,,,,,0.1923,0.0177,0.1412,0.1226,,,0.14,9.90,8.90,,BBDC4
32,31/03/2016,,,,,0.20329999999999998,0.0175,0.08439999999999999,0.1315,,,0.13,10.23,9.23,,BBDC4
33,31/12/2015,,,,,0.2207,0.0195,0.3261,0.1369,,,0.14,11.31,10.31,,BBDC4
34,30/09/2015,,,,,0.21239999999999998,0.018000000000000002,-0.1557,0.142,,,0.13,11.24,10.24,,BBDC4
35,30/06/2015,,,,,0.21600000000000003,0.018600000000000002,-0.0027,0.1442,,,0.13,10.84,9.84,,BBDC4
36,31/03/2015,,,,,0.2167,0.0176,-0.0217,0.1436,,,0.12,11.62,10.62,,BBDC4
37,31/12/2014,,,,,0.213,0.0183,0.39390000000000003,0.1315,,,0.14,11.32,10.32,,BBDC4
38,30/09/2014,,,,,0.2115,0.0163,0.0796,0.1466,,,0.11,11.78,10.78,,BBDC4
39,30/06/2014,,,,,0.2024,0.015300000000000001,0.1445,0.1421,,,0.11,11.61,10.61,,BBDC4
40,31/03/2014,,,,,0.1805,0.014499999999999999,0.08470000000000001,0.1386,,,0.10,12.33,11.33,,BBDC4
41,31/12/2013,,,,,0.1743,0.0155,0.39390000000000003,0.1344,,,0.12,11.66,10.66,,BBDC4
42,30/09/2013,,,,,0.179,0.0149,0.16219999999999998,0.134,,,0.11,12.98,11.98,,BBDC4
43,30/06/2013,,,,,0.1818,0.0148,0.17579999999999998,0.1353,,,0.11,13.21,12.21,,BBDC4
44,31/03/2013,,,,,0.19820000000000002,0.0152,0.18600000000000003,0.13470000000000001,,,0.11,12.47,11.47,,BBDC4
45,31/12/2012,,,,,0.1909,0.015600000000000001,0.4657,0.113,,,0.14,11.26,10.26,,BBDC4
46,30/09/2012,,,,,0.2087,0.0155,0.161,0.1268,,,0.12,12.02,11.02,,BBDC4
47,30/06/2012,,,,,0.2113,0.0161,0.0802,0.1219,,,0.13,12.32,11.32,,BBDC4
48,31/03/2012,,,,,0.2168,0.0165,0.1207,0.1225,,,0.13,13.07,12.07,,BBDC4
49,31/12/2011,,,,,0.2146,0.0182,0.40869999999999995,0.11789999999999999,,,0.15,12.21,11.21,,BBDC4
50,30/09/2011,,,,,0.24480000000000002,0.0182,0.1207,0.1332,,,0.14,13.48,12.48,,BBDC4
51,30/06/2011,,,,,0.2484,0.019299999999999998,0.2132,0.1388,,,0.14,13.09,12.09,,BBDC4
52,31/03/2011,,,,,0.2465,0.019799999999999998,0.2072,0.142,,,0.14,13.16,12.16,,BBDC4
53,31/12/2010,,,,,0.23809999999999998,0.0196,0.4604,0.1306,,,0.15,11.81,10.81,,BBDC4
54,30/09/2010,,,,,0.237,0.019,0.314,0.1176,,,0.16,13.27,12.27,,BBDC4
55,30/06/2010,,,,,0.228,0.0176,0.3097,0.1144,,,0.15,12.60,11.60,,BBDC4
56,31/03/2010,,,,,0.2377,0.0174,0.2896,0.1137,,,0.15,12.36,11.36,,BBDC4
57,31/12/2009,,,,,0.2339,0.0176,0.2734,0.1075,,,0.16,12.12,11.12,,BBDC4
58,30/09/2009,,,,,0.21760000000000002,0.0176,0.2309,0.09630000000000001,,,0.18,12.49,11.49,,BBDC4
59,30/06/2009,,,,,0.2235,0.0187,0.2026,0.0981,,,0.19,12.94,11.94,,BBDC4
60,31/03/2009,,,,,0.22,0.0204,0.21969999999999998,0.0984,,,0.21,13.66,12.66,,BBDC4
61,31/12/2008,,,,,0.251,0.0223,0.22920000000000001,0.1107,,,0.20,13.26,12.26,,BBDC4
62,30/09/2008,,,,,0.281,0.0258,0.2867,0.134,,,0.19,12.37,11.37,,BBDC4
63,30/06/2008,,,,,0.29469999999999996,0.0279,0.32539999999999997,0.142,,,0.20,11.96,10.96,,BBDC4
64,31/03/2008,,,,,0.32299999999999995,0.0298,0.3367,0.1539,,,0.19,10.80,9.80,,BBDC4
65,31/12/2007,,,,,0.3251,0.0302,0.34409999999999996,0.1528,,,0.20,11.24,10.24,,BBDC4
66,30/09/2007,,,,,0.3454,0.030899999999999997,0.34630000000000005,0.1483,,,0.21,10.87,9.87,,BBDC4
67,30/06/2007,,,,,0.2762,0.0255,0.3418,0.1199,,,0.21,10.56,9.56,,BBDC4
68,31/03/2007,,,,,0.2566,0.0242,0.3272,0.10880000000000001,,,0.22,10.83,9.83,,BBDC4
69,31/12/2006,,,,,0.26039999999999996,0.0242,0.3392,0.1073,,,0.23,10.78,9.78,,BBDC4
70,30/09/2006,,,,,0.2636,0.023799999999999998,0.33140000000000003,0.10289999999999999,,,0.23,11.17,10.17,,BBDC4
71,30/06/2006,,,,,0.3453,0.031,0.34840000000000004,0.133,,,0.23,10.85,9.85,,BBDC4
72,31/03/2006,,,,,0.3531,0.0305,0.371,0.1377,,,0.22,10.62,9.62,,BBDC4
73,31/12/2005,,,,,0.3624,0.0298,0.3599,0.1343,,,0.22,10.75,9.75,,BBDC4
74,30/09/2005,,,,,0.3481,0.028399999999999998,0.3825,0.1382,,,0.21,11.06,10.06,,BBDC4
75,30/06/2005,,,,,0.3246,0.025099999999999997,0.3883,0.1323,,,0.19,11.15,10.15,,BBDC4
76,31/03/2005,,,,,0.26839999999999997,0.0227,0.3494,0.1084,,,0.21,11.57,10.57,,BBDC4
77,31/12/2004,,,,,0.2259,0.0174,0.3494,0.0955,,,0.18,12.15,11.15,,BBDC4
78,30/09/2004,,,,,0.2096,0.0165,0.3454,0.0827,,,0.20,12.24,11.24,,BBDC4
79,30/06/2004,,,,,0.20199999999999999,0.016399999999999998,0.31679999999999997,0.0723,,,0.23,12.91,11.91,,BBDC4
80,31/03/2004,,,,,0.20559999999999998,0.0166,0.32880000000000004,0.0751,,,0.22,11.81,10.81,,BBDC4
81,31/12/2003,,,,,0.2126,0.016200000000000003,0.32189999999999996,0.0719,,,0.22,13.00,12.00,,BBDC4
82,30/09/2003,,,,,0.218,0.0163,0.4282,0.0834,,,0.20,12.68,11.68,,BBDC4
83,30/06/2003,,,,,0.2121,0.0172,0.3455,0.0611,,,0.28,12.34,11.34,,BBDC4
84,31/03/2003,,,,,,,0.3079,0.055,,,NA,12.38,11.38,,BBDC4
85,31/12/2002,,,,,,,0.30579999999999996,0.056799999999999996,,,NA,13.16,12.16,,BBDC4
86,30/09/2002,,,,,0.1288,0.0118,0.23920000000000002,0.0285,,,0.42,13.35,12.35,,BBDC4
87,30/06/2002,,,,,,,0.2609,0.043,,,NA,12.30,11.30,,BBDC4
88,31/03/2002,,,,,0.2489,0.0297,0.21359999999999998,0.1322,,,0.22,8.92,7.92,,BBDC4
89,31/12/2001,,,,,0.2682,0.0337,0.2051,0.13419999999999999,,,0.25,8.54,7.54,,BBDC4
90,30/06/2001,,,,,0.26,0.0296,0.1934,0.1322,,,0.22,8.55,7.55,,BBDC4
91,31/03/2001,,,,,0.2254,0.0262,0.1881,0.1185,,,0.22,8.39,7.39,,BBDC4
92,31/12/2000,,,,,0.2571,0.031,0.19039999999999999,0.152,,,0.20,7.96,6.96,,BBDC4
93,30/09/2000,,,,,0.2396,0.0292,0.1797,0.1576,,,0.19,9.07,8.07,,BBDC4
94,30/06/2000,,,,,0.2364,0.0287,0.16899999999999998,0.1534,,,0.19,8.79,7.79,,BBDC4
95,31/03/2000,,,,,0.2207,0.0203,0.3417,0.0929,,,0.22,11.85,10.85,,BBDC4
0,31/03/2024,,,,,0.677,0.44530000000000003,0.0,0.0,,,0.00,1.78,0.49,,BBSE3
1,31/12/2023,,,,,0.8096,0.48950000000000005,0.0,0.0,,,0.00,2.41,0.86,,BBSE3
2,30/09/2023,,,,,0.7,0.4396,0.0,0.0,,,0.00,1.72,0.52,,BBSE3
3,30/06/2023,,,,,0.789,0.4901,0.0,0.0,,,0.00,2.19,0.90,,BBSE3
4,31/03/2023,,,,,0.6637000000000001,0.41340000000000005,0.0,0.0,,,0.00,1.70,0.43,,BBSE3
5,31/12/2022,,,,,0.7957,0.4339,0.0,0.0,,,0.00,2.22,1.12,,BBSE3
6,30/09/2022,,,,,0.5776,0.39880000000000004,0.0,0.0,,,0.00,1.79,0.47,,BBSE3
7,30/06/2022,,,,,0.6162,0.39490000000000003,0.0,0.0,,,0.00,1.99,0.76,,BBSE3
8,31/03/2022,,,,,0.48969999999999997,0.3106,0.0,0.0,,,0.00,1.69,0.44,,BBSE3
9,31/12/2021,,,,,0.5402,0.3396,0.0,0.0,,,0.00,2.08,0.83,,BBSE3
10,30/09/2021,,,,,0.4656,0.31829999999999997,0.0,0.0,,,0.00,1.82,0.49,,BBSE3
11,30/06/2021,,,,,0.5426,0.36210000000000003,0.0,0.0,,,0.00,2.13,0.65,,BBSE3
12,31/03/2021,,,,,0.5506,0.3619,0.0,0.0,,,0.00,1.70,0.44,,BBSE3
13,31/12/2020,,,,,0.6027,0.3993,0.0,0.0,,,0.00,2.08,0.71,,BBSE3
14,30/09/2020,,,,,0.6448,0.4102,0.0,0.0,,,0.00,0.91,0.52,,BBSE3
15,30/06/2020,,,,,1.1975,0.5495,0.0,0.0,,,0.00,1.40,0.87,,BBSE3
16,31/03/2020,,,,,1.0708,0.43729999999999997,0.0,0.0,,,0.00,1.50,0.91,,BBSE3
17,31/12/2019,,,,,1.2686,0.44409999999999994,0.0,0.0,,,0.00,2.19,1.84,,BBSE3
18,30/09/2019,,,,,0.5876,0.5305,0.0,0.0,,,0.00,1.48,0.42,,BBSE3
19,30/06/2019,,,,,0.5173,0.36060000000000003,0.0,0.0,,,0.00,1.26,0.64,,BBSE3
20,31/03/2019,,,,,0.4706,0.268,0.0,0.0,,,0.00,1.04,0.31,,BBSE3
21,31/12/2018,,,,,0.5182,0.2756,0.0,0.0,,,0.00,1.54,1.00,,BBSE3
22,30/09/2018,,,,,0.36810000000000004,0.281,0.0,0.0,,,0.00,1.30,0.27,,BBSE3
23,30/06/2018,,,,,0.43700000000000006,0.33759999999999996,0.0,0.0,,,0.00,1.53,0.43,,BBSE3
24,31/03/2018,,,,,0.4025,0.2957,0.0,0.0,,,0.00,1.29,0.22,,BBSE3
25,31/12/2017,,,,,0.455,0.32280000000000003,0.0,0.0,,,0.00,1.61,0.50,,BBSE3
26,30/09/2017,,,,,0.4169,0.3286,0.0,0.0,,,0.00,1.40,0.27,,BBSE3
27,30/06/2017,,,,,0.45130000000000003,0.34340000000000004,0.0,0.0,,,0.00,1.57,0.45,,BBSE3
28,31/03/2017,,,,,0.4359,0.32280000000000003,0.0,0.0,,,0.00,1.34,0.23,,BBSE3
29,31/12/2016,,,,,0.4842,0.34729999999999994,0.0,0.0,,,0.00,1.65,0.51,,BBSE3
30,30/09/2016,,,,,0.45049999999999996,0.33649999999999997,0.0,0.0,,,0.00,1.40,0.29,,BBSE3
31,30/06/2016,,,,,0.5118,0.38299999999999995,0.0,0.0,,,0.00,1.66,0.51,,BBSE3
32,31/03/2016,,,,,0.49450000000000005,0.3667,0.0,0.0,,,0.00,1.38,0.25,,BBSE3
33,31/12/2015,,,,,0.555,0.40380000000000005,0.0,0.0,,,0.00,1.45,0.52,,BBSE3
34,30/09/2015,,,,,0.5255,0.39020000000000005,0.0,0.0,,,0.00,1.44,0.26,,BBSE3
35,30/06/2015,,,,,0.5697,0.4242,0.0,0.0,,,0.00,1.53,0.53,,BBSE3
36,31/03/2015,,,,,0.4842,0.3619,0.0,0.0,,,0.00,1.44,0.25,,BBSE3
37,31/12/2014,,,,,0.4362,0.3849,0.0,0.0,,,0.00,1.50,0.31,,BBSE3
38,30/09/2014,,,,,0.444,0.3442,0.0,0.0,,,0.00,1.41,0.24,,BBSE3
39,30/06/2014,,,,,0.405,0.3556,0.0,0.0,,,0.00,1.40,0.29,,BBSE3
40,31/03/2014,,,,,0.3914,0.3017,0.0,0.0,,,0.00,1.35,0.22,,BBSE3
41,31/12/2013,,,,,0.3564,0.3161,0.0,0.0,,,0.00,1.56,0.27,,BBSE3
42,30/09/2013,,,,,0.2457,0.188,0.0,0.0,,,0.00,1.39,0.22,,BBSE3
43,30/06/2013,,,,,0.1534,0.135,0.0,0.0,,,0.00,1.48,0.25,,BBSE3
44,31/03/2013,,,,,0.0771,0.0647,0.0,0.0,,,0.00,1.34,0.24,,BBSE3
45,31/12/2012,,,,,0.0,,0.0,0.0,,,NA,NA,0.29,,BBSE3
